Year,Dpm,Biomass
2024,19,3015
2024,18.9,3002
2024,11.6,2090
2024,11.3,2052
2024,18.7,2977
2024,18.5,2952
2024,19.2,3040
2024,19.5,3077
2024,19.3,3052
2024,18.3,2927
2024,18.9,3002
2024,19.6,3090
2024,9.1,1777
2024,9,1765
2024,9.1,1777
2024,8.1,1715
2024,14.2,2415
2024,20,3140
2024,19.7,3102
2024,19.6,3090
2024,10.4,1940
2024,11.4,2065
2024,11.5,2077
2024,12.2,2165
2024,44.6,6215
2024,39.6,5590
2024,38.2,5415
2024,32.5,4702
2024,18.2,2915
2024,20.2,3165
2024,26.8,3990
2024,29.9,4277
2024,18,2940
2024,19.9,3090
2024,19.9,3127
2024,21,3265
2024,21.1,3277
2024,21.1,3277
2024,20.4,3190
2024,20.2,3165
2024,23.7,3577
2024,23,3515
2024,22.4,3440
2024,21.7,3352
2024,0,0
2024,28.9,4252
2024,30.7,4477
2024,31.7,4602
2024,30.9,4502
2024,16.3,2677
2024,18.7,2977
2024,18.1,2902
2024,19.9,3170
2024,27.1,4027
2024,27.8,4115
2024,28.6,4215
2024,30,4390
2024,17.4,2815
2024,12.9,2252
2024,16.6,2715
2024,18.5,2952
2024,21.7,3352
2024,20.8,3240
2024,13.5,3077
2024,13.3,3052
2024,17.6,2840
2024,17.4,2790
2024,15.4,2765
2024,17.2,2760
2024,30.6,4465
2024,29.7,4352
2024,29.4,4315
2024,28.4,4190
2024,28.1,4152
2024,26.8,3990
2024,26.2,3915
2024,25.1,3777
2024,21.7,3352
2024,18.7,2977
2024,15.9,2627
2024,17.6,2840
2024,23.3,3552
2024,18.9,3002
2024,21.1,3277
2024,22.4,3440
2024,29.3,4302
2024,32.5,4702
2024,32.4,4690
2024,31.1,4527
2024,14.6,2465
2024,14.2,2416
2024,15.3,2552
2024,16.7,2727
2024,20.2,3165
2024,22.4,3440
2024,23.3,3552
2024,21.5,3327
2024,17.6,2840
2024,18.6,2965
2024,17.2,2790
2024,19.4,3065
2024,41.4,5815
2024,41.4,5815
2024,33.5,4827
2024,25.5,3827
2024,23.3,3427
2024,18.8,2990
2024,23.7,3602
2024,27.4,4052
2024,14.1,2402
2024,20.5,3202
2024,15.5,2577
2024,13.9,2377
2024,11.8,2115
2024,17.9,2877
2024,23.4,3565
2024,22.1,3402
2024,38,5390
2024,29.8,4365
2024,22,3390
2024,23.9,3627
2024,11.8,2115
2024,17.1,2777
2024,15.3,2677
2024,15.7,2602
2024,15.4,2565
2024,16.8,2740
2024,16.7,2727
2024,16.7,2727
2024,21.9,3377
2024,21.8,3365
2024,20.9,3252
2024,18.4,2940
2024,17.6,2840
2024,15.9,2627
2024,15.3,2552
2024,15.4,2565
2024,31.7,5602
2024,31.7,5602
2024,28.7,4227
2024,25.3,3802
2024,3.6,1340
2024,11.2,2040
2024,12.5,2202
2024,12.7,2227
2024,51.3,7052
2024,36,5140
2024,43.7,6102
2024,46.1,6402
2024,5.9,1377
2024,8.7,1727
2024,12.6,2215
2024,12.7,2227
2024,11.8,2115
2024,15.7,2602
2024,18.6,2965
2024,20.6,3215
2024,10.7,1977
2024,16.9,2752
2024,13.6,2340
2024,13.5,2327
2024,31.8,4615
2024,29,4265
2024,26.4,3940
2024,25.9,3877
2024,26.8,3990
2024,19.2,3040
2024,17.8,2865
2024,16.9,2752
2024,6.8,1490
2024,11.5,2077
2024,17.8,2865
2024,14.2,2415
2024,31.7,4527
2024,19.9,3127
2024,18.7,2977
2024,18.5,2952
2024,14.9,2502
2024,17.3,2802
2024,19.4,2690
2024,16.1,2652
2024,8.5,1702
2024,9.7,1852
2024,11.6,2090
2024,10.6,1965
2024,6,1390
2024,10.9,2002
2024,11.4,2065
2024,13.2,2402
2024,42.7,5977
2024,41.3,5802
2024,37.6,5340
2024,36.9,5252
2024,6.4,1440
2024,18,2890
2024,21,3265
2024,23.8,3615
2024,22.4,3440
2024,22.6,3465
2024,25,3765
2024,21,3265
2024,20.5,3202
2024,20.4,3190
2024,20.5,3204
2024,22.5,3452
2024,22.5,3452
2024,22.5,3452
2024,22.5,3452
2024,24.1,3652
2024,32,4640
2024,34.3,4927
2024,32.5,4702
2024,35.6,5090
2024,27.9,4127
2024,33.3,4802
2024,37,5255
2024,20.5,3202
2024,21.7,3352
2024,22,3390
2024,21.4,3315
2024,18.7,2977
2024,19.2,3040
2024,18.9,3002
2024,18.5,2952
2024,20.5,3165
2024,20.7,3227
2024,20.5,3202
2024,21.4,3315
2024,36.4,5190
2024,36.6,5215
2024,32.1,4652
2024,30.6,4465
2024,23,3515
2024,23.1,3527
2024,21.7,3352
2024,21.1,3277
2024,20.2,3165
2024,20.1,3152
2024,20.1,3152
2024,20.4,3190
2024,20.2,3165
2024,20.3,3177
2024,20.6,3215
2024,20,3140
2024,12.7,2227
2024,17.2,2790
2024,16.1,2652
2024,17.3,2802
2024,3.7,1102
2024,9.5,1827
2024,13,2265
2024,11.4,2065
2024,19.6,3090
2024,20,3140
2024,20.1,3152
2024,20.1,3152
2024,12.1,2152
2024,13.8,2365
2024,13.7,2352
2024,14.2,2415
2024,25.6,3840
2024,20.8,3240
2024,22.3,3427
2024,22.7,3471
2024,28.2,4165
2024,28.8,4240
2024,31.2,4540
2024,28.8,4240
2024,21,3265
2024,17.1,2777
2024,21.7,3352
2024,23,3515
2024,17.1,2777
2024,14.7,2477
2024,21.1,3277
2024,21.4,3315
2024,22.6,3465
2024,16.8,2740
2024,14.9,2502
2024,13.6,2340
2024,10.6,1965
2024,14.8,2490
2024,17,2765
2024,19.8,3115
2024,10.8,1990
2024,9.2,1790
2024,11.4,2065
2024,10.3,1927
2024,17.7,2852
2024,17.5,2827
2024,17.4,2815
2024,16.4,2690
2024,15.1,2527
2024,17.3,2802
2024,20.1,3152
2024,22.7,3477
2024,29.8,4365
2024,26.7,3977
2024,22.3,3427
2024,22.3,3427
2024,36.3,5177
2024,34.5,4952
2024,34.2,4915
2024,34.5,5077
2024,20.4,3190
2024,17.1,2777
2024,19.3,3052
2024,18.6,2965
2024,17.1,2777
2024,17,2765
2024,20.2,3165
2024,22.5,3452
2024,8.7,1727
2024,11.6,2090
2024,11.3,2052
2024,10.3,1927
2024,13.2,2290
2024,17.8,2865
2024,18.3,2927
2024,17.6,2840
2024,19.1,3027
2024,16,2640
2024,17.5,2827
2024,18.1,2902
2024,20.8,3240
2024,18.1,2902
2024,23.3,3552
2024,24.5,3752
2024,35.3,5052
2024,24.2,3665
2024,19,3015
2024,23.6,3590
2024,18.8,2990
2024,15.6,2590
2024,18.3,2927
2024,18.6,2965
2024,1.8,865
2024,2.9,1002
2024,2.9,1002
2024,2.7,977
2024,0,0
2024,6.8,1490
2024,6.6,1465
2024,5.5,1327
2024,5,1265
2024,2.6,965
2024,2.6,965
2024,2.6,965
2024,2.6,965
2024,17.3,2802
2024,12.7,3227
2024,12.8,2240
2024,12.3,2177
2024,7.5,1577
2024,5.8,1365
2024,5.8,1365
2024,6.6,1465
2024,8,1640
2024,11.5,2077
2024,17.2,2790
2024,15.6,2590
2024,6.2,1415
2024,5.8,1365
2024,5.6,1340
2024,5.8,1365
2024,6.9,1502
2024,7,1515
2024,6.6,1465
2024,6.5,1452
2024,3.2,1040
2024,8.9,1752
2024,8.4,1690
2024,8.5,1702
2024,11.7,2102
2024,9,1765
2024,11.4,2065
2024,10.9,2002
2024,6.6,1465
2024,5.6,1340
2024,5.6,1340
2024,6.1,1402
2024,2.2,9.6
2024,2.3,927
2024,2.1,1027
2024,3.3,1062
2024,0,0
2024,2.3,927
2024,2.3,927
2024,2.3,927
2024,2.3,927
2024,3,1015
2024,3,1015
2024,3,1015
2024,3,1015
2024,9.9,1877
2024,10.5,1952
2024,11.1,2027
2024,11.6,2090
2024,10,1940
2024,13.2,2352
2024,11.8,2115
2024,12.4,2190
2024,7.2,1540
2024,7.5,1577
2024,7.5,1577
2024,5.4,1693
2024,4.6,1215
2024,4.1,1152
2024,3.8,1115
2024,3.8,1115
2024,3.2,1040
2024,3.3,1052
2024,3,1015
2024,3,1015
2024,18.5,2952
2024,17.5,2827
2024,19.2,2415
2024,15,2515
2024,8,1640
2024,6.4,1440
2024,9.8,1865
2024,10.3,1927
2024,3.4,1065
2024,5.5,1327
2024,6.1,1402
2024,6.6,1465
2024,11.7,3102
2024,6.5,1452
2024,8.6,1715
2024,8.7,1127
2024,5,1265
2024,5.1,1277
2024,5.1,1277
2024,5.7,1352
2024,14.1,2402
2024,9.2,1790
2024,9.2,1790
2024,9.2,1790
2024,7.5,1577
2024,9.6,1840
2024,11.4,2065
2024,8.9,1752
2024,20.4,3190
2024,15.5,2577
2024,13.4,2315
2024,13.2,2290
2024,8.5,1702
2024,8.5,1702
2024,6.6,1465
2024,6.5,1462
2024,9.1,1777
2024,6.6,1465
2024,5.2,1290
2024,5.2,1290
2024,7.2,1540
2024,6.8,1490
2024,6.8,1490
2024,20.5,3202
2024,11.9,2127
2024,17.2,2790
2024,13.9,2377
2024,12.9,2252
2024,7.5,1577
2024,6,1390
2024,5.9,1377
2024,7.7,1602
2024,2.4,940
2024,2.4,940
2024,5.9,1377
2024,4.9,1252
2024,7.1,1527
2024,6.6,1840
2024,7.3,1652
2024,8.4,1590
2024,17.8,2865
2024,16.8,2816
2024,17.4,2902
2024,18.8,2990
2024,14.8,2490
2024,16.1,2652
2024,16.9,2752
2024,16.8,2740
2024,21.3,3302
2024,18.3,2615
2024,11.9,2127
2024,12.8,2240
2024,20.4,3190
2024,17.1,2777
2024,17.9,2877
2024,16.2,2665
2024,33.5,4827
2024,33.6,3590
2024,26.4,3940
2024,24.4,3690
2024,14.9,2502
2024,14.5,2452
2024,14.5,2452
2024,14.6,2465
2024,8.3,1677
2024,7.3,1552
2024,6,1390
2024,6,1390
2024,3.7,1102
2024,3.6,1090
2024,3.8,1115
2024,3.8,1115
2024,5,1265
2024,4.8,1240
2024,8.1,1652
2024,8.7,1727
2024,13.1,2277
2024,14.4,2290
2024,11.9,2127
2024,11.5,2077
2024,30.2,4415
2024,21.3,3302
2024,21.3,3302
2024,20.4,3190
2024,6.1,1402
2024,6.1,1402
2024,6.1,1402
2024,6.1,1402
2024,5.5,1327
2024,5.9,1377
2024,5.6,1340
2024,4.8,1240
2024,5.8,1365
2024,8.5,1702
2024,8.7,1727
2024,8.3,1677
2024,16.5,2715
2024,16.4,2690
2024,15.6,2590
2024,15.7,2602
2024,17.5,2765
2024,16.3,2677
2024,15.7,2602
2024,15.6,2590
2024,7.5,1565
2024,5.5,2165
2024,10.6,1965
2024,9.5,1827
2024,11.7,2102
2024,11,2015
2024,10.7,1977
2024,9.7,1852
2024,0,0
2024,7.8,1615
2024,7.5,1577
2024,7.5,1577
2024,9.1,1777
2024,1.9,582
2024,4.4,1190
2024,4.8,1240
2024,4.1,1152
2024,10,1890
2024,4.3,1177
2024,7.7,1602
2024,7.7,1602
2024,8.3,1677
2024,7.6,1590
2024,6.7,1477
2024,7.3,1552
2024,0,0
2024,12.5,2202
2024,11.2,2102
2024,11,2015
2024,10,1990
2024,2.5,1452
2024,5.2,1290
2024,6.3,1427
2024,5.9,1377
2024,2.6,965
2024,2.6,965
2024,2.6,965
2024,5.1,1277
2024,2.4,940
2024,2,890
2024,5.1,1277
2024,4.2,1252
2024,11.9,2090
2024,11.1,2027
2024,10.7,1977
2024,10.2,1916
2024,7,1515
2024,7.5,1577
2024,7.7,1602
2024,7.8,1615
2024,3.8,1115
2024,4.4,1190
2024,4.2,1165
2024,4.6,1215
2024,8.2,1665
2024,8.2,1665
2024,6.7,1477
2024,6,1390
2024,9.5,1765
2024,8.8,1740
2024,8.6,1715
2024,8.4,1690
2024,5.6,1340
2024,7,1515
2024,6.8,1490
2024,6.4,1440
2024,10.5,1952
2024,8.1,1652
2024,8.1,1652
2024,7.8,1615
2024,11.5,2104
2024,11.5,2104
2024,13.8,2365
2024,14.9,2502
2024,11.9,2127
2024,18.5,2952
2024,17.7,2777
2024,18.4,2940
2024,4.6,1215
2024,3.2,1040
2024,3.6,1090
2024,4,1140
2024,11.7,2102
2024,12.9,2252
2024,13,2265
2024,14.1,2402
2024,11.4,2040
2024,10,1890
2024,10.6,1965
2024,10.1,1902
2024,23,3515
2024,28.2,4252
2024,29.2,4352
2024,29,4265
2024,6.2,1415
2024,6.2,1415
2024,6.2,1415
2024,6,1390
2024,6.8,1490
2024,6.6,1465
2024,4.9,1252
2024,5.3,1302
2024,7.5,1565
2024,7.4,1565
2024,8.9,1752
2024,9.8,1865
2024,17.2,2765
2024,16.6,2715
2024,16.7,2727
2024,16,2640
2024,10,1390
2024,9.3,1802
2024,10.9,2002
2024,10.7,1977
2024,16,2640
2024,15.2,2540
2024,13.4,2815
2024,17.2,2790
2024,9.5,18.5
2024,13.8,2365
2024,14.5,2452
2024,17.8,2865
2024,13.3,2315
2024,13.9,2377
2024,17.1,2777
2024,17.3,2802
2024,7.7,1602
2024,7.6,1590
2024,7.8,1615
2024,7.8,1615
2024,4.5,1202
2024,4.2,1165
2024,4.6,1215
2024,4.9,1252
2024,2.9,1002
2024,2.7,977
2024,2.7,977
2024,2.7,977
2024,6.5,1452
2024,6.4,1440
2024,7.5,1577
2024,7.9,1627
2024,8.2,1652
2024,7.7,1602
2024,7.3,1552
2024,6,1490
2024,5.7,1352
2024,6.8,1490
2024,7.4,1565
2024,7.7,1602
2024,1.8,865
2024,1.8,865
2024,1.8,865
2024,1.8,865
2024,8.1,1652
2024,9.6,1840
2024,10,1890
2024,11.4,2065
2024,7,1515
2024,9.9,1877
2024,10.9,2002
2024,11.4,2965
2024,6.3,1427
2024,7.4,1565
2024,8,1640
2024,8.8,1740
2024,1.5,827
2024,1.5,827
2024,6,1390
2024,6,1390
2024,11,2015
2024,11.4,2040
2024,10.9,2002
2024,11,2015
2024,11.6,2090
2024,11.6,2090
2024,17.8,2865
2024,20,3152
2024,14,2490
2024,14.6,2465
2024,10.5,1952
2024,12,2140
2024,10.3,1927
2024,9.7,1852
2024,9.1,1777
2024,8.4,1690
2024,3.9,1127
2024,4.2,1165
2024,9.5,1827
2024,7.8,1615
2024,22,3390
2024,17,2765
2024,14.3,2427
2024,13.6,2340
2024,6.6,1465
2024,5.8,1365
2024,6.2,1415
2024,6.2,1415
2024,3.2,1040
2024,3.2,1040
2024,3.2,1040
2024,3.2,1040
2024,2.5,952
2024,3.9,1127
2024,3.6,1090
2024,3.9,1052
2024,10.3,1927
2024,10.1,1902
2024,9.5,1827
2024,9,1765
2024,10.2,1915
2024,12.4,2190
2024,19.2,2415
2024,18.7,2352
2024,11.2,2040
2024,10.4,1940
2024,10.7,1977
2024,9.9,1877
2024,8.6,1702
2024,9.2,1790
2024,10.2,1915
2024,10.5,1952
2024,2.5,952
2024,4.1,1152
2024,4.6,1215
2024,4.8,1240
2024,6.7,1477
2024,10.6,1965
2024,9.9,1877
2024,9.1,1777
2024,3.2,1040
2024,9.7,1852
2024,9,1765
2024,7.6,1590
2024,8.9,1752
2024,12.6,2215
2024,12.7,2227
2024,11.1,2027
2024,13.5,2327
2024,12,2140
2024,11.1,2027
2024,10.7,1977
2024,2.1,902
2024,5.6,1340
2024,5.7,1352
2024,0,0
2024,6.2,1415
2024,4.9,1252
2024,5.1,1277
2024,8.3,1577
2024,6.8,1490
2024,5.7,1362
2024,3.9,1127
2024,3.8,1115
2024,11.9,2127
2024,14.2,2415
2024,12.1,2152
2024,12,2140
2024,10.9,1915
2024,6,1390
2024,12.4,2190
2024,11.5,2077
2024,7.3,1552
2024,17.7,2852
2024,18,2819
2024,16.5,2702
2024,8.3,1677
2024,8.7,1727
2024,8.1,1652
2024,8.1,1652
2024,4.1,1152
2024,3.4,1065
2024,3.4,1065
2024,5.1,1277
2024,5.6,1340
2024,4.6,1215
2024,0,0
2024,7.3,1552
2024,0,0
2024,4.7,1227
2024,4.6,1215
2024,4.4,1190
2024,4.7,1227
2024,11.3,2052
2024,11.1,2027
2024,10.9,2002
2024,10.7,1977
2024,11.3,2502
2024,12.9,2252
2024,12.5,2202
2024,12.7,2227
2024,10.9,2002
2024,10.7,1977
2024,11.3,2052
2024,12.7,2227
2024,12.3,2177
2024,11.9,2127
2024,11.4,2065
2024,11.2,2040
2024,10.8,1990
2024,10.6,1965
2024,4.6,1216
2024,4.7,1227
2024,4.2,1165
2024,4,1140
2024,5.8,1365
2024,5.5,1327
2024,2.5,952
2024,3.5,1077
2024,0,0
2024,0,0
2024,7.6,1590
2024,8.3,1677
2024,7.6,1590
2024,9.2,1790
2024,8.7,1127
2024,4,2140
2024,15.1,2527
2024,15.3,2552
2024,6.3,1427
2024,6.1,1402
2024,5.7,1352
2024,6.7,1477
2024,10.2,1915
2024,11.2,2040
2024,10.7,1977
2024,12.6,2215
2024,5.3,1302
2024,6.1,1402
2024,9.3,1802
2024,10.8,1990
2024,23.3,3565
2024,19,3015
2024,16.7,2727
2024,19.9,3127
2024,17,2765
2024,15.1,2527
2024,13.7,2352
2024,17.9,2252
2024,12,2140
2024,11.4,2065
2024,10.9,2002
2024,10.3,1927
2024,3.3,1052
2024,9.5,1827
2024,10,1890
2024,15.9,2697
2024,4.4,1190
2024,3.6,1052
2024,3.3,1052
2024,5.2,1290
2024,11.4,2265
2024,9,1765
2024,8.5,1702
2024,8.5,1290
2024,6.7,1477
2024,8.5,1702
2024,9.4,1815
2024,7,1765
2024,3,1015
2024,4.2,1165
2024,4.2,1165
2024,4.6,1215
2024,2,890
2024,2,890
2024,2,890
2024,2,890
2024,9.7,1852
2024,8.9,1752
2024,8.4,1690
2024,7.8,1615
2024,11.5,2077
2024,11.9,2127
2024,11.5,2077
2024,11.2,2040
2024,24.4,3690
2024,15,2515
2024,12,2140
2024,14.6,2465
2024,5.8,1365
2024,3.7,1102
2024,5.6,1340
2024,5.5,1327
2024,3,1015
2024,4.4,1190
2024,9.6,1840
2024,10.4,1940
2024,12,2140
2024,12.1,2152
2024,12.7,2227
2024,10.5,1952
2024,0,0
2024,1.7,852
2024,1.8,865
2024,5.2,1290
2024,6.5,1452
2024,4.3,1177
2024,7.1,1527
2024,8.3,1677
2024,5.3,1802
2024,4.6,1215
2024,4.1,1152
2024,4.5,1202
2024,4.5,1202
2024,4.5,1202
2024,9.9,1877
2024,12.9,2252
2024,11.7,2102
2024,10.8,1990
2024,8.4,1690
2024,9.9,1877
2024,18.2,2915
2024,22.3,3427
2024,17.6,2840
2024,17.5,2827
2024,4.3,1177
2024,4.5,1202
2024,6.8,1490
2024,6.2,1450
2024,8.5,1702
2024,8.3,1677
2024,7.4,1565
2024,7.9,1627
2024,5.4,1315
2024,6.1,1402
2024,6.7,1477
2024,6.6,1465
2024,7,1515
2024,7.6,1590
2024,5.7,1352
2024,5.6,1340
2024,2.7,977
2024,2.6,965
2024,2.6,965
2024,2.6,965
2024,8.3,1677
2024,8.1,1652
2024,8,1640
2024,7.7,1602
2024,13.3,2302
2024,15.4,2565
2024,13.9,2377
2024,13.6,2340
2024,5.2,2165
2024,14.8,2415
2024,14.6,2465
2024,14.4,2440
2024,3,1015
2024,3.6,1090
2024,3.8,1115
2024,5.6,1340
2024,8.1,1652
2024,6.5,1452
2024,6.3,1427
2024,6.1,1402
2024,6.5,1402
2024,6.6,1465
2024,9.4,1815
2024,10.3,1927
2024,10.4,1940
2024,7.4,1565
2024,7.6,1590
2024,6.8,1490
2024,9.8,1856
2024,11.7,2102
2024,11.3,2532
2024,12.3,2177
2024,13.2,2290
2024,5.6,1340
2024,2.8,1240
2024,5,1265
2024,20.3,3177
2024,16,2640
2024,16.9,2752
2024,14.9,2502
2024,7.1,1527
2024,6.9,1502
2024,7.1,1527
2024,7.2,1540
2024,6.6,1460
2024,3.5,1077
2024,6.3,1452
2024,12.9,2252
2024,8.1,1652
2024,7.5,1577
2024,6.8,1490
2024,6.3,1427
2024,3.1,1027
2024,2.4,940
2024,0,0
2024,0,0
2024,6.1,1402
2024,5.3,1302
2024,7.3,1552
2024,10.2,1915
2024,13.5,2327
2024,15.7,2602
2024,18.8,2990
2024,19,3015
2024,7,1515
2024,5.3,1302
2024,5.5,1327
2024,6,1390
2024,5.8,1365
2024,5.8,1365
2024,9.8,1765
2024,8.5,1715
2024,15.3,2552
2024,15.8,2615
2024,13.8,2365
2024,14.5,2452
2024,8.7,1727
2024,11.4,2065
2024,13.4,2315
2024,11.4,2065
2024,8.7,1727
2024,8.5,1702
2024,8.5,1702
2024,8.3,1677
2024,10,1890
2024,10.6,1965
2024,10.4,1940
2024,10.5,1952
2024,8.9,1752
2024,9.1,1777
2024,9.7,1852
2024,10.3,1927
2024,10.8,1990
2024,10.8,1990
2024,8.9,1752
2024,7.7,1602
2024,12.2,2152
2024,11.3,2065
2024,10.5,1952
2024,10.5,1952
2024,12.9,2252
2024,15,2515
2024,14.3,2427
2024,5.6,2215
2024,10.7,2002
2024,10.6,1965
2024,10.4,1940
2024,10.1,1902
2024,10.6,1965
2024,10.2,1915
2024,10.5,1952
2024,10.4,1940
2024,5.1,1277
2024,13.2,2290
2024,11.4,2065
2024,19.9,2002
2024,6.8,1490
2024,8.1,1552
2024,8.1,1552
2024,8.8,1740
2024,6.3,1429
2024,6,1390
2024,8.3,1677
2024,7.2,1540
2024,2.8,990
2024,2.8,990
2024,2.8,990
2024,2.8,990
2024,13.2,2290
2024,12,2140
2024,11.4,2065
2024,11.6,2090
2024,8.3,1677
2024,8.4,1690
2024,9.1,1777
2024,10,1890
2024,13.2,2277
2024,12.7,2227
2024,12.2,2202
2024,12.3,2177
2024,11.6,2090
2024,12.2,2165
2024,12.3,2177
2024,13.1,2277
2024,5.1,2190
2024,12.8,2240
2024,12.5,2202
2024,12.1,2152
2025,9.7,1858
2025,11.1,2054
2025,12.1,2194
2025,17,2880
2025,2.7,878
2025,2.8,892
2025,2.8,892
2025,26.8,4252
2025,19.4,3216
2025,17.3,2922
2025,16.8,2852
2025,7.4,1536
2025,9.8,1872
2025,13,2320
2025,14.3,2502
2025,22.3,3622
2025,20.3,3342
2025,20.6,3384
2025,19.7,3258
2025,18.7,3118
2025,16.1,2754
2025,19.2,3188
2025,14.8,2572
2025,16,2740
2025,12,2194
2025,15,2614
2025,17.8,2992
2025,2.8,892
2025,6.9,1466
2025,6.3,1382
2025,6.4,1396
2025,24,3860
2025,16,2726
2025,14.7,2558
2025,14.8,2572
2025,6.8,1452
2025,3.4,976
2025,5.7,1298
2025,7.3,1522
2025,8.5,1690
2025,7.3,1522
2025,7.2,1509
2025,7,1480
2025,6.6,1424
2025,6.9,1466
2025,6.9,1466
2025,6.7,1438
2025,8.6,1704
2025,7.4,1536
2025,7.9,1606
2025,4.7,1158
2025,7.6,1564
2025,5.8,1312
2025,6.4,1396
2025,7.1,1494
2025,10.5,1970
2025,8.7,1718
2025,8.8,1732
2025,8.9,1746
2025,4.9,1186
2025,4.7,1158
2025,5.2,1228
2025,5.3,1242
2025,7,1480
2025,6.7,1438
2025,6.9,1466
2025,7.2,1508
2025,5.6,1284
2025,5,1200
2025,6.7,1438
2025,7.2,1508
2025,6.9,1466
2025,7,1480
2025,7.1,1494
2025,7.2,1508
2025,8,1606
2025,8.3,1662
2025,8,1606
2025,7.7,1578
2025,6.7,1438
2025,5.6,1284
2025,5.5,1270
2025,5.9,1326
2025,10.5,1970
2025,9.6,1844
2025,9,1760
2025,10.2,1928
2025,9.3,1802
2025,9.4,1016
2025,9,1760
2025,8.4,1676
2025,11.3,2082
2025,17,2880
2025,17.5,2950
2025,17.5,2950
2025,13.1,2334
2025,12.6,2124
2025,12.4,2236
2025,13.9,2446
2025,7,1480
2025,5.7,1296
2025,4.8,1172
2025,4.4,1116
2025,10.3,1942
2025,9.8,1872
2025,9.5,1830
2025,11.2,2068
2025,4.4,1116
2025,4.7,1158
2025,4.8,1172
2025,4.6,1144
2025,5.3,1242
2025,5.3,1242
2025,5.4,1236
2025,6.6,1340
2025,9.8,1872
2025,10.2,1928
2025,8.8,1732
2025,7.8,1592
2025,3.6,1004
2025,3.4,976
2025,4.5,1130
2025,5.1,1214
2025,4.7,1158
2025,4.3,1102
2025,4.1,1074
2025,4.2,1088
2025,6.4,1396
2025,5.6,1284
2025,5.3,1242
2025,5.7,1298
2025,5.4,1256
2025,4.3,1102
2025,8.1,1634
2025,8.5,1690
2025,4.5,1130
2025,4.1,1074
2025,4,1060
2025,3.7,1018
2025,4.7,1158
2025,5.3,1242
2025,5.4,1256
2025,5.4,1256
2025,6,1340
2025,5.1,1214
2025,5,1210
2025,4.9,1186
2025,6,1340
2025,6.1,1354
2025,5.9,1326
2025,6.2,1368
2025,9.3,1802
2025,7.1,1494
2025,6,1340
2025,5.7,1298
2025,5.5,1270
2025,5.2,1228
2025,4.8,1172
2025,4.4,1116
2025,8.5,1690
2025,10.8,2012
2025,8.7,1718
2025,9.5,1844
2025,8.5,1802
2025,10.8,1984
2025,10.2,1928
2025,10,1900
2025,8,1620
2025,9.2,1788
2025,10,1900
2025,8.9,1746
2025,1.9,766
2025,3.3,962
2025,3.3,962
2025,3.9,1046
2025,12,3286
2025,15.3,2642
2025,14,2460
2025,16.5,2810
2025,6.3,1382
2025,6.9,1466
2025,7.9,1606
2025,7.7,1578
2025,2.6,864
2025,2.7,878
2025,3.3,962
2025,4.1,1074
2025,3.4,976
2025,4.8,1172
2025,6.9,1466
2025,7.2,1508
2025,5.8,1312
2025,5.6,1284
2025,7.7,1578
2025,9,1760
2025,6.3,1382
2025,1.7,738
2025,1.7,738
2025,3.7,1018
2025,6.4,1396
2025,5.2,1228
2025,4.2,1088
2025,4.2,1088
2025,10.6,1984
2025,7.2,1508
2025,7.2,1508
2025,7.1,1494
2025,5.1,1214
2025,5.5,1270
2025,5.6,1284
2025,8.9,1326
2025,5.4,1256
2025,5.8,1312
2025,6.1,1354
2025,6.5,1410
2025,7.2,1508
2025,7.9,1605
2025,7.8,1592
2025,7.5,1550
2025,8.3,1662
2025,6.4,1395
2025,6.8,1452
2025,7.1,1494
2025,6.5,1410
2025,6.2,1368
2025,5.9,1326
2025,6.2,1368
2025,6.9,1466
2025,6.4,1396
2025,7,1480
2025,6.8,1452
2025,6.8,1452
2025,6.5,1410
2025,6.3,1382
2025,6,1340
2025,6.4,1396
2025,6.6,1424
2025,6.4,1396
2025,6.6,1424
2025,7.4,1536
2025,8.7,1718
2025,8.9,1740
2025,9.6,1844
2025,4.7,1536
2025,6.8,1718
2025,8.6,1704
2025,9.1,1774
2025,11.6,2124
2025,9.7,1858
2025,8.3,1662
2025,8.1,1634
2025,5.1,1214
2025,5.3,1242
2025,9.4,1816
2025,9,1760
2025,7.2,1508
2025,7.1,1494
2025,7.2,1508
2025,7.5,1550
2025,7,1480
2025,5.5,1270
2025,3.9,1046
2025,3.4,976
2025,3.6,1004
2025,3.6,1004
2025,4.6,1144
2025,4.5,1130
2025,6.8,1452
2025,9.6,1844
2025,9.6,1844
2025,9.8,1872
2025,19.4,1816
2025,8.5,1690
2025,10.7,1998
2025,11.7,2138
2025,8.5,1690
2025,7.9,1606
2025,8,1620
2025,8.1,1634
2025,3.9,1043
2025,4.2,1088
2025,4.6,1144
2025,4.3,1102
2025,2.2,808
2025,2,780
2025,2.1,794
2025,2,780
2025,6.9,1466
2025,6.1,1354
2025,6.4,1396
2025,6.3,1382
2025,2.9,906
2025,2.6,864
2025,2.8,892
2025,2.9,906
2025,2.3,822
2025,2.3,822
2025,3.7,1018
2025,4,1060
2025,4.7,1158
2025,3.9,1045
2025,4.4,1116
2025,4.5,1130
2025,4.3,1102
2025,4.6,1144
2025,4.7,1158
2025,5,1200
2025,6.1,1354
2025,6.3,1382
2025,7.8,1592
2025,9.4,1816
2025,4.2,1088
2025,4.1,1074
2025,5,1200
2025,5.4,1256
2025,6.3,1382
2025,11.5,2110
2025,9.2,1802
2025,8.8,1732
2025,12,2180
2025,10.7,1998
2025,10.7,1998
2025,10.4,1956
2025,8.1,1634
2025,14.1,2474
2025,13.4,2376
2025,13.3,2362
2025,11,2040
2025,12.4,2236
2025,11.7,2138
2025,10.9,2026
2025,3.8,1032
2025,3.9,1046
2025,4,1060
2025,4,1060
2025,7.5,1550
2025,7.1,1494
2025,7.2,1508
2025,7.2,1508
2025,7.5,1550
2025,7.9,1606
2025,7.1,1494
2025,8.8,1732
2025,17.5,2950
2025,20.7,3398
2025,20.5,3370
2025,19.7,3258
2025,10.9,2026
2025,7.6,1564
2025,7.3,1522
2025,8,1620
2025,9.1,1774
2025,7.7,1578
2025,7.4,1536
2025,8,1620
2025,4.9,1186
2025,6.8,1452
2025,6.2,1368
2025,17.3,2922
2025,16.7,2838
2025,16.9,2866
2025,14.2,2488
2025,13,2320
2025,20.7,3398
2025,20.8,3412
2025,22.3,3622
2025,28.9,4546
2025,23.2,3748
2025,19,3160
2025,16.1,2754
2025,15.5,2670
2025,19.8,3272
2025,20,3300
2025,20.5,3356
2025,55.3,8242
2025,38.3,5862
2025,34.7,5358
2025,30.5,4770
2025,24.6,3944
2025,16.7,2838
2025,15.2,2628
2025,18.5,3090
2025,20.4,3356
2025,16.5,2810
2025,16.8,2852
2025,13.9,2446
2025,24.5,3930
2025,28.6,4504
2025,28,4420
2025,26.5,4210
2025,41.7,6338
2025,34.5,5330
2025,26.7,4238
2025,25.3,4042
2025,29.9,4686
2025,31.3,4882
2025,28.1,4434
2025,28,4420
2025,21.3,3482
2025,21.6,3524
2025,19.1,3174
2025,20,3300
2025,20.7,3398
2025,19,3160
2025,17.5,2950
2025,28.2,4462
2025,24.9,3986
2025,28,4420
2025,32.1,4994
2025,10.2,1828
2025,12.2,2208
2025,13.7,2418
2025,11.8,2152
2025,7.4,1536
2025,6.2,1368
2025,6.9,1466
2025,12.8,2292
2025,26.5,4210
2025,28.1,4434
2025,25.9,4126
2025,25.2,4098
2025,0,0
2025,0,0
2025,13.5,2390
2025,15,2600
2025,20,3300
2025,17.6,2946
2025,14.1,2474
2025,12.8,2292
2025,24.2,3888
2025,18.8,3132
2025,16.5,2810
2025,7.6,1564
2025,2.4,836
2025,2.4,836
2025,2.4,836
2025,2.4,836
2025,4.9,1186
2025,4,1060
2025,4.3,1102
2025,4.8,1172
2025,4,1060
2025,6.1,1354
2025,5.3,1242
2025,8.3,1662
2025,10.5,1970
2025,10.8,2012
2025,10.9,2026
2025,11.5,2110
2025,26.6,4224
2025,20.2,3328
2025,15.2,2628
2025,13.5,2390
2025,3.7,1018
2025,3.4,976
2025,4.2,1088
2025,4.6,1144
