Dpm,Biomass
9.7,1858
11.1,2054
12.1,2194
17,2880
2.7,878
2.8,892
2.8,892
26.8,4252
19.4,3216
17.3,2922
16.8,2852
7.4,1536
9.8,1872
13,2320
14.3,2502
22.3,3622
20.3,3342
20.6,3384
19.7,3258
18.7,3118
16.1,2754
19.2,3188
14.8,2572
16,2740
12,2194
15,2614
17.8,2992
2.8,892
6.9,1466
6.3,1382
6.4,1396
24,3860
16,2726
14.7,2558
14.8,2572
6.8,1452
3.4,976
5.7,1298
7.3,1522
8.5,1690
7.3,1522
7.2,1509
7,1480
6.6,1424
6.9,1466
6.9,1466
6.7,1438
8.6,1704
7.4,1536
7.9,1606
4.7,1158
7.6,1564
5.8,1312
6.4,1396
7.1,1494
10.5,1970
8.7,1718
8.8,1732
8.9,1746
4.9,1186
4.7,1158
5.2,1228
5.3,1242
7,1480
6.7,1438
6.9,1466
7.2,1508
5.6,1284
5,1200
6.7,1438
7.2,1508
6.9,1466
7,1480
7.1,1494
7.2,1508
8,1606
8.3,1662
8,1606
7.7,1578
6.7,1438
5.6,1284
5.5,1270
5.9,1326
10.5,1970
9.6,1844
9,1760
10.2,1928
9.3,1802
9.4,1016
9,1760
8.4,1676
11.3,2082
17,2880
17.5,2950
17.5,2950
13.1,2334
12.6,2124
12.4,2236
13.9,2446
7,1480
5.7,1296
4.8,1172
4.4,1116
10.3,1942
9.8,1872
9.5,1830
11.2,2068
4.4,1116
4.7,1158
4.8,1172
4.6,1144
5.3,1242
5.3,1242
5.4,1236
6.6,1340
9.8,1872
10.2,1928
8.8,1732
7.8,1592
3.6,1004
3.4,976
4.5,1130
5.1,1214
4.7,1158
4.3,1102
4.1,1074
4.2,1088
6.4,1396
5.6,1284
5.3,1242
5.7,1298
5.4,1256
4.3,1102
8.1,1634
8.5,1690
4.5,1130
4.1,1074
4,1060
3.7,1018
4.7,1158
5.3,1242
5.4,1256
5.4,1256
6,1340
5.1,1214
5,1210
4.9,1186
6,1340
6.1,1354
5.9,1326
6.2,1368
9.3,1802
7.1,1494
6,1340
5.7,1298
5.5,1270
5.2,1228
4.8,1172
4.4,1116
8.5,1690
10.8,2012
8.7,1718
9.5,1844
8.5,1802
10.8,1984
10.2,1928
10,1900
8,1620
9.2,1788
10,1900
8.9,1746
1.9,766
3.3,962
3.3,962
3.9,1046
12,3286
15.3,2642
14,2460
16.5,2810
6.3,1382
6.9,1466
7.9,1606
7.7,1578
2.6,864
2.7,878
3.3,962
4.1,1074
3.4,976
4.8,1172
6.9,1466
7.2,1508
5.8,1312
5.6,1284
7.7,1578
9,1760
6.3,1382
1.7,738
1.7,738
3.7,1018
6.4,1396
5.2,1228
4.2,1088
4.2,1088
10.6,1984
7.2,1508
7.2,1508
7.1,1494
5.1,1214
5.5,1270
5.6,1284
8.9,1326
5.4,1256
5.8,1312
6.1,1354
6.5,1410
7.2,1508
7.9,1605
7.8,1592
7.5,1550
8.3,1662
6.4,1395
6.8,1452
7.1,1494
6.5,1410
6.2,1368
5.9,1326
6.2,1368
6.9,1466
6.4,1396
7,1480
6.8,1452
6.8,1452
6.5,1410
6.3,1382
6,1340
6.4,1396
6.6,1424
6.4,1396
6.6,1424
7.4,1536
8.7,1718
8.9,1740
9.6,1844
4.7,1536
6.8,1718
8.6,1704
9.1,1774
11.6,2124
9.7,1858
8.3,1662
8.1,1634
5.1,1214
5.3,1242
9.4,1816
9,1760
7.2,1508
7.1,1494
7.2,1508
7.5,1550
7,1480
5.5,1270
3.9,1046
3.4,976
3.6,1004
3.6,1004
4.6,1144
4.5,1130
6.8,1452
9.6,1844
9.6,1844
9.8,1872
19.4,1816
8.5,1690
10.7,1998
11.7,2138
8.5,1690
7.9,1606
8,1620
8.1,1634
3.9,1043
4.2,1088
4.6,1144
4.3,1102
2.2,808
2,780
2.1,794
2,780
6.9,1466
6.1,1354
6.4,1396
6.3,1382
2.9,906
2.6,864
2.8,892
2.9,906
2.3,822
2.3,822
3.7,1018
4,1060
4.7,1158
3.9,1045
4.4,1116
4.5,1130
4.3,1102
4.6,1144
4.7,1158
5,1200
6.1,1354
6.3,1382
7.8,1592
9.4,1816
4.2,1088
4.1,1074
5,1200
5.4,1256
6.3,1382
11.5,2110
9.2,1802
8.8,1732
12,2180
10.7,1998
10.7,1998
10.4,1956
8.1,1634
14.1,2474
13.4,2376
13.3,2362
11,2040
12.4,2236
11.7,2138
10.9,2026
3.8,1032
3.9,1046
4,1060
4,1060
7.5,1550
7.1,1494
7.2,1508
7.2,1508
7.5,1550
7.9,1606
7.1,1494
8.8,1732
17.5,2950
20.7,3398
20.5,3370
19.7,3258
10.9,2026
7.6,1564
7.3,1522
8,1620
9.1,1774
7.7,1578
7.4,1536
8,1620
4.9,1186
6.8,1452
6.2,1368
17.3,2922
16.7,2838
16.9,2866
14.2,2488
13,2320
20.7,3398
20.8,3412
22.3,3622
28.9,4546
23.2,3748
19,3160
16.1,2754
15.5,2670
19.8,3272
20,3300
20.5,3356
55.3,8242
38.3,5862
34.7,5358
30.5,4770
24.6,3944
16.7,2838
15.2,2628
18.5,3090
20.4,3356
16.5,2810
16.8,2852
13.9,2446
24.5,3930
28.6,4504
28,4420
26.5,4210
41.7,6338
34.5,5330
26.7,4238
25.3,4042
29.9,4686
31.3,4882
28.1,4434
28,4420
21.3,3482
21.6,3524
19.1,3174
20,3300
20.7,3398
19,3160
17.5,2950
28.2,4462
24.9,3986
28,4420
32.1,4994
10.2,1828
12.2,2208
13.7,2418
11.8,2152
7.4,1536
6.2,1368
6.9,1466
12.8,2292
26.5,4210
28.1,4434
25.9,4126
25.2,4098
0,0
0,0
13.5,2390
15,2600
20,3300
17.6,2946
14.1,2474
12.8,2292
24.2,3888
18.8,3132
16.5,2810
7.6,1564
2.4,836
2.4,836
2.4,836
2.4,836
4.9,1186
4,1060
4.3,1102
4.8,1172
,
4,1060
6.1,1354
5.3,1242
8.3,1662
10.5,1970
10.8,2012
10.9,2026
11.5,2110
26.6,4224
20.2,3328
15.2,2628
13.5,2390
,
3.7,1018
3.4,976
4.2,1088
4.6,1144
