I.D_code ,longitude,latitude
SAP1Z1CR1,29.31361365,-19.68069178
SAP1Z1CR2,29.31354197,-19.68096698
SAP1Z1CR4,29.31342051,-19.68070079
SAP1Z2CR1,29.31343703,-19.68070404
SAP1Z2CR3,29.31318004,-19.68096597
SAP1Z2CR4,29.3132347,-19.68069212
SAP1Z3CR1,29.31355606,-19.68096147
SAP1Z3CR2,29.31347876,-19.68122832
SAP1Z3CR3,29.31330365,-19.6812377
SAP1Z4CR1,29.31329504,-19.68124802
SAP1Z4CR3,29.31317051,-19.68095822
SAP1Z4CR4,29.31311554,-19.68122225
SAP1ZCENTER,29.31334606,-19.68096168
SAP2Z1CR1,29.31419703,-19.68074173
SAP2Z1CR2,29.31414505,-19.68101005
SAP2Z1CR4,29.31400096,-19.68073698
SAP2Z2CR1,29.31400539,-19.6807212
SAP2Z2CR3,29.313749,-19.68099003
SAP2Z2CR4,29.31381413,-19.68070757
SAP2Z3CR1,29.31413197,-19.68100403
SAP2Z3CR2,29.31410886,-19.68128654
SAP2Z3CR4,29.31391668,-19.68126003
SAP2Z4CR2,29.31389099,-19.68126403
SAP2Z4CR3,29.31372239,-19.68125492
SAP2Z4CR4,29.31374797,-19.6809775
SAP2ZCENTER,29.31394217,-19.68098923
SAP3Z1CR1,29.31365541,-19.68152407
SAP3Z1CR2,29.31384799,-19.68155002
SAP3Z1CR4,29.3136075,-19.68179211
SAP3Z2CR2,29.31372796,-19.68208797
SAP3Z2CR3,29.31355507,-19.68206288
SAP3Z2CR4,29.31360399,-19.68181397
SAP3Z3CR1,29.31384101,-19.68153861
SAP3Z3CR2,29.31404653,-19.68154516
SAP3Z3CR3,29.31399602,-19.68182101
SAP3Z4CR2,29.31399527,-19.68181796
SAP3Z4CR3,29.31393947,-19.68208806
SAP3Z4CR4,29.31375316,-19.68208701
SAP3ZCENTER,29.31378833,-19.68180634
SAP4Z1CR1,29.31300611,-19.68151742
SAP4Z1CR2,29.31317416,-19.68153824
SAP4Z1CR3,29.31301613,-19.68179113
SAP4Z2CR1,29.31302296,-19.68179201
SAP4Z2CR3,29.31320401,-19.68205101
SAP4Z2CR4,29.31301736,-19.6820504
SAP4Z3CR1,29.31319303,-19.68155002
SAP4Z3CR2,29.31337843,-19.6815504
SAP4Z3CR3,29.31337745,-19.68182762
SAP4Z4CR2,29.31338497,-19.68185403
SAP4Z4CR3,29.31335789,-19.68207905
SAP4Z4CR4,29.31319619,-19.68206503
SAP4ZCENTER,29.31320503,-19.68183702
SAP5Z1CR1,29.31432857,-19.68206141
SAP5Z1CR2,29.31452135,-19.68207109
SAP5Z1CR4,29.31430268,-19.68232974
SAP5Z2CR1,29.31430497,-19.68233398
SAP5Z2CR3,29.31451804,-19.68261796
SAP5Z2CR4,29.31426003,-19.68260071
SAP5Z3CR1,29.31450002,-19.68207196
SAP5Z3CR2,29.31474729,-19.6820913
SAP5Z3CR3,29.314726,-19.68236399
SAP5Z4CR2,29.31471264,-19.68236717
SAP5Z4CR3,29.31471182,-19.68265514
SAP5Z4CR4,29.31451828,-19.68262385
SAP5ZCENTER,29.31450814,-19.68234291
SBP1Z1CR1,29.32336496,-19.7127241
SBP1Z1CR2,29.32312922,-19.71261124
SBP1Z1CR4,29.32323203,-19.712869
SBP1Z2CR1,29.32311823,-19.71258321
SBP1Z2CR3,29.32285563,-19.71245864
SBP1Z2CR4,29.32274104,-19.71259959
SBP1Z3CR1,29.32326013,-19.71286903
SBP1Z3CR2,29.32314528,-19.71302647
SBP1Z3CR3,29.32289178,-19.7128836
SBP1Z4CR2,29.32275401,-19.71262098
SBP1Z4CR3,29.32262346,-19.71274504
SBP1Z4CR4,29.32288704,-19.712883
SBP1ZCENTER,29.32300311,-19.71272932
SBP2Z1CR1,29.32258268,-19.71221768
SBP2Z1CR2,29.32245503,-19.71235997
SBP2Z1CR4,29.32235403,-19.71210097
SBP2Z2CR1,29.32235135,-19.71205607
SBP2Z2CR3,29.32202474,-19.71203761
SBP2Z2CR4,29.32212233,-19.71187722
SBP2Z3CR1,29.32246633,-19.712355
SBP2Z3CR2,29.32234541,-19.71250412
SBP2Z3CR3,29.32211874,-19.71234795
SBP2Z4CR2,29.32212302,-19.71239702
SBP2Z4CR3,29.32188968,-19.71218721
SBP2Z4CR4,29.32199897,-19.712048
SBP2ZCENTER,29.32222239,-19.71218925
SBP3Z1CR1,29.32201009,-19.71318992
SBP3Z1CR2,29.32175641,-19.71304412
SBP3Z1CR4,29.32210828,-19.71303782
SBP3Z2CR1,29.32212001,-19.71306204
SBP3Z2CR3,29.32195994,-19.71272572
SBP3Z2CR4,29.32219646,-19.71285221
SBP3Z3CR1,29.32177803,-19.71304704
SBP3Z3CR2,29.32150976,-19.71289218
SBP3Z3CR3,29.32161355,-19.7127348
SBP3Z4CR2,29.321616,-19.71274202
SBP3Z4CR3,29.32170093,-19.71258792
SBP3Z4CR4,29.32196201,-19.71274202
SBP3ZCENTER,29.32185647,-19.71288108
SBP4Z1CR1,29.32115298,-19.71281151
SBP4Z1CR2,29.32085933,-19.71275978
SBP4Z1CR4,29.32122864,-19.71266336
SBP4Z2CR1,29.32125198,-19.71261696
SBP4Z2CR3,29.32101026,-19.71243368
SBP4Z2CR4,29.32131176,-19.7124705
SBP4Z3CR1,29.32086599,-19.71273799
SBP4Z3CR2,29.32061718,-19.71273181
SBP4Z3CR3,29.32063405,-19.71253493
SBP4Z4CR1,29.320982,-19.71247799
SBP4Z4CR2,29.32061302,-19.71256499
SBP4Z4CR3,29.3207396,-19.71238015
SBP4ZCENTER,29.32094084,-19.71259
SBP5Z1CR1,29.32086426,-19.71315803
SBP5Z1CR2,29.32080467,-19.71333745
SBP5Z1CR4,29.32058408,-19.71308745
SBP5Z2CR1,29.32058302,-19.71310403
SBP5Z2CR3,29.32020922,-19.71317923
SBP5Z2CR4,29.32030162,-19.71301167
SBP5Z3CR1,29.32079399,-19.71335599
SBP5Z3CR2,29.32071914,-19.71350733
SBP5Z3CR3,29.32042009,-19.71341789
SBP5Z4CR2,29.32042996,-19.71341198
SBP5Z4CR3,29.32012944,-19.71334536
SBP5Z4CR4,29.32020701,-19.71318802
SBP5ZCENTER,29.32050523,-19.71325218
SCP1Z1CR1,29.33219575,-19.66210065
SCP1Z1CR2,29.33194203,-19.66220027
SCP1Z1CR4,29.33188113,-19.66203357
SCP1Z2CR2,29.33187998,-19.66204299
SCP1Z2CR3,29.33179826,-19.66187612
SCP1Z2CR4,29.33207461,-19.66175965
SCP1Z3CR1,29.33248629,-19.66203768
SCP1Z3CR2,29.33241848,-19.66186344
SCP1Z3CR4,29.33220796,-19.66209697
SCP1Z4CR1,29.332402,-19.661887
SCP1Z4CR2,29.3323485,-19.66170717
SCP1Z4CR3,29.332057,-19.66178801
SCP1ZCENTER,29.3321509,-19.66193777
SCP2Z1CR1,29.33281633,-19.66220625
SCP2Z1CR2,29.33283507,-19.66239122
SCP2Z1CR4,29.33253301,-19.66225698
SCP2Z2CR1,29.33254635,-19.66224167
SCP2Z2CR3,29.33230301,-19.66251103
SCP2Z2CR4,29.33228892,-19.66228601
SCP2Z3CR2,29.33257955,-19.66260194
SCP2Z3CR1,29.33287198,-19.66236804
SCP2Z3CR3,29.3328584,-19.66256068
SCP2Z4CR2,29.33259504,-19.66256199
SCP2Z4CR3,29.33230759,-19.66263725
SCP2Z4CR4,29.33226962,-19.66247652
SCP2ZCENTER,29.33257445,-19.66241442
SCP3Z1CR1,29.33131942,-19.66215945
SCP3Z1CR3,29.33154898,-19.66192304
SCP3Z1CR4,29.33158902,-19.66209774
SCP3Z2CR2,29.33121898,-19.66179396
SCP3Z2CR3,29.33151733,-19.66173957
SCP3Z2CR4,29.33156019,-19.66192972
SCP3Z3CR1,29.33104362,-19.66222233
SCP3Z3CR2,29.3310026,-19.66204329
SCP3Z3CR4,29.331366,-19.66222102
SCP3Z4CR1,29.33102896,-19.66203704
SCP3Z4CR2,29.33095763,-19.66185332
SCP3Z4CR3,29.33123994,-19.66180481
SCP3ZCENTER,29.33127394,-19.66198388
SCP4Z1CR1,29.33055741,-19.66225434
SCP4Z1CR3,29.33078873,-19.66204999
SCP4Z1CR4,29.33083856,-19.66223484
SCP4Z2CR2,29.33041197,-19.66194098
SCP4Z2CR3,29.33073058,-19.66189211
SCP4Z2CR4,29.33078497,-19.66208104
SCP4Z3CR1,29.33029707,-19.66231861
SCP4Z3CR2,29.33023155,-19.6621415
SCP4Z3CR4,29.33055103,-19.66229201
SCP4Z4CR1,29.33020402,-19.66215103
SCP4Z4CR2,29.33016786,-19.66197046
SCP4Z4CR3,29.33044289,-19.66191366
SCP4ZCENTER,29.33046317,-19.66207898
SCP5Z1CR1,29.33093755,-19.66285674
SCP5Z1CR3,29.33101203,-19.66255596
SCP5Z1CR4,29.33114373,-19.66269306
SCP5Z2CR2,29.33072898,-19.66255202
SCP5Z2CR3,29.33094409,-19.66238699
SCP5Z2CR4,29.33104466,-19.66254769
SCP5Z3CR1,29.3306641,-19.66294911
SCP5Z3CR2,29.33053301,-19.66278302
SCP5Z3CR4,29.33092997,-19.66287003
SCP5Z4CR1,29.33053879,-19.6627805
SCP5Z4CR2,29.33044361,-19.66261697
SCP5Z4CR3,29.33072753,-19.66256143
SCP5ZCENTER,29.33080546,-19.66273941
SDP1Z1CR1,29.22059521,-19.63962891
SDP1Z1CR2,29.22041516,-19.63966554
SDP1Z1CR4,29.22056863,-19.63936553
SDP1Z2CR1,29.22056898,-19.63938897
SDP1Z2CR3,29.22030201,-19.63911798
SDP1Z2CR4,29.22050492,-19.63907759
SDP1Z3CR1,29.22042598,-19.63967797
SDP1Z3CR2,29.22023448,-19.63970094
SDP1Z3CR4,29.22018399,-19.63944596
SDP1Z4CR2,29.2202078,-19.63944508
SDP1Z4CR3,29.22011471,-19.63912698
SDP1Z4CR4,29.22030201,-19.63911798
SDP1ZCENTER,29.22036158,-19.63939616
SDP2Z1CR1,29.22133666,-19.63973375
SDP2Z1CR2,29.22113309,-19.63972681
SDP2Z1CR4,29.22140644,-19.6394696
SDP2Z2CR1,29.22142703,-19.63946398
SDP2Z2CR3,29.22126248,-19.63918102
SDP2Z2CR4,29.22148531,-19.63918555
SDP2Z3CR1,29.22114599,-19.63971402
SDP2Z3CR2,29.22095537,-19.63969917
SDP2Z3CR3,29.22095148,-19.639425
SDP2Z4CR2,29.22099201,-19.639452
SDP2Z4CR3,29.22104915,-19.63912513
SDP2Z4CR4,29.22124003,-19.63918797
SDP2ZCENTER,29.22120926,-19.63945686
SDP3Z1CR1,29.22213504,-19.6397759
SDP3Z1CR2,29.22193296,-19.63982801
SDP3Z1CR4,29.22218166,-19.63949804
SDP3Z2CR1,29.22220001,-19.63951503
SDP3Z2CR3,29.22204363,-19.63919736
SDP3Z2CR4,29.22223473,-19.63921555
SDP3Z3CR1,29.2219274,-19.63980822
SDP3Z3CR2,29.22174956,-19.63978007
SDP3Z3CR3,29.22180747,-19.63951062
SDP3Z4CR2,29.22180497,-19.63954202
SDP3Z4CR3,29.22186943,-19.6392273
SDP3Z4CR4,29.22204796,-19.63920398
SDP3ZCENTER,29.22199792,-19.63950356
SDP4Z1CR1,29.22290313,-19.63993195
SDP4Z1CR2,29.22272304,-19.639899
SDP4Z1CR4,29.22297715,-19.63965878
SDP4Z2CR1,29.22299202,-19.63965098
SDP4Z2CR3,29.22284952,-19.63934188
SDP4Z2CR4,29.22306737,-19.63935826
SDP4Z3CR1,29.22272533,-19.6399122
SDP4Z3CR2,29.22252707,-19.63987073
SDP4Z3CR3,29.22258955,-19.6395797
SDP4Z4CR2,29.22261902,-19.63960103
SDP4Z4CR3,29.2226417,-19.63929987
SDP4Z4CR4,29.22285598,-19.63930699
SDP4ZCENTER,29.22277574,-19.63964401
SDP5Z1CR1,29.2242043,-19.63984761
SDP5Z1CR2,29.22398603,-19.63980102
SDP5Z1CR4,29.22428261,-19.63957889
SDP5Z2CR1,29.22429096,-19.63959298
SDP5Z2CR3,29.22418904,-19.63924102
SDP5Z2CR4,29.2243813,-19.63930415
SDP5Z3CR1,29.22398672,-19.63983015
SDP5Z3CR2,29.22379719,-19.63980453
SDP5Z3CR3,29.22390987,-19.63954501
SDP5Z4CR2,29.22391796,-19.63952601
SDP5Z4CR3,29.22397415,-19.63922018
SDP5Z4CR4,29.22418728,-19.63925747
SDP5ZCENTER,29.22410226,-19.63957405
SEP1Z1CR1,29.26154007,-19.62730978
SEP1Z1CR2,29.26134702,-19.62733101
SEP1Z1CR4,29.261531,-19.62705499
SEP1Z2CR1,29.26153942,-19.62704985
SEP1Z2CR3,29.26133897,-19.62678803
SEP1Z2CR4,29.26152749,-19.62678323
SEP1Z3CR1,29.26134755,-19.6273254
SEP1Z3CR2,29.26115338,-19.62735674
SEP1Z3CR3,29.26108338,-19.62708436
SEP1Z4CR2,29.26116404,-19.62707503
SEP1Z4CR3,29.26114724,-19.62678987
SEP1Z4CR4,29.26133985,-19.62679131
SEP1ZCENTER,29.26134004,-19.62705035
SEP2Z1CR1,29.26063394,-19.62761139
SEP2Z1CR2,29.26046479,-19.6276913
SEP2Z1CR4,29.26050397,-19.62739899
SEP2Z2CR1,29.26051411,-19.62735832
SEP2Z2CR3,29.26023801,-19.62719103
SEP2Z2CR4,29.26042546,-19.62709293
SEP2Z3CR1,29.26027218,-19.62773678
SEP2Z3CR2,29.26044303,-19.62769797
SEP2Z3CR3,29.26016802,-19.62747649
SEP2Z4CR2,29.26016802,-19.62750301
SEP2Z4CR3,29.26005344,-19.62721581
SEP2Z4CR4,29.26024169,-19.62715785
SEP2ZCENTER,29.26034475,-19.6274325
SEP3Z1CR1,29.2596433,-19.62793707
SEP3Z1CR2,29.25946312,-19.62791383
SEP3Z1CR4,29.25973382,-19.62769955
SEP3Z2CR1,29.25963138,-19.62735224
SEP3Z2CR3,29.25973702,-19.62774097
SEP3Z2CR4,29.25981052,-19.6274395
SEP3Z3CR1,29.25946615,-19.62785912
SEP3Z3CR2,29.2592774,-19.627771
SEP3Z3CR3,29.25939065,-19.62752131
SEP3Z4CR2,29.259402,-19.62753997
SEP3Z4CR3,29.25946581,-19.62724758
SEP3Z4CR4,29.25962999,-19.627373
SEP3ZCENTER,29.25956788,-19.62761003
SEP4Z1CR1,29.25845608,-19.62772131
SEP4Z1CR2,29.25825926,-19.62771216
SEP4Z1CR4,29.25856769,-19.62746684
SEP4Z2CR1,29.25851725,-19.62722919
SEP4Z2CR3,29.25857001,-19.62747904
SEP4Z2CR4,29.258697,-19.62723898
SEP4Z3CR1,29.25825703,-19.627732
SEP4Z3CR2,29.25807027,-19.6276809
SEP4Z3CR3,29.25818531,-19.62744055
SEP4Z4CR2,29.25817396,-19.62742598
SEP4Z4CR3,29.25827078,-19.62716784
SEP4Z4CR4,29.258525,-19.62722003
SEP4ZCENTER,29.25836601,-19.62747876
SEP5Z1CR1,29.26224611,-19.62699692
SEP5Z1CR2,29.26206501,-19.62702901
SEP5Z1CR4,29.26230467,-19.62672435
SEP5Z2CR1,29.26231203,-19.62671301
SEP5Z2CR3,29.26213982,-19.62644663
SEP5Z2CR4,29.26235391,-19.62644834
SEP5Z3CR1,29.26205719,-19.62701946
SEP5Z3CR2,29.26185239,-19.62700926
SEP5Z3CR3,29.26192209,-19.62674898
SEP5Z4CR2,29.26192302,-19.62671796
SEP5Z4CR3,29.26196845,-19.62646414
SEP5Z4CR4,29.26213098,-19.62644496
SEP5ZCENTER,29.2621244,-19.62673949
SFP1Z1CR1,29.18478546,-19.52966483
SFP1Z1CR2,29.18507295,-19.52968072
SFP1Z1CR4,29.18482804,-19.52983598
SFP1Z2CR1,29.18480724,-19.52984894
SFP1Z2CR3,29.18510335,-19.53003063
SFP1Z2CR4,29.18482583,-19.5300217
SFP1Z3CR2,29.18507656,-19.52966206
SFP1Z3CR3,29.18535994,-19.52973269
SFP1Z3CR4,29.18536704,-19.52992255
SFP1Z4CR1,29.18513004,-19.53004897
SFP1Z4CR3,29.18537403,-19.52989801
SFP1Z4CR4,29.18538826,-19.53009953
SFP1ZCENTER,29.1850866,-19.52986023
SFP2Z1CR1,29.18479655,-19.53057573
SFP2Z1CR2,29.18479962,-19.5303896
SFP2Z1CR3,29.18507523,-19.53042164
SFP2Z2CR2,29.18476601,-19.53058599
SFP2Z2CR3,29.18479581,-19.53074738
SFP2Z2CR4,29.18507427,-19.53081346
SFP2Z3CR2,29.18534797,-19.53067099
SFP2Z3CR3,29.18536945,-19.53044866
SFP2Z3CR4,29.18505804,-19.53040796
SFP2Z4CR1,29.18502199,-19.53083603
SFP2Z4CR3,29.18536688,-19.53063164
SFP2Z4CR4,29.18535936,-19.53081005
SFP2ZCENTER,29.18507088,-19.53059642
SFP3Z1CR1,29.18476993,-19.53130153
SFP3Z1CR2,29.18479054,-19.53110651
SFP3Z1CR3,29.18502488,-19.53119626
SFP3Z2CR1,29.18476052,-19.53146919
SFP3Z2CR2,29.184792,-19.53131497
SFP3Z2CR4,29.18502469,-19.53155677
SFP3Z3CR2,29.18504697,-19.53122403
SFP3Z3CR3,29.18533418,-19.53125971
SFP3Z3CR4,29.18531768,-19.53143554
SFP3Z4CR1,29.18503004,-19.53155603
SFP3Z4CR3,29.18530497,-19.53143097
SFP3Z4CR4,29.18530116,-19.53162047
SFP3ZCENTER,29.185051,-19.53138102
SFP4Z1CR1,29.18446216,-19.53194005
SFP4Z1CR2,29.18446509,-19.53176265
SFP4Z1CR3,29.18473659,-19.5318393
SFP4Z2CR1,29.18449218,-19.53211569
SFP4Z2CR2,29.184462,-19.53192098
SFP4Z2CR3,29.1847397,-19.53219855
SFP4Z3CR2,29.18474103,-19.53186298
SFP4Z3CR3,29.18501522,-19.53186886
SFP4Z3CR4,29.18502251,-19.53206913
SFP4Z4CR1,29.18475604,-19.53221602
SFP4Z4CR3,29.18500104,-19.53208996
SFP4Z4CR4,29.18503006,-19.53224779
SFP4ZCENTER,29.18475298,-19.53202166
SFP5Z1CR1,29.18427209,-19.53239954
SFP5Z1CR2,29.18426766,-19.53222023
SFP5Z1CR3,29.18452106,-19.53234096
SFP5Z2CR1,29.18428558,-19.53259108
SFP5Z2CR2,29.18426402,-19.53240403
SFP5Z2CR4,29.18453203,-19.53270516
SFP5Z3CR2,29.18450299,-19.53234896
SFP5Z3CR3,29.18478194,-19.53246976
SFP5Z3CR4,29.18479897,-19.53265218
SFP5Z4CR1,29.18451799,-19.53269304
SFP5Z4CR3,29.18480901,-19.53265398
SFP5Z4CR4,29.18480535,-19.53283715
SFP5ZCENTER,29.18453216,-19.53253777
