I.D.code,Latitude,Longitude,Elevation,Date,Time,,,,,,
SAP1Z1Q1,-19.680726,29.31357197,1340.790161,2024-04-20T08:45:13Z,NA,,,,,,
SAP1Z1Q2,-19.680956,29.31349997,1340.352783,2024-04-20T08:42:07Z,NA,,,,,,
SAP1Z1Q3,-19.68095197,29.31338103,1339.127075,2024-04-20T08:26:37Z,NA,,,,,,
SAP1Z1Q4,-19.68074896,29.31345102,1341.592773,2024-04-20T08:49:03Z,NA,,,,,,
SAP1Z1Q5,-19.68084997,29.31350098,1341.784912,2024-04-20T08:52:57Z,NA,,,,,,
SAP1Z2Q1,-19.68072801,29.31339696,1340.759033,2024-04-20T08:50:14Z,NA,,,,,,
SAP1Z2Q2,-19.68094502,29.31330501,1340.184937,2024-04-20T08:29:54Z,NA,,,,,,
SAP1Z2Q3,-19.68094996,29.31322597,1342.025757,2024-04-20T09:02:12Z,NA,,,,,,
SAP1Z2Q4,-19.68075701,29.31327098,1342.320068,2024-04-20T08:58:02Z,NA,,,,,,
SAP1Z2Q5,-19.68084502,29.31328196,1341.685425,2024-04-20T08:59:15Z,NA,,,,,,
SAP1Z3Q1,-19.68100998,29.31354197,1341.319824,2024-04-20T08:40:18Z,NA,,,,,,
SAP1Z3Q2,-19.68121399,29.31343904,1338.977539,2024-04-20T08:13:10Z,NA,,,,,,
SAP1Z3Q3,-19.68122296,29.31332404,1339.042725,2024-04-20T08:16:46Z,NA,,,,,,
SAP1Z3Q4,-19.68102599,29.313375,1338.859741,2024-04-20T08:24:55Z,NA,,,,,,
SAP1Z3Q5,-19.681114,29.313361,1341.292236,2024-04-20T08:35:11Z,NA,,,,,,
SAP1Z4Q1,-19.68102003,29.31331398,1340.345215,2024-04-20T08:31:20Z,NA,,,,,,
SAP1Z4Q2,-19.68121299,29.31325899,1339.761841,2024-04-20T08:18:48Z,NA,,,,,,
SAP1Z4Q3,-19.68120301,29.31316696,1343.583862,2024-04-20T09:10:32Z,NA,,,,,,
SAP1Z4Q4,-19.68100604,29.31321398,1343.06665,2024-04-20T09:02:56Z,NA,,,,,,
SAP1Z4Q5,-19.68111299,29.31322999,1342.499634,2024-04-20T09:07:25Z,NA,,,,,,
SAP2Z1Q1,-19.68076598,29.314122,1342.506348,2024-04-20T06:20:02Z,NA,,,,,,
SAP2Z1Q2,-19.68095399,29.31411403,1333.657227,2025-04-14T07:11:34Z,NA,,,,,,
SAP2Z1Q3,-19.68096497,29.31396802,1341.22229,2024-04-20T06:32:31Z,NA,,,,,,
SAP2Z1Q4,-19.68076698,29.31402904,1340.503662,2024-04-20T06:51:07Z,NA,,,,,,
SAP2Z1Q5,-19.68090302,29.31405201,1339.510742,2024-04-20T07:00:08Z,NA,,,,,,
SAP2Z2Q1,-19.68077998,29.31396701,1339.410889,2024-04-20T06:55:07Z,NA,,,,,,
SAP2Z2Q2,-19.68096698,29.31408503,1340.966919,2024-04-20T06:24:48Z,NA,,,,,,
SAP2Z2Q3,-19.68096597,29.31378102,1336.818604,2024-04-20T07:32:34Z,NA,,,,,,
SAP2Z2Q4,-19.68075802,29.31384296,1337.291504,2024-04-20T07:39:30Z,NA,,,,,,
SAP2Z2Q5,-19.68086899,29.313864,1337.934448,2024-04-20T07:43:23Z,NA,,,,,,
SAP2Z3Q1,-19.68103697,29.31409299,1341.42981,2024-04-20T06:27:52Z,NA,,,,,,
SAP2Z3Q2,-19.68127501,29.31404899,1338.585327,2024-04-20T07:10:25Z,NA,,,,,,
SAP2Z3Q3,-19.68124199,29.31393298,1339.141968,2024-04-20T07:17:01Z,NA,,,,,,
SAP2Z3Q4,-19.68103504,29.313964,1340.65625,2024-04-20T06:42:46Z,NA,,,,,,
SAP2Z3Q5,-19.68112799,29.31400398,1338.537842,2024-04-20T07:05:49Z,NA,,,,,,
SAP2Z4Q1,-19.68102699,29.31388001,1340.802734,2024-04-20T06:39:04Z,NA,,,,,,
SAP2Z4Q2,-19.68125196,29.313864,1337.828735,2024-04-20T07:18:40Z,NA,,,,,,
SAP2Z4Q3,-19.68123998,29.31375403,1337.370605,2024-04-20T07:25:19Z,NA,,,,,,
SAP2Z4Q4,-19.68102196,29.31376501,1336.190308,2024-04-20T07:29:39Z,NA,,,,,,
SAP2Z4Q5,-19.68112397,29.31381597,1338.400513,2024-04-20T07:50:42Z,NA,,,,,,
SAP3Z1Q1,-19.68157198,29.31368697,1334.094238,2024-04-19T13:05:03Z,NA,,,,,,
SAP3Z1Q2,-19.68155597,29.313778,1334.003052,2024-04-19T13:00:46Z,NA,,,,,,
SAP3Z1Q3,-19.68176703,29.31378203,1335.765015,2024-04-19T12:37:36Z,NA,,,,,,
SAP3Z1Q4,-19.68178798,29.31365202,1334.587158,2024-04-19T13:09:39Z,NA,,,,,,
SAP3Z1Q5,-19.681676,29.31375001,1333.330566,2024-04-19T13:12:37Z,NA,,,,,,
SAP3Z2Q1,-19.68182302,29.31362403,1344.012573,2024-04-20T05:55:37Z,NA,,,,,,
SAP3Z2Q2,-19.681833,29.31373802,1336.209961,2024-04-19T12:40:28Z,NA,,,,,,
SAP3Z2Q3,-19.6819585,29.31373019,1346.471,2024-04-19T12:37:48Z,NA,,,,,,
SAP3Z2Q4,-19.68205696,29.31359402,1345.670288,2024-04-20T05:44:05Z,NA,,,,,,
SAP3Z2Q5,-19.681949,29.31363903,1343.421997,2024-04-20T06:02:04Z,NA,,,,,,
SAP3Z3Q1,-19.68157601,29.31386199,1334.684326,2024-04-19T12:55:55Z,NA,,,,,,
SAP3Z3Q2,-19.68158799,29.31398101,1337.299683,2024-04-19T12:22:17Z,NA,,,,,,
SAP3Z3Q3,-19.68178103,29.31396903,1335.767212,2024-04-19T12:27:48Z,NA,,,,,,
SAP3Z3Q4,-19.68177198,29.31382201,1335.652832,2024-04-19T12:49:07Z,NA,,,,,,
SAP3Z3Q5,-19.68170098,29.31387104,1333.023071,2024-04-19T13:14:47Z,NA,,,,,,
SAP3Z4Q1,-19.68184699,29.31381698,1335.956665,2024-04-19T12:45:30Z,NA,,,,,,
SAP3Z4Q2,-19.681862,29.31395603,1336.216309,2024-04-19T12:30:43Z,NA,,,,,,
SAP3Z4Q3,-19.68205302,29.31389099,1347.213257,2024-04-20T05:29:09Z,NA,,,,,,
SAP3Z4Q4,-19.68207104,29.31378102,1347.104004,2024-04-20T05:33:54Z,NA,,,,,,
SAP3Z4Q5,-19.681949,29.31382402,1345.178101,2024-04-20T05:50:39Z,NA,,,,,,
SAP4Z1Q1,-19.68154902,29.31305104,1346.33667,2024-04-20T09:22:04Z,NA,,,,,,
SAP4Z1Q2,-19.68156796,29.31313997,1345.938599,2024-04-20T09:26:17Z,NA,,,,,,
SAP4Z1Q3,-19.68180399,29.31318004,1346.991089,2024-04-20T09:41:00Z,NA,,,,,,
SAP4Z1Q4,-19.68178103,29.31306898,1347.703491,2024-04-20T09:31:45Z,NA,,,,,,
SAP4Z1Q5,-19.68165798,29.31308499,1347.244385,2024-04-20T09:36:14Z,NA,,,,,,
SAP4Z2Q1,-19.68182998,29.313059,1348.658447,2024-04-20T10:11:03Z,NA,,,,,,
SAP4Z2Q2,-19.68187097,29.31316503,1348.907593,2024-04-20T09:43:33Z,NA,,,,,,
SAP4Z2Q3,-19.68201203,29.31319102,1349.554443,2024-04-20T10:04:30Z,NA,,,,,,
SAP4Z2Q4,-19.68200902,29.31307501,1349.647339,2024-04-20T10:07:21Z,NA,,,,,,
SAP4Z2Q5,-19.68192402,29.31313201,1348.910767,2024-04-20T10:08:17Z,NA,,,,,,
SAP4Z3Q1,-19.68158204,29.31320703,1345.712402,2024-04-20T09:27:09Z,NA,,,,,,
SAP4Z3Q2,-19.68159101,29.31335798,1347.417847,2024-04-20T09:57:32Z,NA,,,,,,
SAP4Z3Q3,-19.68178597,29.31333804,1348.267944,2024-04-20T09:51:26Z,NA,,,,,,
SAP4Z3Q4,-19.68183702,29.31324097,1347.804443,2024-04-20T09:47:58Z,NA,,,,,,
SAP4Z3Q5,-19.68169302,29.31329596,1347.307983,2024-04-20T09:54:14Z,NA,,,,,,
SAP4Z4Q1,-19.681906,29.31324902,1348.403442,2024-04-20T09:45:43Z,NA,,,,,,
SAP4Z4Q2,-19.681848,29.313332,1348.437988,2024-04-20T09:52:05Z,NA,,,,,,
SAP4Z4Q3,-19.68202,29.31335899,1348.540527,2024-04-20T10:02:12Z,NA,,,,,,
SAP4Z4Q4,-19.68202201,29.31323402,1349.693115,2024-04-20T10:03:41Z,NA,,,,,,
SAP4Z4Q5,-19.68195202,29.31330702,1348.590576,2024-04-20T09:58:57Z,NA,,,,,,
SAP5Z1Q1,-19.68210398,29.31434898,1340.372559,2024-04-18T08:19:50Z,NA,,,,,,
SAP5Z1Q2,-19.68209602,29.31446498,1339.897949,2024-04-18T08:08:54Z,NA,,,,,,
SAP5Z1Q3,-19.68229702,29.31449097,1342.774536,2024-04-18T08:36:27Z,NA,,,,,,
SAP5Z1Q4,-19.68230297,29.31434504,1341.61084,2024-04-18T08:23:34Z,NA,,,,,,
SAP5Z1Q5,-19.68220498,29.31443699,1343.873535,2024-04-18T08:44:00Z,NA,,,,,,
SAP5Z2Q1,-19.68238503,29.31429399,1339.385254,2024-04-18T11:45:57Z,NA,,,,,,
SAP5Z2Q2,-19.68238302,29.31447898,1340.993652,2024-04-18T10:56:12Z,NA,,,,,,
SAP5Z2Q3,-19.68259198,29.31446004,1340.073242,2024-04-18T11:24:10Z,NA,,,,,,
SAP5Z2Q4,-19.68257999,29.31429701,1339.269897,2024-04-18T11:31:34Z,NA,,,,,,
SAP5Z2Q5,-19.68250598,29.31434898,1338.536011,2024-04-18T11:39:11Z,NA,,,,,,
SAP5Z3Q1,-19.68210298,29.31455299,1340.366333,2024-04-18T08:12:13Z,NA,,,,,,
SAP5Z3Q2,-19.68209996,29.31467797,1344.994629,2024-04-18T08:56:26Z,NA,,,,,,
SAP5Z3Q3,-19.68232702,29.31469699,1344.543457,2024-04-18T08:50:02Z,NA,,,,,,
SAP5Z3Q4,-19.68232803,29.31453698,1343.740601,2024-04-18T08:38:08Z,NA,,,,,,
SAP5Z3Q5,-19.68221596,29.31461602,1345.032959,2024-04-18T09:04:05Z,NA,,,,,,
SAP5Z4Q1,-19.68237698,29.31453497,1341.51416,2024-04-18T10:51:56Z,NA,,,,,,
SAP5Z4Q2,-19.68237698,29.31467604,1343.05127,2024-04-18T10:46:30Z,NA,,,,,,
SAP5Z4Q3,-19.68261997,29.31467503,1341.677124,2024-04-18T11:04:46Z,NA,,,,,,
SAP5Z4Q4,-19.68260799,29.31454503,1340.57251,2024-04-18T11:11:13Z,NA,,,,,,
SAP5Z4Q5,-19.68250296,29.31458803,1341.337891,2024-04-18T11:16:12Z,NA,,,,,,
SBP1Z1Q2,-19.71283598,29.32327797,1356.137329,2024-04-05T12:42:30Z,NA,,,,,,
SBP1Z1Q3,-19.71271997,29.32304302,1353.634766,2024-04-05T12:51:31Z,NA,,,,,,
SBP1Z1Q4,-19.71263397,29.32309801,1346.726929,2024-04-05T13:00:53Z,NA,,,,,,
SBP1Z1Q5,-19.71278099,29.32315601,1344.532349,2024-04-05T13:08:55Z,NA,,,,,,
SBP1Z1Q1,-19.71282399,29.32338702,1366.789429,2024-04-05T12:29:51Z,NA,,,,,,
SBP1Z2Q1,-19.71258402,29.32307102,1340.532104,2024-04-05T13:19:46Z,NA,,,,,,
SBP1Z2Q2,-19.71271402,29.32297002,1336.846069,2024-04-05T13:35:40Z,NA,,,,,,
SBP1Z2Q3,-19.71251604,29.32282601,1334.784302,2024-04-05T13:40:32Z,NA,,,,,,
SBP1Z2Q4,-19.71261604,29.32276701,1333.789429,2024-04-05T13:49:29Z,NA,,,,,,
SBP1Z2Q5,-19.71260003,29.32284898,1332.5354,2024-04-05T14:03:09Z,NA,,,,,,
SBP1Z3Q1,-19.71288702,29.32322399,1339.52002,2024-04-06T08:47:16Z,NA,,,,,,
SBP1Z3Q2,-19.71297797,29.32315601,1339.5177,2024-04-06T08:51:18Z,NA,,,,,,
SBP1Z3Q3,-19.71288702,29.32290698,1341.299805,2024-04-06T09:01:19Z,NA,,,,,,
SBP1Z3Q4,-19.71276398,29.32299399,1343.202026,2024-04-06T09:08:16Z,NA,,,,,,
SBP1Z3Q5,-19.71286297,29.32310304,1344.03833,2024-04-06T09:20:42Z,NA,,,,,,
SBP1Z4Q1,-19.71272802,29.32298996,1339.705688,2024-04-07T08:23:37Z,NA,,,,,,
SBP1Z4Q2,-19.71287001,29.32290296,1340.247437,2024-04-07T08:36:57Z,NA,,,,,,
SBP1Z4Q3,-19.71273799,29.32266198,1340.322998,2024-04-07T08:49:45Z,NA,,,,,,
SBP1Z4Q4,-19.71261503,29.32274697,1340.735229,2024-04-07T08:12:02Z,NA,,,,,,
SBP1Z4Q5,-19.71275702,29.322823,1341.013062,2024-04-07T09:04:15Z,NA,,,,,,
SBP2Z1Q1,-19.71224396,29.322536,1335.057251,2026-03-07 T13:12:35Z,NA,,,,,,
SBP2Z1Q2,-19.71231999,29.32246903,1346.673706,2024-04-07T10:56:09Z,NA,,,,,,
SBP2Z1Q3,-19.71218999,29.32226904,1346.789917,2024-04-07T11:04:44Z,NA,,,,,,
SBP2Z1Q4,-19.712092,29.32238203,1346.134521,2024-04-07T11:15:22Z,NA,,,,,,
SBP2Z1Q5,-19.71221496,29.32243902,1345.172241,2024-04-07T11:22:00Z,NA,,,,,,
SBP2Z2Q1,-19.71206903,29.32230097,1340.443604,2024-04-07T13:58:55Z,NA,,,,,,
SBP2Z2Q2,-19.71217398,29.32220399,1341.832886,2024-04-07T14:07:32Z,NA,,,,,,
SBP2Z2Q3,-19.71206199,29.32206603,1341.212036,2024-04-07T14:11:05Z,NA,,,,,,
SBP2Z2Q4,-19.71194901,29.32212202,1339.784912,2024-04-07T14:24:16Z,NA,,,,,,
SBP2Z2Q5,-19.71207297,29.322134,1340.491821,2024-04-07T14:35:11Z,NA,,,,,,
SBP2Z3Q1,-19.71235896,29.32239996,1341.352051,2024-04-13T06:06:50Z,NA,,,,,,
SBP2Z3Q2,-19.71246701,29.32235101,1339.923706,2024-04-13T06:02:01Z,NA,,,,,,
SBP2Z3Q3,-19.71234396,29.32215898,1340.114014,2024-04-13T05:55:15Z,NA,,,,,,
SBP2Z3Q4,-19.71224598,29.32223702,1342.577026,2024-04-13T06:14:49Z,NA,,,,,,
SBP2Z3Q5,-19.71240498,29.32227398,1341.608398,2024-04-13T06:09:50Z,NA,,,,,,
SBP2Z4Q1,-19.71219602,29.32216602,1339.171875,2024-04-13T05:45:17Z,NA,,,,,,
SBP2Z4Q2,-19.71231303,29.32209101,1339.120117,2024-04-13T05:41:22Z,NA,,,,,,
SBP2Z4Q3,-19.71218303,29.321931,1340.222534,2024-04-13T05:35:04Z,NA,,,,,,
SBP2Z4Q4,-19.71206199,29.32199302,1340.613647,2024-04-13T05:31:16Z,NA,,,,,,
SBP2Z4Q5,-19.71217297,29.322047,1339.588013,2024-04-13T05:49:46Z,NA,,,,,,
SBP3Z1Q1,-19.71325035,29.32218683,1337.032,2024-04-13T05:56:13Z,NA,,,,,,
SBP3Z1Q2,-19.71303103,29.32181398,1341.749023,2024-04-13T07:10:10Z,NA,,,,,,
SBP3Z1Q3,-19.71295903,29.32187098,1340.475952,2024-04-13T07:21:21Z,NA,,,,,,
SBP3Z1Q4,-19.71305097,29.32205899,1335.894775,2024-04-13T07:46:01Z,NA,,,,,,
SBP3Z1Q5,-19.71306204,29.32193502,1336.590942,2024-04-13T07:40:53Z,NA,,,,,,
SBP3Z2Q1,-19.71299297,29.32208899,1335.037231,2024-04-13T07:49:53Z,NA,,,,,,
SBP3Z2Q2,-19.71290303,29.32191197,1338.995483,2024-04-13T07:32:06Z,NA,,,,,,
SBP3Z2Q3,-19.71277898,29.32198003,1337.399536,2024-04-13T08:05:17Z,NA,,,,,,
SBP3Z2Q4,-19.712898,29.32216904,1336.534058,2024-04-13T07:53:51Z,NA,,,,,,
SBP3Z2Q5,-19.71288401,29.32203602,1337.565674,2024-04-13T08:13:15Z,NA,,,,,,
SBP3Z3Q1,-19.71301996,29.32174701,1341.770874,2024-04-13T07:14:54Z,NA,,,,,,
SBP3Z3Q2,-19.71289599,29.32156504,1336.263062,2024-04-13T08:29:20Z,NA,,,,,,
SBP3Z3Q3,-19.71277999,29.32162003,1336.420044,2024-04-13T08:34:36Z,NA,,,,,,
SBP3Z3Q4,-19.71290697,29.32182798,1340.753418,2024-04-13T07:23:58Z,NA,,,,,,
SBP3Z3Q5,-19.71290798,29.32169303,1336.334106,2024-04-13T08:37:43Z,NA,,,,,,
SBP3Z4Q1,-19.71286196,29.32186796,1340.123047,2024-04-13T07:28:04Z,NA,,,,,,
SBP3Z4Q2,-19.71274403,29.32165104,1336.855591,2024-04-13T08:41:51Z,NA,,,,,,
SBP3Z4Q3,-19.71264697,29.321701,1337.06189,2024-04-13T08:46:31Z,NA,,,,,,
SBP3Z4Q4,-19.71276004,29.32192898,1337.989502,2024-04-13T08:09:45Z,NA,,,,,,
SBP3Z4Q5,-19.71272701,29.32179202,1339.449219,2024-04-13T08:54:39Z,NA,,,,,,
SBP4Z1Q1,-19.71276004,29.32115701,1343.336182,2024-04-13T09:40:02Z,NA,,,,,,
SBP4Z1Q2,-19.71273699,29.32090497,1344.907837,2024-04-13T09:46:16Z,NA,,,,,,
SBP4Z1Q3,-19.712609,29.32097697,1346.410645,2024-04-13T09:53:13Z,NA,,,,,,
SBP4Z1Q4,-19.71264797,29.32120303,1346.648315,2024-04-13T10:01:41Z,NA,,,,,,
SBP4Z1Q5,-19.71265904,29.32104503,1346.598389,2024-04-13T10:02:37Z,NA,,,,,,
SBP4Z2Q1,-19.712639,29.32120596,1340.517456,2024-04-13T12:06:15Z,NA,,,,,,
SBP4Z2Q2,-19.71258502,29.320969,1339.143799,2024-04-13T12:18:19Z,NA,,,,,,
SBP4Z2Q3,-19.71249299,29.321011,1338.09729,2024-04-13T12:33:15Z,NA,,,,,,
SBP4Z2Q4,-19.712524,29.32126103,1340.208984,2024-04-13T12:08:25Z,NA,,,,,,
SBP4Z2Q5,-19.71257304,29.321097,1338.55896,2024-04-13T12:35:38Z,NA,,,,,,
SBP4Z3Q1,-19.71272903,29.320767,1332.059082,2024-04-13T13:24:25Z,NA,,,,,,
SBP4Z3Q2,-19.71268301,29.32057799,1333.445923,2024-04-13T13:31:01Z,NA,,,,,,
SBP4Z3Q3,-19.712595,29.320623,1333.318848,2024-04-13T13:36:35Z,NA,,,,,,
SBP4Z3Q4,-19.71263498,29.32089499,1333.551514,2024-04-13T13:54:03Z,NA,,,,,,
SBP4Z3Q5,-19.71267404,29.32074001,1333.005615,2024-04-13T13:45:44Z,NA,,,,,,
SBP4Z4Q1,-19.71256801,29.32089902,1338.666016,2024-04-13T12:23:16Z,NA,,,,,,
SBP4Z4Q2,-19.71255996,29.32066298,1332.894287,2024-04-13T13:40:01Z,NA,,,,,,
SBP4Z4Q3,-19.71243901,29.32071797,1334.83252,2024-04-13T14:10:01Z,NA,,,,,,
SBP4Z4Q4,-19.71265099,29.32120202,1346.157104,2024-04-13T09:55:47Z,NA,,,,,,
SBP4Z4Q5,-19.71253599,29.32083003,1334.480957,2024-04-13T14:04:19Z,NA,,,,,,
SBP5Z1Q1,-19.71320998,29.32084302,1338.105103,2024-04-14T06:55:17Z,NA,,,,,,
SBP5Z1Q2,-19.71331299,29.32077899,1338.456421,2024-04-14T07:01:18Z,NA,,,,,,
SBP5Z1Q3,-19.71325499,29.32055896,1340.21228,2024-04-14T07:20:49Z,NA,,,,,,
SBP5Z1Q4,-19.71338198,29.32076197,1339.00061,2024-04-14T07:08:16Z,NA,,,,,,
SBP5Z1Q5,-19.71324602,29.32069902,1340.657349,2024-04-14T07:48:03Z,NA,,,,,,
SBP5Z2Q1,-19.71312096,29.32055896,1342.157959,2024-04-14T08:02:43Z,NA,,,,,,
SBP5Z2Q2,-19.71322599,29.32044396,1340.208374,2024-04-14T07:27:24Z,NA,,,,,,
SBP5Z2Q3,-19.71317503,29.32028504,1342.340088,2024-04-14T08:16:20Z,NA,,,,,,
SBP5Z2Q4,-19.71307897,29.32031999,1342.396606,2024-04-14T08:07:41Z,NA,,,,,,
SBP5Z2Q5,-19.71314804,29.32037598,1342.190796,2024-04-14T08:44:47Z,NA,,,,,,
SBP5Z3Q1,-19.71333797,29.320724,1339.797974,2024-04-14T07:55:47Z,NA,,,,,,
SBP5Z3Q2,-19.71346202,29.32067103,1343.849731,2024-04-14T09:08:34Z,NA,,,,,,
SBP5Z3Q3,-19.71340503,29.32045796,1342.067505,2024-04-14T08:49:13Z,NA,,,,,,
SBP5Z3Q4,-19.71332003,29.32051797,1339.20459,2024-04-14T07:36:01Z,NA,,,,,,
SBP5Z3Q5,-19.713386,29.320608,1343.779541,2024-04-14T08:57:54Z,NA,,,,,,
SBP5Z4Q1,-19.71328097,29.32044597,1339.965454,2024-04-14T07:34:50Z,NA,,,,,,
SBP5Z4Q2,-19.71338701,29.32041203,1341.779053,2024-04-14T08:38:13Z,NA,,,,,,
SBP5Z4Q3,-19.71335398,29.32015898,1342.122314,2024-04-14T08:29:15Z,NA,,,,,,
SBP5Z4Q4,-19.71320696,29.32023098,1341.247437,2024-04-14T08:19:04Z,NA,,,,,,
SBP5Z4Q5,-19.71333403,29.32030801,1342.104736,2024-04-14T08:31:03Z,NA,,,,,,
SCP1Z1Q1,-19.662089,29.33217603,1317.816406,2024-04-12T06:48:52Z,NA,,,,,,
SCP1Z1Q2,-19.66216402,29.33195801,1317.610718,2024-04-12T06:52:23Z,NA,,,,,,
SCP1Z1Q3,-19.66206302,29.33193698,1318.133911,2024-04-12T06:59:45Z,NA,,,,,,
SCP1Z1Q4,-19.66200996,29.33209699,1317.036865,2024-04-12T07:19:45Z,NA,,,,,,
SCP1Z1Q5,-19.66207702,29.33202197,1317.653564,2024-04-12T07:29:16Z,NA,,,,,,
SCP1Z2Q1,-19.66190703,29.33209296,1317.422241,2024-04-12T07:23:02Z,NA,,,,,,
SCP1Z2Q2,-19.662017,29.33189297,1318.886841,2024-04-12T07:04:14Z,NA,,,,,,
SCP1Z2Q3,-19.66193503,29.33183396,1316.735229,2024-04-12T07:35:45Z,NA,,,,,,
SCP1Z2Q4,-19.66180603,29.33204996,1315.719116,2024-04-12T07:43:47Z,NA,,,,,,
SCP1Z2Q5,-19.66192799,29.33197402,1315.302368,2024-04-12T07:47:39Z,NA,,,,,,
SCP1Z3Q1,-19.66206201,29.33247903,1318.745605,2024-04-12T09:25:51Z,NA,,,,,,
SCP1Z3Q2,-19.66206998,29.33223797,1317.580078,2024-04-12T09:15:17Z,NA,,,,,,
SCP1Z3Q3,-19.661988,29.33220101,1316.321533,2024-04-12T08:29:03Z,NA,,,,,,
SCP1Z3Q4,-19.66194299,29.33239798,1314.647217,2024-04-12T08:15:10Z,NA,,,,,,
SCP1Z3Q5,-19.66200502,29.33233,1318.42981,2024-04-12T09:17:18Z,NA,,,,,,
SCP1Z4Q1,-19.66185498,29.332359,1314.61377,2024-04-12T08:11:47Z,NA,,,,,,
SCP1Z4Q2,-19.66190997,29.33218198,1316.411621,2024-04-12T08:22:56Z,NA,,,,,,
SCP1Z4Q3,-19.66180301,29.33212096,1313.783691,2024-04-12T07:57:05Z,NA,,,,,,
SCP1Z4Q4,-19.66176496,29.33232103,1313.436401,2024-04-12T08:02:35Z,NA,,,,,,
SCP1Z4Q5,-19.66185104,29.332258,1316.30481,2024-04-12T08:37:33Z,NA,,,,,,
SCP2Z1Q1,-19.662247,29.33279696,1313.261597,2024-04-12T13:19:33Z,NA,,,,,,
SCP2Z1Q2,-19.66236896,29.33282001,1313.376343,2024-04-12T13:26:37Z,NA,,,,,,
SCP2Z1Q3,-19.66238799,29.33256696,1317.46936,2024-04-12T13:02:40Z,NA,,,,,,
SCP2Z1Q4,-19.662289,29.33258599,1315.395508,2024-04-12T13:09:23Z,NA,,,,,,
SCP2Z1Q5,-19.66230299,29.33269001,1311.921143,2024-04-12T13:42:20Z,NA,,,,,,
SCP2Z2Q1,-19.662304,29.33250804,1309.504395,2024-04-12T13:58:51Z,NA,,,,,,
SCP2Z2Q2,-19.662405,29.33253704,1309.449707,2024-04-12T13:54:56Z,NA,,,,,,
SCP2Z2Q3,-19.66243903,29.33232699,1317.754883,2024-04-12T12:39:19Z,NA,,,,,,
SCP2Z2Q4,-19.66235798,29.33227996,1310.567627,2024-04-12T14:03:29Z,NA,,,,,,
SCP2Z2Q5,-19.66241104,29.33239496,1309.974243,2024-04-12T14:07:33Z,NA,,,,,,
SCP2Z3Q1,-19.66241296,29.33278296,1312.825317,2024-04-12T13:33:13Z,NA,,,,,,
SCP2Z3Q2,-19.662592,29.33259403,1321.224976,2024-04-12T12:19:14Z,NA,,,,,,
SCP2Z3Q3,-19.66256099,29.33279302,1311.341797,2024-04-12T13:49:54Z,NA,,,,,,
SCP2Z3Q4,-19.66245102,29.33259596,1316.592407,2024-04-12T12:55:32Z,NA,,,,,,
SCP2Z3Q5,-19.66246904,29.33272596,1311.566162,2024-04-12T13:37:30Z,NA,,,,,,
SCP2Z4Q1,-19.66245697,29.33253,1317.289551,2024-04-12T12:47:09Z,NA,,,,,,
SCP2Z4Q2,-19.66258203,29.33256302,1319.594116,2024-04-12T12:25:55Z,NA,,,,,,
SCP2Z4Q3,-19.66260198,29.33234098,1319.218994,2024-04-12T12:30:45Z,NA,,,,,,
SCP2Z4Q4,-19.66251397,29.33235297,1317.67688,2024-04-12T12:35:40Z,NA,,,,,,
SCP2Z4Q5,-19.66250198,29.33245598,1317.783203,2024-04-12T12:50:16Z,NA,,,,,,
SCP3Z1Q1,-19.71316899,29.32199897,1342.164429,2024-04-13T07:02:49Z,NA,,,,,,
SCP3Z1Q2,-19.66204198,29.33105696,1318.595337,2024-04-15T09:31:36Z,NA,,,,,,
SCP3Z1Q3,-19.66186202,29.33154001,1316.798584,2024-04-15T09:18:23Z,NA,,,,,,
SCP3Z1Q4,-19.66240902,29.33186397,1317.91626,2024-04-15T09:22:10Z,NA,,,,,,
SCP3Z1Q5,-19.66196897,29.331768,1320.38562,2024-04-15T09:49:59Z,NA,,,,,,
SCP3Z2Q1,-19.66197099,29.33125603,1318.96582,2024-04-15T09:34:50Z,NA,,,,,,
SCP3Z2Q2,-19.66179497,29.33151503,1314.204712,2024-04-15T09:03:50Z,NA,,,,,,
SCP3Z2Q3,-19.66178901,29.33150296,1314.28064,2024-04-15T09:04:46Z,NA,,,,,,
SCP3Z2Q4,-19.66189697,29.33153196,1314.848145,2024-04-15T09:11:20Z,NA,,,,,,
SCP3Z2Q5,-19.66186403,29.33142702,1316.028809,2024-04-15T09:29:40Z,NA,,,,,,
SCP3Z4Q1,-19.66221197,29.33109996,1315.047607,2024-04-15T07:37:59Z,NA,,,,,,
SCP3Z4Q2,-19.66205497,29.33107004,1314.914062,2024-04-15T07:42:40Z,NA,,,,,,
SCP3Z4Q3,-19.66200904,29.331236,1315.278564,2024-04-15T07:48:22Z,NA,,,,,,
SCP3Z4Q4,-19.66214399,29.33128604,1315.370361,2024-04-15T07:57:37Z,NA,,,,,,
SCP3Z4Q5,-19.662103,29.33115,1315.605103,2024-04-15T08:01:02Z,NA,,,,,,
SCP3Z4Q1,-19.66201499,29.33103399,1315.163696,2024-04-15T07:44:55Z,NA,,,,,,
SCP3Z4Q2,-19.66190301,29.33099301,1314.663452,2024-04-15T08:12:20Z,NA,,,,,,
SCP3Z4Q3,-19.66182003,29.33120398,1314.195312,2024-04-15T08:09:01Z,NA,,,,,,
SCP3Z4Q4,-19.66195196,29.33124396,1314.959351,2024-04-15T07:51:37Z,NA,,,,,,
SCP3Z4Q5,-19.66193704,29.33109401,1315.020508,2024-04-15T08:16:18Z,NA,,,,,,
SCP4Z1Q1,-19.662261,29.33059696,1311.620972,2024-04-15T11:49:00Z,NA,,,,,,
SCP4Z1Q2,-19.662132,29.33047702,1313.665527,2024-04-15T12:09:09Z,NA,,,,,,
SCP4Z1Q3,-19.66208104,29.33075697,1309.164551,2024-04-15T11:29:20Z,NA,,,,,,
SCP4Z1Q4,-19.66222798,29.33080399,1309.085693,2024-04-15T11:26:34Z,NA,,,,,,
SCP4Z1Q5,-19.66217701,29.33062797,1315.387939,2024-04-15T12:20:38Z,NA,,,,,,
SCP4Z2Q1,-19.66203603,29.330503,1325.731689,2025-04-24T08:51Z,NA,,,,,,
SCP4Z2Q2,-19.661974,29.33046704,1313.688721,2024-04-15T12:29:51Z,NA,,,,,,
SCP4Z2Q3,-19.66196503,29.33068397,1314.570557,2024-04-15T12:25:12Z,NA,,,,,,
SCP4Z2Q4,-19.662045,29.33071196,1308.888306,2024-04-15T11:31:58Z,NA,,,,,,
SCP4Z2Q5,-19.66202304,29.33056,1314.325439,2024-04-15T12:34:43Z,NA,,,,,,
SCP4Z3Q1,-19.66232303,29.33029798,1312.492188,2024-04-15T11:59:22Z,NA,,,,,,
SCP4Z3Q2,-19.662189,29.33024903,1313.278198,2024-04-15T12:41:29Z,NA,,,,,,
SCP4Z3Q3,-19.66212798,29.33044198,1314.114624,2024-04-15T12:12:38Z,NA,,,,,,
SCP4Z3Q4,-19.66226201,29.33049696,1312.581665,2024-04-15T11:53:34Z,NA,,,,,,
SCP4Z3Q5,-19.66221297,29.33036998,1315.176636,2024-04-15T12:46:55Z,NA,,,,,,
SCP4Z4Q1,-19.66209898,29.33023402,1314.37915,2024-04-15T12:52:46Z,NA,,,,,,
SCP4Z4Q2,-19.66200996,29.33020402,1314.205933,2024-04-15T12:58:53Z,NA,,,,,,
SCP4Z4Q3,-19.66197501,29.33038498,1312.284668,2024-04-15T13:06:01Z,NA,,,,,,
SCP4Z4Q4,-19.66206403,29.33044902,1313.9552,2024-04-15T13:15:25Z,NA,,,,,,
SCP4Z4Q5,-19.66202698,29.33031499,1312.93335,2024-04-15T13:11:30Z,NA,,,,,,
SCP5Z1Q1,-19.66282602,29.33096903,1318.098267,2024-04-15T13:50:40Z,NA,,,,,,
SCP5Z1Q2,-19.66276601,29.33086602,1318.812622,2024-04-15T13:53:11Z,NA,,,,,,
SCP5Z1Q3,-19.66259703,29.331049,1316.871582,2024-04-15T13:59:05Z,NA,,,,,,
SCP5Z1Q4,-19.66267096,29.33112402,1318.962524,2024-04-15T13:45:49Z,NA,,,,,,
SCP5Z1Q5,-19.66271304,29.33092603,1316.501953,2024-04-15T14:02:05Z,NA,,,,,,
SCP5Z2Q1,-19.66270097,29.330833,1318.509888,2024-04-16T06:14:00Z,NA,,,,,,
SCP5Z2Q2,-19.66261396,29.33073401,1317.300049,2024-04-16T06:02:39Z,NA,,,,,,
SCP5Z2Q3,-19.66244599,29.330935,1316.77417,2024-04-16T05:59:37Z,NA,,,,,,
SCP5Z2Q4,-19.66252796,29.330978,1316.203979,2024-04-16T05:50:26Z,NA,,,,,,
SCP5Z2Q5,-19.66257004,29.33088102,1319.834473,2024-04-16T06:20:04Z,NA,,,,,,
SCP5Z3Q1,-19.66290599,29.33070802,1321.090576,2024-04-16T06:30:57Z,NA,,,,,,
SCP5Z3Q2,-19.66280096,29.33055698,1319.073486,2024-04-16T06:39:09Z,NA,,,,,,
SCP5Z3Q3,-19.66284203,29.33070098,1318.671021,2024-04-16T06:43:24Z,NA,,,,,,
SCP5Z3Q4,-19.66284698,29.330877,1320.812622,2024-04-16T06:26:49Z,NA,,,,,,
SCP5Z3Q5,-19.66285201,29.33070903,1319.850586,2024-04-16T06:28:18Z,NA,,,,,,
SCP5Z4Q1,-19.66274698,29.33055304,1319.27832,2024-04-16T06:37:11Z,NA,,,,,,
SCP5Z4Q2,-19.66265403,29.33046998,1318.753906,2024-04-16T06:54:00Z,NA,,,,,,
SCP5Z4Q3,-19.66258999,29.33066301,1318.203979,2024-04-16T06:06:25Z,NA,,,,,,
SCP5Z4Q4,-19.66275201,29.33076996,1318.620239,2024-04-16T06:11:52Z,NA,,,,,,
SCP5Z4Q5,-19.66270298,29.33059202,1319.254761,2024-04-16T06:56:57Z,NA,,,,,,
SDP1Z1Q1,-19.63962802,29.22058096,1330.934448,2024-04-24T08:29:43Z,NA,,,,,,
SDP1Z1Q2,-19.63963103,29.22043998,1332.060059,2024-04-24T08:34:31Z,NA,,,,,,
SDP1Z1Q3,-19.63943599,29.22039597,1333.530273,2024-04-24T08:41:24Z,NA,,,,,,
SDP1Z1Q4,-19.63941897,29.22055104,1330.764893,2024-04-24T08:25:41Z,NA,,,,,,
SDP1Z1Q5,-19.63952903,29.22046697,1337.903198,2024-04-24T08:55:57Z,NA,,,,,,
SDP1Z2Q1,-19.63932501,29.22051399,1338.405029,2024-04-24T09:16:25Z,NA,,,,,,
SDP1Z2Q2,-19.63936399,29.22039396,1335.842163,2024-04-24T08:50:27Z,NA,,,,,,
SDP1Z2Q3,-19.63918202,29.22032699,1336.19397,2024-04-24T09:21:34Z,NA,,,,,,
SDP1Z2Q4,-19.63911697,29.22047602,1339.550415,2024-04-24T09:42:27Z,NA,,,,,,
SDP1Z2Q5,-19.63924002,29.22042799,1339.882446,2024-04-24T09:40:17Z,NA,,,,,,
SDP1Z3Q1,-19.63964696,29.22037301,1332.443115,2024-04-24T08:36:33Z,NA,,,,,,
SDP1Z3Q2,-19.639697,29.22026203,1337.350586,2024-04-24T09:07:00Z,NA,,,,,,
SDP1Z3Q3,-19.63947999,29.22023596,1337.218018,2024-04-24T09:02:22Z,NA,,,,,,
SDP1Z3Q4,-19.63944898,29.22034099,1334.081421,2024-04-24T08:43:06Z,NA,,,,,,
SDP1Z3Q5,-19.63957203,29.22029204,1337.594604,2024-04-24T09:10:44Z,NA,,,,,,
SDP1Z4Q1,-19.63937304,29.22033302,1334.735718,2024-04-24T08:47:23Z,NA,,,,,,
SDP1Z4Q2,-19.63941797,29.22020897,1340.406006,2024-04-24T09:35:44Z,NA,,,,,,
SDP1Z4Q3,-19.639165,29.22015097,1339.564087,2024-04-24T09:28:48Z,NA,,,,,,
SDP1Z4Q4,-19.63916601,29.22029397,1339.571777,2024-04-24T09:26:17Z,NA,,,,,,
SDP1Z4Q5,-19.63926299,29.22024401,1340.118042,2024-04-24T09:38:03Z,NA,,,,,,
SDP2Z1Q1,-19.63977604,29.22135604,1340.543701,2024-04-24T11:11:48Z,NA,,,,,,
SDP2Z1Q2,-19.639697,29.22121002,1339.763794,2024-04-24T10:19:34Z,NA,,,,,,
SDP2Z1Q3,-19.63950003,29.22125604,1339.867676,2024-04-24T10:33:57Z,NA,,,,,,
SDP2Z1Q4,-19.63946398,29.22141102,1340.177368,2024-04-24T11:17:50Z,NA,,,,,,
SDP2Z1Q5,-19.63960698,29.22131103,1339.116333,2024-04-24T11:22:40Z,NA,,,,,,
SDP2Z2Q1,-19.639466,29.221422,1339.254517,2024-04-24T11:31:51Z,NA,,,,,,
SDP2Z2Q2,-19.63943297,29.221263,1339.242065,2024-04-24T10:39:07Z,NA,,,,,,
SDP2Z2Q3,-19.63922996,29.22126099,1338.036499,2024-04-24T11:43:13Z,NA,,,,,,
SDP2Z2Q4,-19.639237,29.22141697,1339.151733,2024-04-24T11:36:56Z,NA,,,,,,
SDP2Z2Q5,-19.63936902,29.221336,1337.197388,2024-04-24T11:54:27Z,NA,,,,,,
SDP2Z3Q1,-19.63969197,29.22112897,1340.523926,2024-04-24T10:16:33Z,NA,,,,,,
SDP2Z3Q2,-19.63968401,29.22104096,1341.270264,2024-04-24T10:09:13Z,NA,,,,,,
SDP2Z3Q3,-19.63947304,29.22102696,1338.550537,2024-04-24T10:51:50Z,NA,,,,,,
SDP2Z3Q4,-19.639495,29.22116803,1339.42749,2024-04-24T10:31:48Z,NA,,,,,,
SDP2Z3Q5,-19.63960304,29.22105596,1339.347656,2024-04-24T11:02:27Z,NA,,,,,,
SDP2Z4Q1,-19.63943699,29.22116803,1339.361328,2024-04-24T10:43:09Z,NA,,,,,,
SDP2Z4Q2,-19.63941897,29.22102604,1339.072266,2024-04-24T10:55:29Z,NA,,,,,,
SDP2Z4Q3,-19.63923197,29.22106703,1336.457397,2024-04-24T12:02:48Z,NA,,,,,,
SDP2Z4Q4,-19.63922904,29.22119997,1338.512085,2024-04-24T11:48:26Z,NA,,,,,,
SDP2Z4Q5,-19.639352,29.22111204,1334.703369,2024-04-24T12:09:30Z,NA,,,,,,
SDP3Z1Q1,-19.63977604,29.222098,1332.432495,2024-04-25T06:50:07Z,NA,,,,,,
SDP3Z1Q2,-19.63979297,29.22196498,1333.694946,2024-04-25T06:04:26Z,NA,,,,,,
SDP3Z1Q3,-19.63953598,29.22203698,1334.210449,2024-04-25T06:24:50Z,NA,,,,,,
SDP3Z1Q4,-19.639553,29.22215902,1333.887085,2024-04-25T06:40:33Z,NA,,,,,,
SDP3Z1Q5,-19.63965903,29.22204603,1332.267822,2024-04-25T06:57:22Z,NA,,,,,,
SDP3Z2Q1,-19.63947698,29.22215802,1333.948486,2024-04-25T06:43:53Z,NA,,,,,,
SDP3Z2Q2,-19.639495,29.22204,1334.057129,2024-04-25T06:28:07Z,NA,,,,,,
SDP3Z2Q3,-19.639251,29.22207998,1332.95105,2024-04-25T07:22:55Z,NA,,,,,,
SDP3Z2Q4,-19.63925201,29.22220898,1332.271606,2024-04-25T07:07:40Z,NA,,,,,,
SDP3Z2Q5,-19.63937103,29.22211401,1333.442871,2024-04-25T07:32:31Z,NA,,,,,,
SDP3Z3Q1,-19.63978803,29.22190899,1334.206909,2024-04-25T06:03:32Z,NA,,,,,,
SDP3Z3Q2,-19.63977696,29.22177999,1334.359009,2024-04-25T06:01:28Z,NA,,,,,,
SDP3Z3Q3,-19.63954898,29.22183297,1334.275513,2024-04-25T06:08:20Z,NA,,,,,,
SDP3Z3Q4,-19.63955099,29.22195501,1334.192749,2024-04-25T06:14:30Z,NA,,,,,,
SDP3Z3Q5,-19.63964202,29.22186297,1334.271362,2024-04-25T06:19:45Z,NA,,,,,,
SDP3Z4Q1,-19.63947002,29.22196498,1333.533813,2024-04-25T06:32:34Z,NA,,,,,,
SDP3Z4Q2,-19.63948896,29.22184596,1334.147705,2024-04-25T06:09:38Z,NA,,,,,,
SDP3Z4Q3,-19.639265,29.22191997,1333.88147,2024-04-25T07:39:56Z,NA,,,,,,
SDP3Z4Q4,-19.63923298,29.22201997,1333.264771,2024-04-25T07:27:26Z,NA,,,,,,
SDP3Z4Q5,-19.63940699,29.22194201,1334.406738,2024-04-25T07:47:52Z,NA,,,,,,
SDP4Z1Q1,-19.63989599,29.22288196,1341.328857,2024-04-25T09:08:29Z,NA,,,,,,
SDP4Z1Q2,-19.63989599,29.22277702,1336.811646,2024-04-25T08:39:27Z,NA,,,,,,
SDP4Z1Q3,-19.63967202,29.22282002,1338.47168,2024-04-25T08:52:19Z,NA,,,,,,
SDP4Z1Q4,-19.63967898,29.22297098,1341.751099,2024-04-25T09:12:09Z,NA,,,,,,
SDP4Z1Q5,-19.63974603,29.22283301,1342.004883,2024-04-25T09:15:56Z,NA,,,,,,
SDP4Z2Q1,-19.639625,29.22296201,1341.982422,2024-04-25T09:12:48Z,NA,,,,,,
SDP4Z2Q2,-19.63961,29.22284198,1339.069946,2024-04-25T08:56:13Z,NA,,,,,,
SDP4Z2Q3,-19.639366,29.22288297,1342.773682,2024-04-25T09:24:47Z,NA,,,,,,
SDP4Z2Q4,-19.639381,29.22302202,1342.525635,2024-04-25T09:21:26Z,NA,,,,,,
SDP4Z2Q5,-19.63948896,29.22290803,1344.200684,2024-04-25T09:28:43Z,NA,,,,,,
SDP4Z3Q1,-19.63987302,29.22271298,1335.518188,2024-04-25T08:34:43Z,NA,,,,,,
SDP4Z3Q2,-19.639855,29.22259698,1335.717407,2024-04-25T08:31:34Z,NA,,,,,,
SDP4Z3Q3,-19.63964,29.22266101,1337.520752,2024-04-25T08:44:51Z,NA,,,,,,
SDP4Z3Q4,-19.63964503,29.22276696,1338.127197,2024-04-25T08:49:32Z,NA,,,,,,
SDP4Z3Q5,-19.63974302,29.22268499,1340.560791,2024-04-25T09:01:48Z,NA,,,,,,
SDP4Z4Q1,-19.63957597,29.22275397,1339.623535,2024-04-25T08:58:28Z,NA,,,,,,
SDP4Z4Q2,-19.639524,29.22263696,1342.450073,2024-04-25T09:38:48Z,NA,,,,,,
SDP4Z4Q3,-19.63934203,29.22266504,1342.295288,2024-04-25T09:34:31Z,NA,,,,,,
SDP4Z4Q4,-19.63935896,29.22282002,1342.422119,2024-04-25T09:25:44Z,NA,,,,,,
SDP4Z4Q5,-19.63943699,29.22275104,1343.107544,2024-04-25T09:36:12Z,NA,,,,,,
SDP5Z1Q1,-19.63981301,29.22415802,1339.063354,2024-04-25T11:12:05Z,NA,,,,,,
SDP5Z1Q2,-19.63980798,29.22406398,1338.969482,2024-04-25T10:19:07Z,NA,,,,,,
SDP5Z1Q3,-19.639625,29.22410999,1338.407593,2024-04-25T11:17:08Z,NA,,,,,,
SDP5Z1Q4,-19.63960396,29.22423799,1340.067627,2024-04-25T11:08:21Z,NA,,,,,,
SDP5Z1Q5,-19.63967999,29.22414302,1339.334351,2024-04-25T11:10:34Z,NA,,,,,,
SDP5Z2Q1,-19.63955602,29.22424603,1338.915283,2024-04-25T11:05:39Z,NA,,,,,,
SDP5Z2Q2,-19.63953003,29.22414201,1338.874023,2024-04-25T10:35:00Z,NA,,,,,,
SDP5Z2Q3,-19.63929299,29.22422399,1338.335571,2024-04-25T10:52:50Z,NA,,,,,,
SDP5Z2Q4,-19.63934898,29.22431703,1339.049683,2024-04-25T11:04:48Z,NA,,,,,,
SDP5Z2Q5,-19.63942501,29.22424402,1339.049561,2024-04-25T10:59:01Z,NA,,,,,,
SDP5Z3Q1,-19.63975701,29.22398804,1341.407837,2024-04-25T10:12:30Z,NA,,,,,,
SDP5Z3Q2,-19.63976003,29.22387203,1341.385254,2024-04-25T10:07:08Z,NA,,,,,,
SDP5Z3Q3,-19.639539,29.22394596,1337.222778,2024-04-25T10:43:19Z,NA,,,,,,
SDP5Z3Q4,-19.63957798,29.22407898,1338.782227,2024-04-25T10:28:43Z,NA,,,,,,
SDP5Z3Q5,-19.63966599,29.22400204,1338.246582,2024-04-25T10:38:38Z,NA,,,,,,
SDP5Z4Q1,-19.63950598,29.22407102,1338.863281,2024-04-25T10:32:11Z,NA,,,,,,
SDP5Z4Q2,-19.63950397,29.22395602,1337.509766,2024-04-25T10:44:01Z,NA,,,,,,
SDP5Z4Q3,-19.63926299,29.22402198,1337.38916,2024-04-25T10:49:01Z,NA,,,,,,
SDP5Z4Q4,-19.63927003,29.22414897,1337.470215,2024-04-25T10:51:05Z,NA,,,,,,
SDP5Z4Q5,-19.63940699,29.22403104,1338.205811,2024-04-25T10:56:01Z,NA,,,,,,
SEP1Z1Q1,-19.62730704,29.26150301,1321.24707,2024-04-19T07:25:31Z,NA,,,,,,
SEP1Z1Q2,-19.62728902,29.26138801,1321.314331,2024-04-19T06:55:17Z,NA,,,,,,
SEP1Z1Q3,-19.62709397,29.26136898,1321.634521,2024-04-19T07:15:14Z,NA,,,,,,
SEP1Z1Q4,-19.62708802,29.26149303,1320.765137,2024-04-19T07:27:52Z,NA,,,,,,
SEP1Z1Q5,-19.62721199,29.261402,1322.082275,2024-04-19T07:20:48Z,NA,,,,,,
SEP1Z2Q1,-19.627012,29.26148901,1322.768188,2024-04-19T08:10:19Z,NA,,,,,,
SEP1Z2Q2,-19.62703203,29.26139002,1321.335205,2024-04-19T07:09:12Z,NA,,,,,,
SEP1Z2Q3,-19.62684503,29.261387,1319.957397,2024-04-19T07:52:04Z,NA,,,,,,
SEP1Z2Q4,-19.62681301,29.26148498,1321.890503,2024-04-19T08:12:39Z,NA,,,,,,
SEP1Z2Q5,-19.62696296,29.26123202,1321.959839,2024-04-19T07:56:11Z,NA,,,,,,
SEP1Z3Q1,-19.62729396,29.2613,1322.841675,2024-04-19T06:51:17Z,NA,,,,,,
SEP1Z3Q2,-19.62731802,29.26117997,1322.000977,2024-04-19T06:39:34Z,NA,,,,,,
SEP1Z3Q3,-19.62709598,29.26120201,1320.705688,2024-04-19T07:32:03Z,NA,,,,,,
SEP1Z3Q4,-19.62710503,29.26130201,1321.927002,2024-04-19T07:02:11Z,NA,,,,,,
SEP1Z3Q5,-19.62723596,29.26125498,1320.314819,2024-04-19T07:34:12Z,NA,,,,,,
SEP1Z4Q1,-19.62702801,29.26132397,1321.58606,2024-04-19T07:06:10Z,NA,,,,,,
SEP1Z4Q2,-19.62703999,29.26118902,1321.05835,2024-04-19T07:39:58Z,NA,,,,,,
SEP1Z4Q3,-19.626825,29.26116404,1320.856689,2024-04-19T07:45:50Z,NA,,,,,,
SEP1Z4Q4,-19.62683002,29.26129304,1321.308228,2024-04-19T07:48:55Z,NA,,,,,,
SEP1Z4Q5,-19.62697797,29.26125297,1328.968018,2024-04-17T07:53:45Z,NA,,,,,,
SEP2Z1Q1,-19.62762304,29.26058896,1324.209839,2024-04-17T11:50:13Z,NA,,,,,,
SEP2Z1Q2,-19.62766704,29.26046901,1324.611084,2024-04-17T11:54:07Z,NA,,,,,,
SEP2Z1Q3,-19.62747401,29.26038503,1324.412109,2024-04-17T12:07:54Z,NA,,,,,,
SEP2Z1Q4,-19.62743503,29.26050003,1321.745483,2024-04-17T12:22:50Z,NA,,,,,,
SEP2Z1Q5,-19.62756503,29.26044504,1320.280273,2024-04-17T12:29:21Z,NA,,,,,,
SEP2Z2Q1,-19.62739002,29.26046298,1310.866699,2024-04-17T13:08:51Z,NA,,,,,,
SEP2Z2Q2,-19.62740201,29.26038897,1322.563354,2024-04-17T12:19:03Z,NA,,,,,,
SEP2Z2Q3,-19.62723001,29.26026701,1312.232056,2024-04-17T13:00:14Z,NA,,,,,,
SEP2Z2Q4,-19.62716798,29.26039601,1324.804688,2024-04-17T13:05:41Z,NA,,,,,,
SEP2Z2Q5,-19.62730603,29.26034898,1311.368286,2024-04-17T13:10:03Z,NA,,,,,,
SEP2Z3Q1,-19.62770199,29.26041897,1327.528931,2026-03-12T08:54:17Z,NA,,,,,,
SEP2Z3Q2,-19.62773301,29.260279,1327.452148,2026-03-12T09:02:18Z,NA,,,,,,
SEP2Z3Q3,-19.62750459,29.26320027,1326.714,2024-04-17T12:10:40Z,NA,,,,,,
SEP2Z3Q4,-19.62746797,29.26031697,1323.583862,2024-04-17T12:10:45Z,NA,,,,,,
SEP2Z3Q5,-19.62761197,29.26027598,1319.600586,2024-04-17T12:34:45Z,NA,,,,,,
SEP2Z4Q1,-19.62741902,29.26032702,1323.056519,2024-04-17T12:13:34Z,NA,,,,,,
SEP2Z4Q2,-19.62747401,29.26016098,1314.896606,2024-04-17T12:47:56Z,NA,,,,,,
SEP2Z4Q3,-19.62727997,29.26007104,1313.363159,2024-04-17T12:53:01Z,NA,,,,,,
SEP2Z4Q4,-19.62723303,29.26018503,1312.705444,2024-04-17T12:54:16Z,NA,,,,,,
SEP2Z4Q5,-19.62733001,29.26018503,1312.284668,2024-04-17T12:58:21Z,NA,,,,,,
SEP3Z1Q1,-19.62790702,29.25962303,1322.646973,2024-04-17T08:08:09Z,NA,,,,,,
SEP3Z1Q2,-19.62788899,29.25950099,1322.419434,2024-04-17T07:28:33Z,NA,,,,,,
SEP3Z1Q3,-19.62768104,29.25958296,1322.791992,2024-04-17T07:44:38Z,NA,,,,,,
SEP3Z1Q4,-19.62775304,29.25969997,1321.29248,2024-04-17T08:04:40Z,NA,,,,,,
SEP3Z1Q5,-19.62783996,29.25956603,1321.914429,2024-04-17T08:15:28Z,NA,,,,,,
SEP3Z2Q1,-19.62766897,29.25973199,1321.412109,2024-04-17T09:27:19Z,NA,,,,,,
SEP3Z2Q2,-19.62761298,29.25961196,1321.906738,2024-04-17T07:50:14Z,NA,,,,,,
SEP3Z2Q3,-19.62738197,29.25965404,1326.772583,2024-04-17T09:42:49Z,NA,,,,,,
SEP3Z2Q4,-19.62744299,29.25978304,1325.829468,2024-04-17T09:36:00Z,NA,,,,,,
SEP3Z2Q5,-19.62752002,29.25969101,1327.578491,2024-04-17T09:52:04Z,NA,,,,,,
SEP3Z3Q1,-19.62785698,29.25944801,1323.159668,2024-04-17T07:25:55Z,NA,,,,,,
SEP3Z3Q2,-19.62769001,29.26041101,1324.673218,2024-04-17T11:58:49Z,NA,,,,,,
SEP3Z3Q3,-19.62757601,29.25942102,1322.147217,2024-04-17T07:53:37Z,NA,,,,,,
SEP3Z3Q4,-19.62764902,29.25952697,1322.961426,2024-04-17T07:37:28Z,NA,,,,,,
SEP3Z3Q5,-19.62773602,29.25945598,1321.507324,2024-04-17T07:58:32Z,NA,,,,,,
SEP3Z4Q1,-19.62758599,29.25954198,1322.423096,2024-04-17T07:39:21Z,NA,,,,,,
SEP3Z4Q2,-19.62749597,29.25945698,1325.604492,2024-04-17T10:21:22Z,NA,,,,,,
SEP3Z4Q3,-19.62730704,29.259517,1327.319702,2024-04-17T10:16:46Z,NA,,,,,,
SEP3Z4Q4,-19.62735096,29.25959897,1327.190552,2024-04-17T09:44:59Z,NA,,,,,,
SEP3Z4Q5,-19.62743201,29.25952898,1325.144653,2024-04-17T10:07:14Z,NA,,,,,,
SEP4Z1Q1,-19.62769898,29.258381,1328.535034,2024-04-16T08:33:28Z,NA,,,,,,
SEP4Z1Q2,-19.62769202,29.25828402,1321.141357,2024-04-16T08:40:18Z,NA,,,,,,
SEP4Z1Q3,-19.62753201,29.25840396,1325.69519,2024-04-16T08:44:48Z,NA,,,,,,
SEP4Z1Q4,-19.62750603,29.25854696,1330.781616,2024-04-16T10:11:59Z,NA,,,,,,
SEP4Z1Q5,-19.62758197,29.258425,1331.070435,2024-04-16T10:18:31Z,NA,,,,,,
SEP4Z2Q1,-19.62745498,29.25855702,1315.816406,2024-04-16T13:13:01Z,NA,,,,,,
SEP4Z2Q2,-19.62745599,29.25839097,1316.887939,2024-04-16T12:39:42Z,NA,,,,,,
SEP4Z2Q3,-19.62728399,29.25852198,1316.726196,2024-04-16T12:52:16Z,NA,,,,,,
SEP4Z2Q4,-19.62726898,29.25866498,1315.330811,2024-04-16T13:09:49Z,NA,,,,,,
SEP4Z2Q5,-19.62736102,29.25854696,1315.682373,2024-04-16T13:16:41Z,NA,,,,,,
SEP4Z3Q1,-19.62769202,29.25824597,1324.802124,2024-04-16T08:40:51Z,NA,,,,,,
SEP4Z3Q2,-19.62766604,29.25810398,1330.536743,2024-04-16T10:53:36Z,NA,,,,,,
SEP4Z3Q3,-19.62747501,29.25820699,1330.130859,2024-04-16T10:45:47Z,NA,,,,,,
SEP4Z3Q4,-19.62750301,29.25831998,1326.85791,2024-04-16T08:55:35Z,NA,,,,,,
SEP4Z3Q5,-19.62753,29.25822903,1330.321899,2024-04-16T10:59:00Z,NA,,,,,,
SEP4Z4Q1,-19.62743696,29.25835501,1330.766113,2024-04-16T10:30:05Z,NA,,,,,,
SEP4Z4Q2,-19.62740896,29.25824102,1328.332886,2024-04-16T11:11:08Z,NA,,,,,,
SEP4Z4Q3,-19.62717804,29.25826801,1326.982544,2024-04-16T11:17:37Z,NA,,,,,,
SEP4Z4Q4,-19.62727502,29.25846297,1316.589722,2024-04-16T12:47:36Z,NA,,,,,,
SEP4Z4Q5,-19.62733101,29.25833398,1316.885254,2024-04-16T12:59:54Z,NA,,,,,,
SEP5Z1Q1,-19.62696103,29.26224296,1327.458496,2024-04-19T10:17:06Z,NA,,,,,,
SEP5Z1Q2,-19.62700898,29.26210499,1327.216675,2024-04-19T09:26:32Z,NA,,,,,,
SEP5Z1Q3,-19.62676599,29.26213198,1328.691406,2024-04-19T09:42:03Z,NA,,,,,,
SEP5Z1Q4,-19.62675098,29.26228596,1326.26001,2024-04-19T10:20:32Z,NA,,,,,,
SEP5Z1Q5,-19.62683497,29.26220097,1325.53772,2024-04-19T10:28:32Z,NA,,,,,,
SEP5Z2Q1,-19.62669097,29.26225897,1325.457764,2024-04-19T10:24:26Z,NA,,,,,,
SEP5Z2Q2,-19.62671704,29.26213802,1328.569336,2024-04-19T09:45:35Z,NA,,,,,,
SEP5Z2Q3,-19.62647798,29.26218404,1316.44812,2024-04-19T11:15:57Z,NA,,,,,,
SEP5Z2Q4,-19.62646902,29.26231203,1316.529785,2024-04-19T11:14:51Z,NA,,,,,,
SEP5Z2Q5,-19.62657597,29.26220097,1316.173218,2024-04-19T11:19:58Z,NA,,,,,,
SEP5Z3Q1,-19.62698702,29.26202998,1327.635498,2024-04-19T09:23:01Z,NA,,,,,,
SEP5Z3Q2,-19.62699196,29.26189897,1326.421265,2024-04-19T09:16:30Z,NA,,,,,,
SEP5Z3Q3,-19.62678401,29.26195999,1329.118042,2024-04-19T09:58:36Z,NA,,,,,,
SEP5Z3Q4,-19.62674696,29.26207297,1327.252563,2024-04-19T09:35:20Z,NA,,,,,,
SEP5Z3Q5,-19.62690496,29.26201397,1328.778442,2024-04-19T10:08:55Z,NA,,,,,,
SEP5Z4Q1,-19.626711,29.262063,1329.094604,2024-04-19T09:51:43Z,NA,,,,,,
SEP5Z4Q2,-19.62672701,29.26194901,1328.824097,2024-04-19T10:00:38Z,NA,,,,,,
SEP5Z4Q3,-19.62651,29.261991,1317.901611,2024-04-19T11:27:00Z,NA,,,,,,
SEP5Z4Q4,-19.62647698,29.262106,1315.858765,2024-04-19T11:20:59Z,NA,,,,,,
SEP5Z4Q5,-19.62657697,29.26203299,1317.800903,2024-04-19T11:28:27Z,NA,,,,,,
SFP1Z1Q1,-19.52967698,29.18480298,1295.817871,2024-04-08T07:31:05Z,NA,,,,,,
SFP1Z1Q2,-19.52970103,29.18506499,1296.173828,2024-04-08T07:38:54Z,NA,,,,,,
SFP1Z1Q3,-19.52984797,29.18501101,1296.702271,2024-04-08T07:45:23Z,NA,,,,,,
SFP1Z1Q4,-19.52981704,29.18484304,1295.747192,2024-04-08T07:55:49Z,NA,,,,,,
SFP1Z1Q5,-19.52975401,29.18491303,1295.99231,2024-04-08T07:59:02Z,NA,,,,,,
SFP1Z2Q1,-19.52988904,29.18484103,1296.994751,2024-04-08T10:03:32Z,NA,,,,,,
SFP1Z2Q2,-19.52991804,29.18504999,1298.409424,2024-04-08T10:08:43Z,NA,,,,,,
SFP1Z2Q3,-19.53002097,29.18508201,1301.634399,2024-04-08T10:18:03Z,NA,,,,,,
SFP1Z2Q4,-19.52999096,29.18485997,1303.794922,2024-04-08T10:23:10Z,NA,,,,,,
SFP1Z2Q5,-19.52994696,29.18498201,1303.490601,2024-04-08T10:27:50Z,NA,,,,,,
SFP1Z3Q1,-19.52980002,29.18510296,1306.681519,2024-04-09T10:38:57Z,NA,,,,,,
SFP1Z3Q2,-19.52971696,29.18508796,1305.807739,2024-04-09T10:44:32Z,NA,,,,,,
SFP1Z3Q3,-19.52973397,29.18534302,1291.608765,2024-04-09T11:41:56Z,NA,,,,,,
SFP1Z3Q4,-19.529867,29.185325,1292.605469,2024-04-09T11:44:39Z,NA,,,,,,
SFP1Z3Q5,-19.52978804,29.18518402,1296.08313,2024-04-09T11:50:33Z,NA,,,,,,
SFP1Z4Q1,-19.53000203,29.185153,1298.312256,2024-04-09T11:54:16Z,NA,,,,,,
SFP1Z4Q2,-19.52987496,29.18512601,1301.115845,2024-04-09T11:58:53Z,NA,,,,,,
SFP1Z4Q3,-19.52990798,29.18534797,1301.96875,2024-04-09T12:03:29Z,NA,,,,,,
SFP1Z4Q4,-19.53007202,29.18528301,1303.128418,2024-04-09T12:07:16Z,NA,,,,,,
SFP1Z4Q5,-19.53001401,29.18521,1303.186523,2024-04-09T12:12:41Z,NA,,,,,,
SFP2Z1Q1,-19.53059404,29.18484103,1298.604736,2024-04-09T12:42:00Z,NA,,,,,,
SFP2Z1Q2,-19.53043504,29.18481203,1298.071167,2024-04-09T12:50:59Z,NA,,,,,,
SFP2Z1Q3,-19.53046697,29.18499601,1296.928589,2024-04-09T12:56:16Z,NA,,,,,,
SFP2Z1Q4,-19.53059698,29.18501202,1297.595703,2024-04-09T12:59:21Z,NA,,,,,,
SFP2Z1Q5,-19.53050402,29.18491404,1297.492676,2024-04-09T13:03:39Z,NA,,,,,,
SFP2Z2Q1,-19.53073896,29.18483198,1297.661621,2024-04-09T13:10:45Z,NA,,,,,,
SFP2Z2Q2,-19.53063,29.18478504,1296.435913,2024-04-09T13:14:45Z,NA,,,,,,
SFP2Z2Q3,-19.530659,29.18501202,1296.1521,2024-04-09T13:23:30Z,NA,,,,,,
SFP2Z2Q4,-19.53079504,29.18500397,1296.442627,2024-04-09T13:25:52Z,NA,,,,,,
SFP2Z2Q5,-19.53073896,29.18488797,1296.53125,2024-04-09T13:29:38Z,NA,,,,,,
SFP2Z3Q1,-19.53058599,29.18513297,1303.510986,2024-04-10T06:44:49Z,NA,,,,,,
SFP2Z3Q2,-19.530487,29.185123,1302.741333,2024-04-10T06:50:14Z,NA,,,,,,
SFP2Z3Q3,-19.53052003,29.18529097,1303.359863,2024-04-10T06:55:46Z,NA,,,,,,
SFP2Z3Q4,-19.53062003,29.18531704,1303.870117,2024-04-10T06:57:48Z,NA,,,,,,
SFP2Z3Q5,-19.53055599,29.18521998,1303.389771,2024-04-10T07:01:08Z,NA,,,,,,
SFP2Z4Q1,-19.53081901,29.18511302,1303.972412,2024-04-10T07:05:15Z,NA,,,,,,
SFP2Z4Q2,-19.53065598,29.18511101,1303.334717,2024-04-10T07:08:03Z,NA,,,,,,
SFP2Z4Q3,-19.530674,29.18531402,1303.009521,2024-04-10T07:13:12Z,NA,,,,,,
SFP2Z4Q4,-19.53079102,29.18533104,1303.639404,2024-04-10T07:19:22Z,NA,,,,,,
SFP2Z4Q5,-19.53072396,29.18518703,1302.563599,2024-04-10T07:21:50Z,NA,,,,,,
SFP3Z1Q1,-19.53135503,29.18480398,1304.549805,2024-04-10T08:53:19Z,NA,,,,,,
SFP3Z1Q2,-19.53115697,29.18476702,1305.360352,2024-04-10T09:03:34Z,NA,,,,,,
SFP3Z1Q3,-19.53123501,29.18501303,1304.758911,2024-04-10T09:07:29Z,NA,,,,,,
SFP3Z1Q4,-19.53136199,29.18500104,1304.446777,2024-04-10T09:11:21Z,NA,,,,,,
SFP3Z1Q5,-19.53128102,29.18487699,1305.66687,2024-04-10T09:16:11Z,NA,,,,,,
SFP3Z2Q1,-19.53145,29.184807,1305.456055,2024-04-10T09:29:37Z,NA,,,,,,
SFP3Z2Q2,-19.53135101,29.18480599,1307.259033,2024-04-10T09:35:14Z,NA,,,,,,
SFP3Z2Q3,-19.53140398,29.18501697,1308.529297,2024-04-10T09:51:38Z,NA,,,,,,
SFP3Z2Q4,-19.531551,29.18497698,1309.048096,2024-04-10T09:59:48Z,NA,,,,,,
SFP3Z2Q5,-19.53146098,29.18489803,1308.814697,2024-04-10T10:08:00Z,NA,,,,,,
SFP3Z3Q1,-19.53135998,29.18508897,1309.244629,2024-04-10T10:38:52Z,NA,,,,,,
SFP3Z3Q2,-19.53125202,29.18507203,1309.02478,2024-04-10T10:43:19Z,NA,,,,,,
SFP3Z3Q3,-19.53126099,29.18528996,1308.438354,2024-04-10T10:48:32Z,NA,,,,,,
SFP3Z3Q4,-19.53138596,29.18527999,1307.194214,2024-04-10T10:51:16Z,NA,,,,,,
SFP3Z3Q5,-19.53128597,29.18520497,1307.186035,2024-04-10T10:54:48Z,NA,,,,,,
SFP3Z4Q1,-19.53151404,29.18508301,1304.822388,2024-04-10T12:09:42Z,NA,,,,,,
SFP3Z4Q2,-19.53143399,29.18504999,1305.191406,2024-04-10T12:13:44Z,NA,,,,,,
SFP3Z4Q3,-19.53145,29.18527002,1304.877197,2024-04-10T12:16:23Z,NA,,,,,,
SFP3Z4Q4,-19.53158797,29.18527697,1304.551392,2024-04-10T12:19:02Z,NA,,,,,,
SFP3Z4Q5,-19.53151102,29.18514504,1302.991455,2024-04-10T12:22:44Z,NA,,,,,,
SFP4Z1Q1,-19.53193598,29.18446602,1298.02832,2024-04-10T13:23:26Z,NA,,,,,,
SFP4Z1Q2,-19.53181696,29.18445102,1296.114746,2024-04-10T13:29:56Z,NA,,,,,,
SFP4Z1Q3,-19.53188997,29.18464397,1297.502563,2024-04-10T13:32:35Z,NA,,,,,,
SFP4Z1Q4,-19.53201301,29.18471396,1298.865601,2024-04-10T13:15:46Z,NA,,,,,,
SFP4Z1Q5,-19.53188502,29.18457096,1297.107666,2024-04-10T13:35:40Z,NA,,,,,,
SFP4Z2Q1,-19.53209599,29.18448203,1293.899902,2024-04-10T13:48:55Z,NA,,,,,,
SFP4Z2Q2,-19.53196599,29.18446602,1297.404175,2024-04-10T13:25:27Z,NA,,,,,,
SFP4Z2Q3,-19.53205601,29.18468496,1296.515259,2024-04-10T13:39:27Z,NA,,,,,,
SFP4Z2Q4,-19.53219197,29.18470499,1295.570068,2024-04-10T13:43:09Z,NA,,,,,,
SFP4Z2Q5,-19.53201301,29.18457298,1295.192871,2024-04-10T13:52:03Z,NA,,,,,,
SFP4Z3Q1,-19.53200698,29.18478001,1290.920654,2024-04-11T06:22:07Z,NA,,,,,,
SFP4Z3Q2,-19.53190397,29.18474799,1286.428833,2024-04-11T06:05:45Z,NA,,,,,,
SFP4Z3Q3,-19.53191302,29.18497296,1289.61145,2024-04-11T06:10:46Z,NA,,,,,,
SFP4Z3Q4,-19.532053,29.18497296,1290.246704,2024-04-11T06:13:23Z,NA,,,,,,
SFP4Z3Q5,-19.53195199,29.18486902,1294.213013,2024-04-11T06:29:34Z,NA,,,,,,
SFP4Z4Q1,-19.53221602,29.18476299,1295.567139,2024-04-11T06:36:37Z,NA,,,,,,
SFP4Z4Q2,-19.53206096,29.18475302,1292.291626,2024-04-11T06:24:22Z,NA,,,,,,
SFP4Z4Q3,-19.53212097,29.18496299,1290.901245,2024-04-11T06:15:30Z,NA,,,,,,
SFP4Z4Q4,-19.53222399,29.18498302,1291.68103,2024-04-11T06:20:01Z,NA,,,,,,
SFP4Z4Q5,-19.53214,29.18483198,1298.604858,2024-04-11T06:46:53Z,NA,,,,,,
SFP5Z1Q1,-19.53236002,29.18429897,1297.921387,2024-04-11T07:57:30Z,NA,,,,,,
SFP5Z1Q2,-19.53224201,29.18427399,1298.484131,2024-04-11T08:05:37Z,NA,,,,,,
SFP5Z1Q3,-19.53236698,29.18447801,1298.604858,2024-04-11T08:09:58Z,NA,,,,,,
SFP5Z1Q4,-19.53249699,29.18451003,1297.910889,2024-04-11T08:14:17Z,NA,,,,,,
SFP5Z1Q5,-19.53240403,29.18439302,1298.475952,2024-04-11T08:19:12Z,NA,,,,,,
SFP5Z2Q1,-19.53256899,29.18430098,1296.505371,2024-04-11T08:33:42Z,NA,,,,,,
SFP5Z2Q2,-19.53244099,29.18430702,1298.004761,2024-04-11T08:00:28Z,NA,,,,,,
SFP5Z2Q3,-19.53256999,29.18446602,1298.811401,2024-04-11T08:23:32Z,NA,,,,,,
SFP5Z2Q4,-19.53269002,29.18449301,1298.561401,2024-04-11T08:27:38Z,NA,,,,,,
SFP5Z2Q5,-19.532529,29.18439302,1297.850464,2024-04-11T08:40:21Z,NA,,,,,,
SFP5Z3Q1,-19.53250998,29.18458303,1300.486572,2024-04-11T09:11:14Z,NA,,,,,,
SFP5Z3Q2,-19.53238601,29.18453601,1299.39978,2024-04-11T08:50:16Z,NA,,,,,,
SFP5Z3Q3,-19.53247997,29.18476199,1301.053589,2024-04-11T09:19:56Z,NA,,,,,,
SFP5Z3Q4,-19.53262297,29.18476802,1300.604126,2024-04-11T09:25:20Z,NA,,,,,,
SFP5Z3Q5,-19.53248399,29.18465503,1306.010986,2024-04-11T09:46:42Z,NA,,,,,,
SFP5Z4Q1,-19.53268901,29.18459401,1307.915161,2024-04-11T10:02:38Z,NA,,,,,,
SFP5Z4Q2,-19.53256303,29.18458697,1300.124756,2024-04-11T09:13:29Z,NA,,,,,,
SFP5Z4Q3,-19.53267301,29.18478001,1301.532837,2024-04-11T09:28:35Z,NA,,,,,,
SFP5Z4Q4,-19.53280896,29.18479803,1307.640625,2024-04-11T09:55:52Z,NA,,,,,,
SFP5Z4Q5,-19.53266898,29.18469099,1307.492554,2024-04-11T10:10:21Z,NA,,,,,,
