I.D_code,Latitude,Longitude,Elevation,
SAP1Z1CR1,-19.68070798,29.31360399,1341.426636,
SAP1Z1CR2,-19.68096698,29.31354197,1342.220215,
SAP1Z1CR4,-19.68070404,29.31343703,1341.073975,
SAP1Z2CR1,-19.68070404,29.31343703,1341.073975,
SAP1Z2CR3,-19.68096597,29.31318004,1342.546753,
SAP1Z2CR4,-19.68070596,29.31324298,1342.21167,
SAP1Z3CR1,-19.68096698,29.31354197,1342.220215,
SAP1Z3CR2,-19.68124098,29.31348103,1338.704834,
SAP1Z3CR3,-19.68124802,29.31329504,1339.302734,
SAP1Z4CR1,-19.68124802,29.31329504,1339.302734,
SAP1Z4CR3,-19.68096597,29.31318004,1342.546753,
SAP1Z4CR4,-19.68122598,29.31312698,1344.240723,
SAP1ZCENTER,-19.68098802,29.31335497,1339.143921,
SAP2Z1CR1,-19.68073798,29.31415997,1342.691406,
SAP2Z1CR2,-19.68100403,29.31413197,1341.706543,
SAP2Z1CR4,-19.68073698,29.31400096,1339.407227,
SAP2Z2CR1,-19.68073698,29.31400096,1339.407227,
SAP2Z2CR3,-19.68099003,29.313749,1337.457764,
SAP2Z2CR4,-19.68067604,29.31383701,1337.287964,
SAP2Z3CR1,-19.68100403,29.31413197,1341.706543,
SAP2Z3CR2,-19.68130804,29.31408796,1339.080444,
SAP2Z3CR4,-19.68126403,29.31389099,1338.55957,
SAP2Z4CR2,-19.68126403,29.31389099,1338.55957,
SAP2Z4CR3,-19.68126596,29.31371899,1337.369629,
SAP2Z4CR4,-19.68099003,29.313749,1337.457764,
SAP2ZCENTER,-19.68099003,29.31391496,1340.692749,
SAP3Z1CR1,-19.68154097,29.31365998,1334.425903,
SAP3Z1CR2,-19.68155002,29.31384799,1334.704346,
SAP3Z1CR4,-19.68181397,29.31360399,1335.172607,
SAP3Z2CR2,-19.68208797,29.31372796,1347.433594,
SAP3Z2CR3,-19.68206702,29.313533,1346.525024,
SAP3Z2CR4,-19.68181397,29.31360399,1335.172607,
SAP3Z3CR1,-19.68155002,29.31384799,1334.704346,
SAP3Z3CR2,-19.68154399,29.31404002,1337.376343,
SAP3Z3CR3,-19.68182101,29.31399602,1336.449463,
SAP3Z4CR2,-19.68182101,29.31399602,1336.449463,
SAP3Z4CR3,-19.68210096,29.31390801,1347.699463,
SAP3Z4CR4,-19.68208797,29.31372796,1347.433594,
SAP3ZCENTER,-19.68181103,29.31379301,1338.765869,
SAP4Z1CR1,-19.68152102,29.31301902,1346.617188,
SAP4Z1CR2,-19.68155002,29.31319303,1345.991821,
SAP4Z1CR3,-19.68179201,29.31302296,1348.026489,
SAP4Z2CR1,-19.68179201,29.31302296,1348.026489,
SAP4Z2CR3,-19.68205101,29.31320401,1349.212158,
SAP4Z2CR4,-19.68204296,29.31303302,1349.771973,
SAP4Z3CR1,-19.68155002,29.31319303,1345.991821,
SAP4Z3CR2,-19.68155597,29.31338103,1346.459473,
SAP4Z3CR3,-19.68185403,29.31338497,1347.923218,
SAP4Z4CR2,-19.68185403,29.31338497,1347.923218,
SAP4Z4CR3,-19.68206802,29.31337802,1349.005127,
SAP4Z4CR4,-19.68205101,29.31320401,1349.212158,
SAP4ZCENTER,-19.68185102,29.313231,1347.743164,
SAP5Z1CR1,-19.68205998,29.31433104,1339.867432,
SAP5Z1CR2,-19.68207196,29.31450002,1340.403687,
SAP5Z1CR4,-19.68233398,29.31430497,1341.228271,
SAP5Z2CR1,-19.68233398,29.31430497,1341.228271,
SAP5Z2CR3,-19.68261796,29.31451804,1341.061157,
SAP5Z2CR4,-19.68260396,29.31424798,1339.525635,
SAP5Z3CR1,-19.68207196,29.31450002,1340.403687,
SAP5Z3CR2,-19.68208102,29.31473496,1345.634644,
SAP5Z3CR3,-19.68236399,29.314726,1343.942383,
SAP5Z4CR2,-19.68236399,29.314726,1343.942383,
SAP5Z4CR3,-19.68264,29.31470898,1342.421387,
SAP5Z4CR4,-19.68261796,29.31451804,1341.061157,
SAP5ZCENTER,-19.68234999,29.31450597,1343.178589,
SBP1Z1CR1,-19.71275895,29.32340053,1326.446289,
SBP1Z1CR2,-19.71261124,29.32312922,1327.370361,
SBP1Z1CR4,-19.712869,29.32323203,1346.857056,
SBP1Z2CR1,-19.71261124,29.32312922,1327.370361,
SBP1Z2CR3,-19.71248201,29.32289902,1328.049927,
SBP1Z2CR4,-19.71262098,29.32275401,1332.604248,
SBP1Z3CR1,-19.712869,29.32323203,1346.857056,
SBP1Z3CR2,-19.71307696,29.32320303,1330.612549,
SBP1Z3CR3,-19.712883,29.32288704,1349.573486,
SBP1Z4CR2,-19.71262098,29.32275401,1332.604248,
SBP1Z4CR3,-19.71275702,29.32265997,1329.215332,
SBP1Z4CR4,-19.712883,29.32288704,1349.573486,
SBP1ZCENTER,-19.71275768,29.32300018,1340.627,
SBP2Z1CR1,-19.71223427,29.32258985,1331.962524,
SBP2Z1CR2,-19.71235997,29.32245503,1341.624512,
SBP2Z1CR4,-19.71210097,29.32235403,1331.942017,
SBP2Z2CR1,-19.71210097,29.32235403,1331.942017,
SBP2Z2CR3,-19.712048,29.32199897,1337.653931,
SBP2Z2CR4,-19.71190949,29.32213458,1332.983154,
SBP2Z3CR1,-19.71235997,29.32245503,1341.624512,
SBP2Z3CR2,-19.71253599,29.32236501,1296.68335,
SBP2Z3CR3,-19.71239702,29.32212302,1333.312378,
SBP2Z4CR2,-19.71239702,29.32212302,1333.312378,
SBP2Z4CR3,-19.71217297,29.321888,1340.180542,
SBP2Z4CR4,-19.712048,29.32199897,1337.653931,
SBP2ZCENTER,-19.71220499,29.322233,1347.056519,
SBP3Z1CR1,-19.71321099,29.32202697,1342.009644,
SBP3Z1CR2,-19.71304704,29.32177803,1341.851196,
SBP3Z1CR4,-19.71306204,29.32212001,1336.290039,
SBP3Z2CR1,-19.71306204,29.32212001,1336.290039,
SBP3Z2CR3,-19.71274202,29.32196201,1338.176514,
SBP3Z2CR4,-19.71288904,29.32220399,1336.88147,
SBP3Z3CR1,-19.71304704,29.32177803,1341.851196,
SBP3Z3CR2,-19.71289599,29.32151601,1336.292358,
SBP3Z3CR3,-19.71274202,29.321616,1336.545166,
SBP3Z4CR2,-19.71274202,29.321616,1336.545166,
SBP3Z4CR3,-19.71260397,29.321702,1337.332764,
SBP3Z4CR4,-19.71274202,29.32196201,1338.176514,
SBP3ZCENTER,-19.712912,29.32186503,1341.394165,
SBP4Z1CR1,-19.71279499,29.32116003,1344.035889,
SBP4Z1CR2,-19.71273799,29.32086599,1345.117676,
SBP4Z1CR4,-19.71261696,29.32125198,1346.699219,
SBP4Z2CR1,-19.71261696,29.32125198,1346.699219,
SBP4Z2CR3,-19.71247799,29.320982,1339.15686,
SBP4Z2CR4,-19.71252199,29.32128198,1338.651367,
SBP4Z3CR1,-19.71273799,29.32086599,1345.117676,
SBP4Z3CR2,-19.71268301,29.32056298,1337.476318,
SBP4Z3CR3,-19.71256499,29.32061302,1333.462158,
SBP4Z4CR1,-19.71247799,29.320982,1339.15686,
SBP4Z4CR2,-19.71256499,29.32061302,1333.462158,
SBP4Z4CR3,-19.71241001,29.32070397,1336.134888,
SBP4ZCENTER,-19.71256902,29.32095501,1346.829346,
SBP5Z1CR1,-19.71318802,29.32085803,1336.851685,
SBP5Z1CR2,-19.71335599,29.32079399,1338.618042,
SBP5Z1CR4,-19.71310403,29.32058302,1339.976196,
SBP5Z2CR1,-19.71310403,29.32058302,1339.976196,
SBP5Z2CR3,-19.71318802,29.32020701,1341.347534,
SBP5Z2CR4,-19.71303999,29.320293,1342.463257,
SBP5Z3CR1,-19.71335599,29.32079399,1338.618042,
SBP5Z3CR2,-19.71349203,29.32073096,1343.765015,
SBP5Z3CR3,-19.71341198,29.32042996,1341.189819,
SBP5Z4CR2,-19.71341198,29.32042996,1341.189819,
SBP5Z4CR3,-19.713358,29.32014003,1338.969727,
SBP5Z4CR4,-19.71318802,29.32020701,1341.347534,
SBP5ZCENTER,-19.71325398,29.32049199,1340.29834,
SCP1Z1CR1,-19.66209697,29.33220796,1318.29834,2024-04-14T07:20:49Z
SCP1Z1CR2,-19.66219503,29.33193002,1317.602905,2024-04-14T07:08:16Z
SCP1Z1CR4,-19.66204299,29.33187998,1318.597534,2024-04-14T07:48:03Z
SCP1Z2CR2,-19.66204299,29.33187998,1318.597534,2024-04-14T07:48:03Z
SCP1Z2CR3,-19.66189303,29.33180697,1314.239136,2024-04-14T08:16:20Z
SCP1Z2CR4,-19.66178801,29.332057,1312.945923,2024-04-14T08:07:41Z
SCP1Z3CR1,-19.66205296,29.332488,1317.802856,2024-04-14T09:08:34Z
SCP1Z3CR2,-19.661887,29.332402,1314.452515,2024-04-14T08:49:13Z
SCP1Z3CR4,-19.66209697,29.33220796,1318.29834,2024-04-14T07:20:49Z
SCP1Z4CR1,-19.661887,29.332402,1314.452515,2024-04-14T08:49:13Z
SCP1Z4CR2,-19.66171701,29.33231399,1314.55603,2024-04-14T08:38:13Z
SCP1Z4CR3,-19.66178801,29.332057,1312.945923,2024-04-14T08:07:41Z
SCP1ZCENTER,-19.66192204,29.33216597,1313.761353,2024-04-12T06:48:04Z
SCP2Z1CR1,-19.66222202,29.33280098,1313.976807,2024-04-12T06:51:38Z
SCP2Z1CR2,-19.66236804,29.33287198,1313.389771,2024-04-12T06:58:41Z
SCP2Z1CR4,-19.66225698,29.33253301,1316.421997,2024-04-12T07:29:16Z
SCP2Z2CR1,-19.66225698,29.33253301,1316.421997,2024-04-12T07:29:16Z
SCP2Z2CR3,-19.66251103,29.33230301,1317.937134,2024-04-12T08:29:03Z
SCP2Z2CR4,-19.66229302,29.33227804,1317.932861,2024-03-22T07:22:16Z
SCP2Z3CR2,-19.66236804,29.33287198,1313.389771,2024-04-12T06:58:41Z
SCP2Z3CR2,-19.66256199,29.33259504,1321.4646,2024-04-12T07:35:45Z
SCP2Z3CR3,-19.66262997,29.33287701,1311.277588,2024-04-12T07:43:47Z
SCP2Z4CR2,-19.66256199,29.33259504,1321.4646,2024-04-12T07:35:45Z
SCP2Z4CR3,-19.66267699,29.3323,1317.96936,2024-04-12T09:15:17Z
SCP2Z4CR4,-19.66251103,29.33230301,1317.937134,2024-04-12T08:29:03Z
SCP2ZCENTER,-19.66242998,29.33258104,1316.955688,2024-04-12T08:22:56Z
SCP3Z1CR1,-19.66222102,29.331366,1318.471191,2024-04-12T07:57:05Z
SCP3Z1CR3,-19.66192304,29.33154898,1315.436646,2024-04-12T13:26:37Z
SCP3Z1CR4,-19.66212404,29.33161302,1318.438232,2024-04-12T08:02:35Z
SCP3Z2CR2,-19.66179396,29.33121898,1314.699951,2024-04-12T14:03:29Z
SCP3Z2CR3,-19.66175096,29.33153104,1317.365601,2024-04-12T13:19:33Z
SCP3Z2CR4,-19.66192304,29.33154898,1315.436646,2024-04-12T13:26:37Z
SCP3Z3CR1,-19.66223703,29.33105797,1315.339233,2024-04-12T13:58:51Z
SCP3Z3CR2,-19.66203704,29.33102896,1315.462891,2024-04-12T13:54:56Z
SCP3Z3CR4,-19.66222102,29.331366,1318.471191,2024-04-12T07:57:05Z
SCP3Z4CR1,-19.66203704,29.33102896,1315.462891,2024-04-12T13:54:56Z
SCP3Z4CR2,-19.66186202,29.33096702,1314.423584,2024-04-12T12:39:19Z
SCP3Z4CR3,-19.66179396,29.33121898,1314.699951,2024-04-12T14:03:29Z
SCP3ZCENTER,-19.66197099,29.33126802,1315.000854,2024-04-12T12:29:46Z
SCP4Z1CR1,-19.66229201,29.33055103,1312.613892,2024-04-12T12:33:32Z
SCP4Z1CR3,-19.66208104,29.33078497,1309.285767,2024-04-12T12:47:09Z
SCP4Z1CR4,-19.66224298,29.33091799,1320.264893,2024-04-12T12:25:55Z
SCP4Z2CR2,-19.66194098,29.33041197,1313.230591,2024-04-15T07:36:51Z
SCP4Z2CR3,-19.66191298,29.33070199,1314.189819,2024-04-13T07:02:49Z
SCP4Z2CR4,-19.66208104,29.33078497,1309.285767,2024-04-12T12:47:09Z
SCP4Z3CR1,-19.66235203,29.33028004,1312.87146,2024-03-22T11:42:30Z
SCP4Z3CR2,-19.66215103,29.33020402,1313.910034,2024-04-15T09:01:59Z
SCP4Z3CR4,-19.66229201,29.33055103,1312.613892,2024-04-12T12:33:32Z
SCP4Z4CR1,-19.66215103,29.33020402,1313.910034,2024-04-15T09:01:59Z
SCP4Z4CR2,-19.66199001,29.330143,1313.937378,2024-03-22T11:49:17Z
SCP4Z4CR3,-19.66194098,29.33041197,1313.230591,2024-04-15T07:36:51Z
SCP4ZCENTER,-19.66210602,29.33044097,1316.074829,2024-04-15T07:48:22Z
SCP5Z1CR1,-19.66287003,29.33092997,1319.589478,2024-04-15T07:57:37Z
SCP5Z1CR3,-19.66255596,29.33101203,1298.329834,2024-04-15T07:51:37Z
SCP5Z1CR4,-19.66271404,29.33114103,1318.935059,2024-04-15T08:01:02Z
SCP5Z2CR2,-19.66255202,29.33072898,1318.00769,2024-04-15T12:24:04Z
SCP5Z2CR3,-19.66237902,29.33095202,1316.851196,2024-04-15T08:09:01Z
SCP5Z2CR4,-19.66255596,29.33101203,1298.329834,2024-04-15T07:51:37Z
SCP5Z3CR1,-19.66292996,29.33065404,1320.955322,2024-04-15T11:25:35Z
SCP5Z3CR2,-19.66278302,29.33053301,1319.480835,2024-04-15T12:20:38Z
SCP5Z3CR4,-19.66287003,29.33092997,1319.589478,2024-04-15T07:57:37Z
SCP5Z4CR1,-19.66278302,29.33053301,1319.480835,2024-04-15T12:20:38Z
SCP5Z4CR2,-19.66262897,29.33042203,1319.007812,2024-04-15T12:28:33Z
SCP5Z4CR3,-19.66255202,29.33072898,1318.00769,2024-04-15T12:24:04Z
SCP5ZCENTER,-19.66275503,29.33081397,1319.098389,2024-04-15T11:58:31Z
SDP1Z1CR1,-19.63964202,29.22060602,1331.076904,2024-04-15T12:40:36Z
SDP1Z1CR2,-19.63967797,29.22042598,1331.996582,2024-04-15T11:59:22Z
SDP1Z1CR4,-19.63938897,29.22056898,1330.782837,2024-04-15T12:41:29Z
SDP1Z2CR1,-19.63938897,29.22056898,1330.782837,2024-04-15T12:41:29Z
SDP1Z2CR3,-19.63911798,29.22030201,1339.422974,2024-04-15T13:14:41Z
SDP1Z2CR4,-19.63908797,29.22050703,1339.906372,2024-04-15T12:52:46Z
SDP1Z3CR1,-19.63967797,29.22042598,1331.996582,2024-04-15T11:59:22Z
SDP1Z3CR2,-19.63973103,29.22022599,1337.812256,2024-05-16T14:06:39Z
SDP1Z3CR4,-19.63944596,29.22018399,1340.057861,2024-04-15T13:53:11Z
SDP1Z4CR2,-19.63944596,29.22018399,1340.057861,2024-04-15T13:53:11Z
SDP1Z4CR3,-19.63913298,29.22011501,1339.540405,2024-04-15T13:59:05Z
SDP1Z4CR4,-19.63911798,29.22030201,1339.422974,2024-04-15T13:14:41Z
SDP1ZCENTER,-19.63941998,29.220372,1332.434204,2024-04-16T05:56:17Z
SDP2Z1CR1,-19.639784,29.22138403,1340.097656,2024-04-16T05:49:30Z
SDP2Z1CR2,-19.63971402,29.22114599,1340.848022,2024-04-16T06:14:00Z
SDP2Z1CR4,-19.63946398,29.22142703,1340.454956,2024-04-16T06:02:39Z
SDP2Z2CR1,-19.63946398,29.22142703,1340.454956,2024-04-16T06:02:39Z
SDP2Z2CR3,-19.63918797,29.22124003,1337.811523,2024-04-16T06:25:53Z
SDP2Z2CR4,-19.63922099,29.22145997,1338.516479,2024-04-16T06:30:57Z
SDP2Z3CR1,-19.63971402,29.22114599,1340.848022,2024-04-16T06:14:00Z
SDP2Z3CR2,-19.63970102,29.22095203,1341.186768,2024-04-16T06:07:50Z
SDP2Z3CR3,-19.639452,29.22099201,1339.153687,2024-04-16T06:37:11Z
SDP2Z4CR2,-19.639452,29.22099201,1339.153687,2024-04-16T06:37:11Z
SDP2Z4CR3,-19.63917204,29.221048,1336.233154,2024-04-24T08:33:59Z
SDP2Z4CR4,-19.63918797,29.22124003,1337.811523,2024-04-16T06:25:53Z
SDP2ZCENTER,-19.63945996,29.22118597,1340.310913,2024-04-24T08:55:57Z
SDP3Z1CR1,-19.63978803,29.22214201,1332.356079,2024-03-27T06:30:04Z
SDP3Z1CR2,-19.63982801,29.22193296,1334.101562,2024-04-24T08:43:06Z
SDP3Z1CR4,-19.63951503,29.22220001,1333.843872,2024-03-27T07:24:18Z
SDP3Z2CR1,-19.63951503,29.22220001,1333.843872,2024-03-27T07:24:18Z
SDP3Z2CR3,-19.63920398,29.22204796,1333.69397,2024-04-24T09:42:27Z
SDP3Z2CR4,-19.63921797,29.22224401,1332.097168,2024-03-27T07:33:59Z
SDP3Z3CR1,-19.63982801,29.22193296,1334.101562,2024-04-24T08:43:06Z
SDP3Z3CR2,-19.63977302,29.22173096,1334.363037,2024-04-24T09:10:44Z
SDP3Z3CR3,-19.63954202,29.22180497,1334.655762,2024-03-27T07:52:43Z
SDP3Z4CR2,-19.63954202,29.22180497,1334.655762,2024-03-27T07:52:43Z
SDP3Z4CR3,-19.63923499,29.22187102,1334.589355,2024-04-24T09:26:17Z
SDP3Z4CR4,-19.63920398,29.22204796,1333.69397,2024-04-24T09:42:27Z
SDP3ZCENTER,-19.63951503,29.22199901,1334.300537,2024-04-24T11:11:48Z
SDP4ZCENTER,-19.63962601,29.22279898,1339.03418,2024-04-24T10:19:34Z
SDP4Z1CR1,-19.639913,29.22291004,1341.339722,2024-04-24T10:33:57Z
SDP4Z1CR2,-19.639899,29.22272304,1335.436768,2024-04-24T10:50:17Z
SDP4Z1CR4,-19.63965098,29.22299202,1341.563599,2024-04-24T11:17:50Z
SDP4Z2CR1,-19.63965098,29.22299202,1341.563599,2024-04-24T11:17:50Z
SDP4Z2CR3,-19.63930699,29.22285598,1342.868408,2024-04-24T10:39:07Z
SDP4Z2CR4,-19.63937799,29.22307097,1342.576172,2024-04-24T11:43:13Z
SDP4Z3CR1,-19.639899,29.22272304,1335.436768,2024-04-24T10:50:17Z
SDP4Z3CR2,-19.63985902,29.22254501,1335.653687,2024-03-27T08:37:33Z
SDP4Z3CR3,-19.63960103,29.22261902,1336.869873,2024-04-24T10:16:33Z
SDP4Z4CR2,-19.63960103,29.22261902,1336.869873,2024-04-24T10:16:33Z
SDP4Z4CR3,-19.63930003,29.22265699,1343.832031,2024-03-27T08:26:58Z
SDP4Z4CR4,-19.63930699,29.22285598,1342.868408,2024-04-24T10:39:07Z
SDP5Z1CR1,-19.63981996,29.22421301,1337.341675,2024-04-24T10:30:16Z
SDP5Z1CR2,-19.63980102,29.22398603,1341.244263,2024-04-25T06:43:53Z
SDP5Z1CR4,-19.63959298,29.22429096,1338.953979,2024-03-27T08:47:15Z
SDP5Z2CR1,-19.63959298,29.22429096,1338.953979,2024-03-27T08:47:15Z
SDP5Z2CR3,-19.63924102,29.22418904,1337.604736,2024-04-25T06:03:32Z
SDP5Z2CR4,-19.63931202,29.22437604,1338.408691,2024-04-25T06:24:50Z
SDP5Z3CR1,-19.63980102,29.22398603,1341.244263,2024-04-25T06:43:53Z
SDP5Z3CR2,-19.63976397,29.22383096,1341.988892,2024-04-25T06:28:07Z
SDP5Z3CR3,-19.63952601,29.22391796,1336.934937,2024-04-25T07:22:55Z
SDP5Z4CR2,-19.63952601,29.22391796,1336.934937,2024-04-25T07:22:55Z
SDP5Z4CR3,-19.63922401,29.22398997,1337.632812,2024-04-25T06:06:29Z
SDP5Z4CR4,-19.63924102,29.22418904,1337.604736,2024-04-25T06:03:32Z
SDP5ZCENTER,-19.63953598,29.22410798,1339.435669,2024-04-25T07:37:21Z
SEP1Z1CR1,-19.62733696,29.26153997,1321.437622,2024-04-25T06:32:34Z
SEP1Z1CR2,-19.62733101,29.26134702,1322.908813,2024-03-27T09:52:37Z
SEP1Z1CR4,-19.62705499,29.261531,1323.055542,2024-04-25T09:06:42Z
SEP1Z2CR1,-19.62705499,29.261531,1323.055542,2024-04-25T09:06:42Z
SEP1Z2CR3,-19.62678803,29.26133897,1321.400757,2024-04-25T08:33:43Z
SEP1Z2CR4,-19.62679197,29.26152597,1320.875488,2024-04-25T09:09:44Z
SEP1Z3CR1,-19.62733101,29.26134702,1322.908813,2024-03-27T09:52:37Z
SEP1Z3CR2,-19.62735004,29.26115097,1321.936279,2024-04-25T09:23:30Z
SEP1Z3CR3,-19.62707503,29.26116404,1320.793457,2024-04-25T09:19:40Z
SEP1Z4CR2,-19.62707503,29.26116404,1320.793457,2024-04-25T09:19:40Z
SEP1Z4CR3,-19.62678501,29.261157,1321.283813,2024-03-27T09:57:19Z
SEP1Z4CR4,-19.62678803,29.26133897,1321.400757,2024-04-25T08:33:43Z
SEP1ZCENTER,-19.62707402,29.26132598,1322.322144,2024-04-25T08:31:34Z
SEP2Z1CR1,-19.62766,29.26067303,1324.233521,2024-04-25T08:49:32Z
SEP2Z1CR2,-19.62769797,29.26044303,1324.933716,2024-04-25T09:01:48Z
SEP2Z1CR4,-19.62739899,29.26050397,1311.330688,2024-04-25T09:25:44Z
SEP2Z2CR1,-19.62739899,29.26050397,1311.330688,2024-04-25T09:25:44Z
SEP2Z2CR3,-19.62719103,29.26023801,1312.654907,2024-04-25T11:10:34Z
SEP2Z2CR4,-19.62714904,29.26043197,1311.255005,2024-04-25T09:36:12Z
SEP2Z3CR1,-19.62776232,29.26026419,1325.158203,2024-04-02T08:13:27Z
SEP2Z3CR2,-19.62769797,29.26044303,1324.933716,2024-04-25T09:01:48Z
SEP2Z3CR3,-19.62750301,29.26016802,1317.697266,2024-04-25T11:17:08Z
SEP2Z4CR2,-19.62750301,29.26016802,1317.697266,2024-04-25T11:17:08Z
SEP2Z4CR3,-19.62725398,29.26003198,1313.151001,2024-04-25T11:08:21Z
SEP2Z4CR4,-19.62719103,29.26023801,1312.654907,2024-04-25T11:10:34Z
SEP2ZCENTER,-19.62745104,29.26037002,1324.816406,2024-04-17T12:05:57Z
SEP3Z1CR1,-19.62797183,29.25963421,1322.280029,2024-04-17T08:08:56Z
SEP3Z1CR2,-19.62791383,29.25946312,1323.62854,2024-04-17T07:25:01Z
SEP3Z1CR4,-19.62774097,29.25973702,1328.070679,2024-04-25T11:04:48Z
SEP3Z2CR1,-19.627373,29.25962999,1326.609131,2024-04-25T10:12:30Z
SEP3Z2CR3,-19.62774097,29.25973702,1328.070679,2024-04-25T11:04:48Z
SEP3Z2CR4,-19.62745003,29.25981799,1323.93335,2024-04-25T10:07:08Z
SEP3Z3CR1,-19.62791383,29.25946312,1323.62854,2024-04-17T07:25:01Z
SEP3Z3CR2,-19.62778699,29.25926596,1323.480225,2024-04-25T10:50:00Z
SEP3Z3CR3,-19.62753997,29.259402,1321.559326,2024-04-25T10:32:11Z
SEP3Z4CR2,-19.62753997,29.259402,1321.559326,2024-04-25T10:32:11Z
SEP3Z4CR3,-19.627243,29.259475,1325.88855,2024-04-19T07:24:43Z
SEP3Z4CR4,-19.627373,29.25962999,1326.609131,2024-04-25T10:12:30Z
SEP3ZCENTER,-19.627631,29.25957098,1323.656982,2024-04-19T07:20:48Z
SEP4Z1CR1,-19.62773332,29.25845325,1325.052246,2024-04-16T08:30:51Z
SEP4Z1CR2,-19.627732,29.25825703,1328.929443,2024-04-19T08:09:17Z
SEP4Z1CR4,-19.62747904,29.25857001,1331.062256,2024-04-19T08:11:43Z
SEP4Z2CR1,-19.62722003,29.258525,1327.428345,2024-04-19T08:12:39Z
SEP4Z2CR3,-19.62747904,29.25857001,1331.062256,2024-04-19T08:11:43Z
SEP4Z2CR4,-19.62723898,29.258697,1315.206055,2024-04-19T07:56:11Z
SEP4Z3CR1,-19.627732,29.25825703,1328.929443,2024-04-19T08:09:17Z
SEP4Z3CR2,-19.62765698,29.25805796,1330.406372,2024-04-19T06:39:34Z
SEP4Z3CR3,-19.62742598,29.25817396,1330.54248,2024-04-19T07:32:03Z
SEP4Z4CR2,-19.62742598,29.25817396,1330.54248,2024-04-19T07:32:03Z
SEP4Z4CR3,-19.62716999,29.25827396,1327.54541,2024-04-19T07:06:10Z
SEP4Z4CR4,-19.62722003,29.258525,1327.428345,2024-04-19T08:12:39Z
SEP4ZCENTER,-19.62748004,29.25838502,1331.53418,2024-04-17T12:05:57Z
SEP5Z1CR1,-19.626998,29.26225796,1328.001709,2024-04-17T11:48:58Z
SEP5Z1CR2,-19.62702901,29.26206501,1327.145752,2024-04-17T13:10:03Z
SEP5Z1CR4,-19.62671301,29.26231203,1326.345947,2024-04-17T11:53:21Z
SEP5Z2CR1,-19.62671301,29.26231203,1326.345947,2024-04-17T11:53:21Z
SEP5Z2CR3,-19.62644496,29.26213098,1316.611328,2024-04-17T12:29:21Z
SEP5Z2CR4,-19.62644102,29.26236902,1326.368164,2024-04-02T08:07:06Z
SEP5Z3CR1,-19.62702901,29.26206501,1327.145752,2024-04-17T13:10:03Z
SEP5Z3CR2,-19.62703102,29.26185697,1326.564941,2024-04-02T08:13:27Z
SEP5Z3CR3,-19.62671796,29.26192302,1329.202271,2024-04-17T12:37:52Z
SEP5Z4CR2,-19.62671796,29.26192302,1329.202271,2024-04-17T12:37:52Z
SEP5Z4CR3,-19.62648,29.26195303,1317.09668,2024-04-17T12:13:34Z
SEP5Z4CR4,-19.62644496,29.26213098,1316.611328,2024-04-17T12:29:21Z
SEP5ZCENTER,-19.62674403,29.262106,1328.342651,2024-04-02T09:27:55Z
SFP1Z1CR1,-19.52967009,29.18475033,1279.18689,2024-04-03T08:30:21Z
SFP1Z1CR2,-19.52966206,29.18507656,1286.624023,2024-04-03T08:44:51Z
SFP1Z1CR4,-19.52983598,29.18482804,1295.1521,2024-04-17T09:32:41Z
SFP1Z2CR1,-19.52983598,29.18482804,1295.1521,2024-04-17T09:32:41Z
SFP1Z2CR3,-19.53004897,29.18513004,1301.907715,2024-04-17T09:27:19Z
SFP1Z2CR4,-19.53007461,29.18484022,1290.806396,2024-04-03T08:31:40Z
SFP1Z3CR2,-19.52966206,29.18507656,1286.624023,2024-04-03T08:44:51Z
SFP1Z3CR3,-19.52972802,29.18534797,1306.216675,2024-04-17T07:25:01Z
SFP1Z3CR4,-19.52989801,29.18537403,1305.94873,2024-04-17T07:17:17Z
SFP1Z4CR1,-19.53004897,29.18513004,1301.907715,2024-04-17T09:27:19Z
SFP1Z4CR3,-19.52989801,29.18537403,1305.94873,2024-04-17T07:17:17Z
SFP1Z4CR4,-19.53008601,29.185354,1307.068726,2024-04-17T07:58:32Z
SFP1ZCENTER,-19.5298825,29.18510556,1301.453,2024-04-17T10:16:46Z
SFP2Z1CR1,-19.53058599,29.18476601,1299.096558,2024-04-17T09:44:59Z
SFP2Z1CR2,-19.53035801,29.18476601,1283.034302,2024-04-17T10:07:14Z
SFP2Z1CR3,-19.53040796,29.18505804,1284.229614,2024-04-02T10:08:13Z
SFP2Z2CR2,-19.53058599,29.18476601,1299.096558,2024-04-17T09:44:59Z
SFP2Z2CR3,-19.53074601,29.18478202,1289.577393,2024-04-16T10:18:31Z
SFP2Z2CR4,-19.53083603,29.18502199,1297.177856,2024-04-02T10:11:05Z
SFP2Z3CR4,-19.53040796,29.18505804,1284.229614,2024-04-02T10:08:13Z
SFP2Z3CR3,-19.53046001,29.18534302,1303.235962,2024-04-16T13:16:41Z
SFP2Z3CR2,-19.53067099,29.18534797,1302.646606,2024-04-16T10:45:47Z
SFP2Z4CR1,-19.53083603,29.18502199,1297.177856,2024-04-02T10:11:05Z
SFP2Z4CR3,-19.53067099,29.18534797,1302.646606,2024-04-16T10:45:47Z
SFP2Z4CR4,-19.53082002,29.18537303,1302.500244,2024-04-16T08:55:35Z
SFP2ZCENTER,-19.53063428,29.18506315,1302.765,2024-04-16T11:17:37Z
SFP3Z1CR1,-19.53131497,29.184792,1302.884277,2024-04-16T12:47:36Z
SFP3Z1CR2,-19.53117097,29.18477196,1302.154663,2024-04-16T12:59:54Z
SFP3Z1CR3,-19.53122403,29.18504697,1302.472168,2024-04-02T10:50:47Z
SFP3Z2CR1,-19.53148797,29.18476702,1306.083618,2024-04-19T10:20:32Z
SFP3Z2CR2,-19.53131497,29.184792,1302.884277,2024-04-16T12:47:36Z
SFP3Z2CR4,-19.53155603,29.18503004,1304.409668,2024-04-19T10:28:32Z
SFP3Z3CR2,-19.53122403,29.18504697,1302.472168,2024-04-02T10:50:47Z
SFP3Z3CR3,-19.53125001,29.18532399,1308.342041,2024-04-19T09:45:35Z
SFP3Z3CR4,-19.53143097,29.18530497,1304.235352,2024-04-19T11:15:57Z
SFP3Z4CR1,-19.53155603,29.18503004,1304.409668,2024-04-19T10:28:32Z
SFP3Z4CR3,-19.53143097,29.18530497,1304.235352,2024-04-19T11:15:57Z
SFP3Z4CR4,-19.53159903,29.18528703,1308.822144,2024-04-19T09:23:01Z
SFP3ZCENTER,-19.53137197,29.18504898,1303.512695,2024-04-19T11:23:06Z
SFP4Z1CR1,-19.53192098,29.184462,1298.315796,2024-04-19T11:25:46Z
SFP4Z1CR2,-19.53176811,29.18445563,1297.47644,2024-04-10T13:27:42Z
SFP4Z1CR3,-19.53186298,29.18474103,1296.482666,2024-04-19T10:00:38Z
SFP4Z2CR1,-19.53213003,29.18444901,1295.027588,2024-04-03T08:30:21Z
SFP4Z2CR2,-19.53192098,29.184462,1298.315796,2024-04-19T11:25:46Z
SFP4Z2CR3,-19.53221602,29.18475604,1296.729004,2024-04-08T07:23:44Z
SFP4Z3CR2,-19.53186298,29.18474103,1296.482666,2024-04-19T10:00:38Z
SFP4Z3CR3,-19.53186801,29.18501101,1295.613037,2024-04-08T07:59:02Z
SFP4Z3CR4,-19.53208996,29.18500104,1290.244385,2024-04-03T08:32:59Z
SFP4Z4CR1,-19.53221602,29.18475604,1296.729004,2024-04-08T07:23:44Z
SFP4Z4CR3,-19.53208996,29.18500104,1290.244385,2024-04-03T08:32:59Z
SFP4Z4CR4,-19.53226497,29.18498201,1290.621582,2024-04-08T10:23:10Z
SFP4ZCENTER,-19.53204323,29.18472912,1299.154175,2024-04-10T13:13:26Z
SFP5Z1CR1,-19.53240403,29.18426402,1298.008057,2024-04-09T11:44:39Z
SFP5Z1CR2,-19.53223497,29.184275,1298.30835,2024-04-09T11:41:56Z
SFP5Z1CR3,-19.53234896,29.18450299,1298.597656,2024-04-09T11:50:33Z
SFP5Z2CR1,-19.53259698,29.18430802,1297.437866,2024-04-09T12:03:29Z
SFP5Z2CR2,-19.53240403,29.18426402,1298.008057,2024-04-09T11:44:39Z
SFP5Z2CR4,-19.53269304,29.18451799,1298.835938,2024-04-09T12:07:16Z
SFP5Z3CR2,-19.53234896,29.18450299,1298.597656,2024-04-09T11:50:33Z
SFP5Z3CR3,-19.53248802,29.18479904,1300.13208,2024-04-09T12:59:21Z
SFP5Z3CR4,-19.53265398,29.18480901,1301.178589,2024-04-09T13:03:39Z
SFP5Z4CR1,-19.53269304,29.18451799,1298.835938,2024-04-09T12:07:16Z
SFP5Z4CR3,-19.53265398,29.18480901,1301.178589,2024-04-09T13:03:39Z
SFP5Z4CR4,-19.532844,29.18483097,1307.745239,2024-04-09T13:25:52Z
SFP5ZCENTER,-19.53254501,29.18452604,1299.104248,2024-04-10T06:55:46Z
