I.D_code,Latitude,Longitude,Elevation,Date,Time
SAP1Z1CR1,-19.68070798,29.31360399,1341.426636,2024-04-20T08:44:18Z,
SAP1Z1CR4,-19.68070404,29.31343703,1341.073975,2024-04-20T08:47:07Z,
SAP1Z1Q1,-19.680726,29.31357197,1340.790161,2024-04-20T08:45:13Z,
SAP1Z1Q2,-19.680956,29.31349997,1340.352783,2024-04-20T08:42:07Z,
SAP1Z1Q3,-19.68095197,29.31338103,1339.127075,2024-04-20T08:26:37Z,
SAP1Z1Q4,-19.68074896,29.31345102,1341.592773,2024-04-20T08:49:03Z,
SAP1Z1Q5,-19.68084997,29.31350098,1341.784912,2024-04-20T08:52:57Z,
SAP1Z2CR4,-19.68070596,29.31324298,1342.21167,2024-04-20T08:56:03Z,
SAP1Z2Q1,-19.68072801,29.31339696,1340.759033,2024-04-20T08:50:14Z,
SAP1Z2Q2,-19.68094502,29.31330501,1340.184937,2024-04-20T08:29:54Z,
SAP1Z2Q3,-19.68094996,29.31322597,1342.025757,2024-04-20T09:02:12Z,
SAP1Z2Q4,-19.68075701,29.31327098,1342.320068,2024-04-20T08:58:02Z,
SAP1Z2Q5,-19.68084502,29.31328196,1341.685425,2024-04-20T08:59:15Z,
SAP1Z3CR1,-19.68096698,29.31354197,1342.220215,2024-04-20T08:38:43Z,
SAP1Z3CR2,-19.68124098,29.31348103,1338.704834,2024-04-20T08:12:09Z,
SAP1Z3CR3,-19.68124802,29.31329504,1339.302734,2024-04-20T08:15:50Z,
SAP1Z3Q1,-19.68100998,29.31354197,1341.319824,2024-04-20T08:40:18Z,
SAP1Z3Q2,-19.68121399,29.31343904,1338.977539,2024-04-20T08:13:10Z,
SAP1Z3Q3,-19.68122296,29.31332404,1339.042725,2024-04-20T08:16:46Z,
SAP1Z3Q4,-19.68102599,29.313375,1338.859741,2024-04-20T08:24:55Z,
SAP1Z3Q5,-19.681114,29.313361,1341.292236,2024-04-20T08:35:11Z,
SAP1Z4CR3,-19.68096597,29.31318004,1342.546753,2024-04-20T09:04:17Z,
SAP1Z4CR4,-19.68122598,29.31312698,1344.240723,2024-04-20T09:09:25Z,
SAP1Z4Q1,-19.68102003,29.31331398,1340.345215,2024-04-20T08:31:20Z,
SAP1Z4Q2,-19.68121299,29.31325899,1339.761841,2024-04-20T08:18:48Z,
SAP1Z4Q3,-19.68120301,29.31316696,1343.583862,2024-04-20T09:10:32Z,
SAP1Z4Q4,-19.68100604,29.31321398,1343.06665,2024-04-20T09:02:56Z,
SAP1Z4Q5,-19.68111299,29.31322999,1342.499634,2024-04-20T09:07:25Z,
SAP1ZCENTER,-19.68098802,29.31335497,1339.143921,2024-04-20T08:23:35Z,
SAP2Z1CR1,-19.68073798,29.31415997,1342.691406,2024-04-20T06:19:31Z,
SAP2Z1CR2,-19.68100403,29.31413197,1341.706543,2024-04-20T06:23:39Z,
SAP2Z1CR3,-19.68073698,29.31400096,1339.407227,2024-04-20T06:50:29Z,
SAP2Z1Q1,-19.68076598,29.314122,1342.506348,2024-04-20T06:20:02Z,
SAP2Z1Q3,-19.68096497,29.31396802,1341.22229,2024-04-20T06:32:31Z,
SAP2Z1Q4,-19.68076698,29.31402904,1340.503662,2024-04-20T06:51:07Z,
SAP2Z1Q5,-19.68090302,29.31405201,1339.510742,2024-04-20T07:00:08Z,
SAP2Z2CR2,-19.68067604,29.31383701,1337.287964,2024-04-20T07:38:18Z,
SAP2Z2Q1,-19.68077998,29.31396701,1339.410889,2024-04-20T06:55:07Z,
SAP2Z2Q2,-19.68096698,29.31408503,1340.966919,2024-04-20T06:24:48Z,
SAP2Z2Q3,-19.68096597,29.31378102,1336.818604,2024-04-20T07:32:34Z,
SAP2Z2Q4,-19.68075802,29.31384296,1337.291504,2024-04-20T07:39:30Z,
SAP2Z2Q5,-19.68086899,29.313864,1337.934448,2024-04-20T07:43:23Z,
SAP2Z3CR2,-19.68130804,29.31408796,1339.080444,2024-04-20T07:09:27Z,
SAP2Z3CR4,-19.68126403,29.31389099,1338.55957,2024-04-20T07:13:22Z,
SAP2Z3Q1,-19.68103697,29.31409299,1341.42981,2024-04-20T06:27:52Z,
SAP2Z3Q2,-19.68127501,29.31404899,1338.585327,2024-04-20T07:10:25Z,
SAP2Z3Q3,-19.68124199,29.31393298,1339.141968,2024-04-20T07:17:01Z,
SAP2Z3Q4,-19.68103504,29.313964,1340.65625,2024-04-20T06:42:46Z,
SAP2Z3Q5,-19.68112799,29.31400398,1338.537842,2024-04-20T07:05:49Z,
SAP2Z4CR3,-19.68126596,29.31371899,1337.369629,2024-04-20T07:24:22Z,
SAP2Z4CR4,-19.68099003,29.313749,1337.457764,2024-04-20T07:28:43Z,
SAP2Z4Q1,-19.68102699,29.31388001,1340.802734,2024-04-20T06:39:04Z,
SAP2Z4Q2,-19.68125196,29.313864,1337.828735,2024-04-20T07:18:40Z,
SAP2Z4Q3,-19.68123998,29.31375403,1337.370605,2024-04-20T07:25:19Z,
SAP2Z4Q4,-19.68102196,29.31376501,1336.190308,2024-04-20T07:29:39Z,
SAP2Z4Q5,-19.68112397,29.31381597,1338.400513,2024-04-20T07:50:42Z,
SAP2ZCENTER,-19.68099003,29.31391496,1340.692749,2024-04-20T06:31:46Z,
SAP3Z1CR1,-19.68154097,29.31365998,1334.425903,2024-04-19T13:04:25Z,
SAP3Z1CR4,-19.68181397,29.31360399,1335.172607,2024-04-19T13:08:59Z,
SAP3Z1Q1,-19.68157198,29.31368697,1334.094238,2024-04-19T13:05:03Z,
SAP3Z1Q2,-19.68155597,29.313778,1334.003052,2024-04-19T13:00:46Z,
SAP3Z1Q3,-19.68176703,29.31378203,1335.765015,2024-04-19T12:37:36Z,
SAP3Z1Q4,-19.68178798,29.31365202,1334.587158,2024-04-19T13:09:39Z,
SAP3Z1Q5,-19.681676,29.31375001,1333.330566,2024-04-19T13:12:37Z,
SAP3Z2CR1,-19.68155002,29.31365504,1336.952393,2024-03-25T06:53:44Z,
SAP3Z2CR3,-19.68206702,29.313533,1346.525024,2024-04-20T05:43:12Z,
SAP3Z2Q1,-19.68182302,29.31362403,1344.012573,2024-04-20T05:55:37Z,
SAP3Z2Q2,-19.681833,29.31373802,1336.209961,2024-04-19T12:40:28Z,
SAP3Z2Q4,-19.68205696,29.31359402,1345.670288,2024-04-20T05:44:05Z,
SAP3Z2Q4,-19.681949,29.31363903,1343.421997,2024-04-20T06:02:04Z,
SAP3Z3CR0,-19.68182403,29.31358304,1338.598022,2024-03-25T06:57:30Z,
SAP3Z3CR1,-19.68181103,29.31379301,1338.765869,2024-03-25T07:02:21Z,
SAP3Z3CR2,-19.68154399,29.31404002,1337.376343,2024-04-19T12:24:01Z,
SAP3Z3CR3,-19.68182101,29.31399602,1336.449463,2024-04-19T12:27:08Z,
SAP3Z3Q1,-19.68157601,29.31386199,1334.684326,2024-04-19T12:55:55Z,
SAP3Z3Q2,-19.68158799,29.31398101,1337.299683,2024-04-19T12:22:17Z,
SAP3Z3Q3,-19.68178103,29.31396903,1335.767212,2024-04-19T12:27:48Z,
SAP3Z3Q4,-19.68177198,29.31382201,1335.652832,2024-04-19T12:49:07Z,
SAP3Z3Q5,-19.68170098,29.31387104,1333.023071,2024-04-19T13:14:47Z,
SAP3Z4CR0,-19.68208102,29.31392997,1339.793701,2024-03-25T07:09:12Z,
SAP3Z4CR0,-19.68207397,29.31353501,1340.092773,2024-03-25T07:22:52Z,
SAP3Z4CR3,-19.68210096,29.31390801,1347.699463,2024-04-20T05:27:58Z,
SAP3Z4CR4,-19.68208797,29.31372796,1347.433594,2024-04-20T05:32:56Z,
SAP3Z4Q1,-19.68184699,29.31381698,1335.956665,2024-04-19T12:45:30Z,
SAP3Z4Q2,-19.681862,29.31395603,1336.216309,2024-04-19T12:30:43Z,
SAP3Z4Q3,-19.68205302,29.31389099,1347.213257,2024-04-20T05:29:09Z,
SAP3Z4Q4,-19.68207104,29.31378102,1347.104004,2024-04-20T05:33:54Z,
SAP3Z4Q5,-19.681949,29.31382402,1345.178101,2024-04-20T05:50:39Z,
SAP3ZCENTER,-19.68180098,29.31378999,1336.318604,2024-04-19T12:36:49Z,
SAP4Z1CR0,-19.68157601,29.31338699,1343.868164,2024-03-25T08:11:30Z,
SAP4Z1CR0,-19.68184104,29.31337802,1345.68811,2024-03-25T08:19:01Z,
SAP4Z1CR1,-19.68152102,29.31301902,1346.617188,2024-04-20T09:21:16Z,
SAP4Z1CR2,-19.68155002,29.31319303,1345.991821,2024-04-20T09:24:43Z,
SAP4Z1CR3,-19.68179201,29.31302296,1348.026489,2024-04-20T09:30:34Z,
SAP4Z1Q1,-19.68154902,29.31305104,1346.33667,2024-04-20T09:22:04Z,
SAP4Z1Q2,-19.68156796,29.31313997,1345.938599,2024-04-20T09:26:17Z,
SAP4Z1Q3,-19.68180399,29.31318004,1346.991089,2024-04-20T09:41:00Z,
SAP4Z1Q4,-19.68178103,29.31306898,1347.703491,2024-04-20T09:31:45Z,
SAP4Z1Q5,-19.68165798,29.31308499,1347.244385,2024-04-20T09:36:14Z,
SAP4Z2CR0,-19.68181699,29.31301801,1345.368408,2024-03-25T08:56:13Z,
SAP4Z2CR0,-19.68206098,29.31303302,1347.609375,2024-03-25T08:49:06Z,
SAP4Z2CR4,-19.68204296,29.31303302,1349.771973,2024-04-20T10:06:38Z,
SAP4Z2Q1,-19.68182998,29.313059,1348.658447,2024-04-20T10:11:03Z,
SAP4Z2Q2,-19.68187097,29.31316503,1348.907593,2024-04-20T09:43:33Z,
SAP4Z2Q3,-19.68201203,29.31319102,1349.554443,2024-04-20T10:04:30Z,
SAP4Z2Q4,-19.68200902,29.31307501,1349.647339,2024-04-20T10:07:21Z,
SAP4Z2Q5,-19.68192402,29.31313201,1348.910767,2024-04-20T10:08:17Z,
SAP4Z3CR0,-19.68209803,29.31334399,1345.874634,2024-03-25T08:25:08Z,
SAP4Z3CR2,-19.68155597,29.31338103,1346.459473,2024-04-20T09:56:01Z,
SAP4Z3CR3,-19.68185403,29.31338497,1347.923218,2024-04-20T09:49:43Z,
SAP4Z3Q1,-19.68158204,29.31320703,1345.712402,2024-04-20T09:27:09Z,
SAP4Z3Q2,-19.68159101,29.31335798,1347.417847,2024-04-20T09:57:32Z,
SAP4Z3Q3,-19.68178597,29.31333804,1348.267944,2024-04-20T09:51:26Z,
SAP4Z3Q4,-19.68183702,29.31324097,1347.804443,2024-04-20T09:47:58Z,
SAP4Z3Q5,-19.68169302,29.31329596,1347.307983,2024-04-20T09:54:14Z,
SAP4Z4CR0,-19.68151297,29.313016,1344.336304,2024-03-25T09:02:08Z,
SAP4Z4CR3,-19.68206802,29.31337802,1349.005127,2024-04-20T10:00:55Z,
SAP4Z4CR4,-19.68205101,29.31320401,1349.212158,2024-04-20T10:03:12Z,
SAP4Z4Q1,-19.681906,29.31324902,1348.403442,2024-04-20T09:45:43Z,
SAP4Z4Q2,-19.681848,29.313332,1348.437988,2024-04-20T09:52:05Z,
SAP4Z4Q3,-19.68202,29.31335899,1348.540527,2024-04-20T10:02:12Z,
SAP4Z4Q4,-19.68202201,29.31323402,1349.693115,2024-04-20T10:03:41Z,
SAP4Z4Q5,-19.68195202,29.31330702,1348.590576,2024-04-20T09:58:57Z,
SAP4ZCENTER,-19.68185102,29.313231,1347.743164,2024-04-20T09:39:43Z,
SAP5Z1,-19.68208303,29.31432702,1343.058716,2024-03-25T10:18:43Z,
SAP5Z1CR3,-19.68235502,29.31450698,1343.020874,2024-04-18T08:30:31Z,
SAP5Z1CR1,-19.68205998,29.31433104,1339.867432,2024-04-18T08:16:24Z,
SAP5Z1CR2,-19.68207196,29.31450002,1340.403687,2024-04-18T08:04:49Z,
SAP5Z1CR4,-19.68233398,29.31430497,1341.228271,2024-04-18T08:22:22Z,
SAP5Z1Q1,-19.68210398,29.31434898,1340.372559,2024-04-18T08:19:50Z,
SAP5Z1Q2,-19.68209602,29.31446498,1339.897949,2024-04-18T08:08:54Z,
SAP5Z1Q3,-19.68229702,29.31449097,1342.774536,2024-04-18T08:36:27Z,
SAP5Z1Q4,-19.68230297,29.31434504,1341.61084,2024-04-18T08:23:34Z,
SAP5Z1Q5,-19.68220498,29.31443699,1343.873535,2024-04-18T08:44:00Z,
SAP5Z2CR1,-19.682352,29.314296,1339.790771,2024-04-18T11:44:59Z,
SAP5Z2CR4,-19.68260396,29.31424798,1339.525635,2024-04-18T11:30:06Z,
SAP5Z2Q1,-19.68238503,29.31429399,1339.385254,2024-04-18T11:45:57Z,
SAP5Z2Q2,-19.68238302,29.31447898,1340.993652,2024-04-18T10:56:12Z,
SAP5Z2Q3,-19.68259198,29.31446004,1340.073242,2024-04-18T11:24:10Z,
SAP5Z2Q4,-19.68257999,29.31429701,1339.269897,2024-04-18T11:31:34Z,
SAP5Z2Q5,-19.68250598,29.31434898,1338.536011,2024-04-18T11:39:11Z,
SAP5Z3CR0,-19.68233298,29.31431402,1343.80188,2024-03-25T10:25:31Z,
SAP5Z3CR2,-19.68208102,29.31473496,1345.634644,2024-04-18T08:54:45Z,
SAP5Z3CR3,-19.682351,29.31473798,1344.46106,2024-04-18T08:49:12Z,
SAP5Z3Q1,-19.68210298,29.31455299,1340.366333,2024-04-18T08:12:13Z,
SAP5Z3Q2,-19.68209996,29.31467797,1344.994629,2024-04-18T08:56:26Z,
SAP5Z3Q3,-19.68232702,29.31469699,1344.543457,2024-04-18T08:50:02Z,
SAP5Z3Q4,-19.68232803,29.31453698,1343.740601,2024-04-18T08:38:08Z,
SAP5Z3Q5,-19.68221596,29.31461602,1345.032959,2024-04-18T09:04:05Z,
SAP5Z4CR0,-19.68263104,29.31431998,1344.317871,2024-03-25T10:30:26Z,
SAP5Z4CR2,-19.68236399,29.314726,1343.942383,2024-04-18T10:42:11Z,
SAP5Z4CR3,-19.68264,29.31470898,1342.421387,2024-04-18T11:03:06Z,
SAP5Z4CR4,-19.68261796,29.31451804,1341.061157,2024-04-18T11:10:07Z,
SAP5Z4Q1,-19.68237698,29.31453497,1341.51416,2024-04-18T10:51:56Z,
SAP5Z4Q2,-19.68237698,29.31467604,1343.05127,2024-04-18T10:46:30Z,
SAP5Z4Q3,-19.68261997,29.31467503,1341.677124,2024-04-18T11:04:46Z,
SAP5Z4Q4,-19.68260799,29.31454503,1340.57251,2024-04-18T11:11:13Z,
SAP5Z4Q5,-19.68250296,29.31458803,1341.337891,2024-04-18T11:16:12Z,
SAP5ZCENTER,-19.68234999,29.31450597,1343.178589,2024-04-18T08:37:19Z,
SAP3Z3CR1,-19.68155002,29.31384799,1334.704346,2024-04-19T12:55:08Z,
SBP1Z1Q2,-19.71283598,29.32327797,1356.137329,2024-04-05T12:42:30Z,
SBP1Z1Q3,-19.71271997,29.32304302,1353.634766,2024-04-05T12:51:31Z,
SBP1Z1Q4,-19.71263397,29.32309801,1346.726929,2024-04-05T13:00:53Z,
SBP1Z1Q5,-19.71278099,29.32315601,1344.532349,2024-04-05T13:08:55Z,
SBP1Z1CR0,-19.71292298,29.32288896,1329.368286,2024-03-26T12:59:49Z,
SBP1Z1CR0,-19.71271603,29.323342,1326.446289,2024-03-26T12:43:47Z,
SBP1Z1CR0,-19.71261696,29.32313204,1327.370361,2024-03-26T12:46:11Z,
SBP1Z1Q1,-19.71282399,29.32338702,1366.789429,2024-04-05T12:29:51Z,
SBP1Z2CR0,-19.71275702,29.32265997,1329.215332,2024-03-26T12:56:42Z,
SBP1Z2CR2,-19.661383,29.26982598,1319.172363,2024-03-21T10:36:13Z,
SBP1Z2CR4,-19.71262098,29.32275401,1332.604248,2024-04-05T13:58:18Z,
SBP1Z2Q1,-19.71258402,29.32307102,1340.532104,2024-04-05T13:19:46Z,
SBP1Z2Q2,-19.71271402,29.32297002,1336.846069,2024-04-05T13:35:40Z,
SBP1Z2Q3,-19.71251604,29.32282601,1334.784302,2024-04-05T13:40:32Z,
SBP1Z2Q4,-19.71261604,29.32276701,1333.789429,2024-04-05T13:49:29Z,
SBP1Z2Q5,-19.71260003,29.32284898,1332.5354,2024-04-05T14:03:09Z,
SBP1Z3CR0,-19.71248201,29.32289902,1328.049927,2024-03-26T12:48:24Z,
SBP1Z3CR3,-19.712883,29.32288704,1349.573486,2024-10-23T12:59:54Z,
SBP1Z3Q1,-19.71288702,29.32322399,1339.52002,2024-04-06T08:47:16Z,
SBP1Z3Q2,-19.71297797,29.32315601,1339.5177,2024-04-06T08:51:18Z,
SBP1Z3Q3,-19.71288702,29.32290698,1341.299805,2024-04-06T09:01:19Z,
SBP1Z3Q4,-19.71276398,29.32299399,1343.202026,2024-04-06T09:08:16Z,
SBP1Z3Q5,-19.71286297,29.32310304,1344.03833,2024-04-06T09:20:42Z,
SBP1Z4CR0,-19.71307696,29.32320303,1330.612549,2024-03-26T13:06:25Z,
SBP1Z4CR0,-19.712869,29.32323203,1346.857056,2024-04-05T07:08:29Z,
SBP1Z4Q1,-19.71272802,29.32298996,1339.705688,2024-04-07T08:23:37Z,
SBP1Z4Q2,-19.71287001,29.32290296,1340.247437,2024-04-07T08:36:57Z,
SBP1Z4Q3,-19.71273799,29.32266198,1340.322998,2024-04-07T08:49:45Z,
SBP1Z4Q4,-19.71261503,29.32274697,1340.735229,2024-04-07T08:12:02Z,
SBP1Z4Q5,-19.71275702,29.322823,1341.013062,2024-04-07T09:04:15Z,
SBP2Z1CR0,-19.71223399,29.32258998,1331.962524,2024-03-26T13:25:02Z,
SBP2Z1CR2,-19.71220499,29.322233,1347.056519,2024-04-07T11:05:58Z,
SBP2Z1CR3,-19.71220499,29.32221103,1338.937988,2024-04-07T13:45:28Z,
SBP2Z1CR0,-19.71222502,29.32254103,1348.169922,2024-10-23T08:04:50Z,
SBP2Z1Q1,-19.712221,29.32251899,1339.248291,2025-04-17T06:09:24Z,
SBP2Z1Q2,-19.71231999,29.32246903,1346.673706,2024-04-07T10:56:09Z,
SBP2Z1Q3,-19.71218999,29.32226904,1346.789917,2024-04-07T11:04:44Z,
SBP2Z1Q4,-19.712092,29.32238203,1346.134521,2024-04-07T11:15:22Z,
SBP2Z1Q5,-19.71221496,29.32243902,1345.172241,2024-04-07T11:22:00Z,
SBP2Z2CR0,-19.71210097,29.32235403,1331.942017,2024-03-26T13:26:53Z,
SBP2Z2CR4,-19.712048,29.32199897,1337.653931,2024-04-07T13:37:12Z,
SBP2Z2Q1,-19.71206903,29.32230097,1340.443604,2024-04-07T13:58:55Z,
SBP2Z2Q2,-19.71217398,29.32220399,1341.832886,2024-04-07T14:07:32Z,
SBP2Z2Q3,-19.71206199,29.32206603,1341.212036,2024-04-07T14:11:05Z,
SBP2Z2Q4,-19.71194901,29.32212202,1339.784912,2024-04-07T14:24:16Z,
SBP2Z2Q5,-19.71207297,29.322134,1340.491821,2024-04-07T14:35:11Z,
SBP2Z3CR0,-19.71239702,29.32212302,1333.312378,2024-03-26T13:36:42Z,
SBP2Z3CR1,-19.71235997,29.32245503,1341.624512,2024-04-13T06:06:13Z,
SBP2Z3CR2,-19.71253599,29.32236501,1296.68335,2024-11-16T12:15:40Z,
SBP2Z3Q1,-19.71235896,29.32239996,1341.352051,2024-04-13T06:06:50Z,
SBP2Z3Q2,-19.71246701,29.32235101,1339.923706,2024-04-13T06:02:01Z,
SBP2Z3Q3,-19.71234396,29.32215898,1340.114014,2024-04-13T05:55:15Z,
SBP2Z3Q4,-19.71224598,29.32223702,1342.577026,2024-04-13T06:14:49Z,
SBP2Z3Q5,-19.71240498,29.32227398,1341.608398,2024-04-13T06:09:50Z,
SBP2Z4CR0,-19.71252803,29.32242603,1333.733887,2024-03-26T13:44:11Z,
SBP2Z4CR2,-19.71234103,29.32209997,1339.612427,2024-04-13T05:40:09Z,
SBP2Z4CR3,-19.71217297,29.321888,1340.180542,2024-04-13T05:36:28Z,
SBP2Z4Q1,-19.71219602,29.32216602,1339.171875,2024-04-13T05:45:17Z,
SBP2Z4Q2,-19.71231303,29.32209101,1339.120117,2024-04-13T05:41:22Z,
SBP2Z4Q3,-19.71218303,29.321931,1340.222534,2024-04-13T05:35:04Z,
SBP2Z4Q4,-19.71206199,29.32199302,1340.613647,2024-04-13T05:31:16Z,
SBP2Z4Q5,-19.71217297,29.322047,1339.588013,2024-04-13T05:49:46Z,
SBP3Z1CR0,-19.71288803,29.322219,1334.21228,2024-03-26T13:51:30Z,
SBP3Z1CR1,-19.71321099,29.32202697,1342.009644,2024-04-13T07:12:49Z,
SBP3Z1CR2,-19.71304704,29.32177803,1341.851196,2024-04-13T07:11:24Z,
SBP3Z1CR3,-19.712912,29.32186503,1341.394165,2024-04-13T07:20:02Z,
SBP3Z1CR4,-19.71306204,29.32212001,1336.290039,2024-04-13T07:46:49Z,
SBP3Z1Q2,-19.71303103,29.32181398,1341.749023,2024-04-13T07:10:10Z,
SBP3Z1Q3,-19.71295903,29.32187098,1340.475952,2024-04-13T07:21:21Z,
SBP3Z1Q4,-19.71305097,29.32205899,1335.894775,2024-04-13T07:46:01Z,
SBP3Z1Q5,-19.71306204,29.32193502,1336.590942,2024-04-13T07:40:53Z,
SBP3Z2CR0,-19.71263699,29.32171399,1333.240112,2024-03-26T14:11:32Z,
SBP3Z2CR3,-19.71274202,29.32196201,1338.176514,2024-04-13T08:07:46Z,
SBP3Z2CR4,-19.71288904,29.32220399,1336.88147,2024-04-13T07:52:51Z,
SBP3Z2Q1,-19.71299297,29.32208899,1335.037231,2024-04-13T07:49:53Z,
SBP3Z2Q2,-19.71290303,29.32191197,1338.995483,2024-04-13T07:32:06Z,
SBP3Z2Q3,-19.71277898,29.32198003,1337.399536,2024-04-13T08:05:17Z,
SBP3Z2Q4,-19.712898,29.32216904,1336.534058,2024-04-13T07:53:51Z,
SBP3Z2Q5,-19.71288401,29.32203602,1337.565674,2024-04-13T08:13:15Z,
SBP3Z3CR2,-19.71289599,29.32151601,1336.292358,2024-04-13T08:28:41Z,
SBP3Z3CR3,-19.71274202,29.321616,1336.545166,2024-04-13T08:33:47Z,
SBP3Z3CR4,-19.71256499,29.32061302,1333.462158,2024-04-13T13:36:06Z,
SBP3Z3Q1,-19.71301996,29.32174701,1341.770874,2024-04-13T07:14:54Z,
SBP3Z3Q2,-19.71289599,29.32156504,1336.263062,2024-04-13T08:29:20Z,
SBP3Z3Q3,-19.71277999,29.32162003,1336.420044,2024-04-13T08:34:36Z,
SBP3Z3Q4,-19.71290697,29.32182798,1340.753418,2024-04-13T07:23:58Z,
SBP3Z3Q5,-19.71290798,29.32169303,1336.334106,2024-04-13T08:37:43Z,
SBP3Z4CR0,-19.71321903,29.32201398,1333.68811,2024-03-26T13:55:15Z,
SBP3Z4CR3,-19.71260397,29.321702,1337.332764,2024-04-13T08:45:46Z,
SBP3Z4CR0,-19.71290899,29.32151098,1332.721436,2024-03-26T14:08:56Z,
SBP3Z4Q1,-19.71286196,29.32186796,1340.123047,2024-04-13T07:28:04Z,
SBP3Z4Q2,-19.71274403,29.32165104,1336.855591,2024-04-13T08:41:51Z,
SBP3Z4Q3,-19.71264697,29.321701,1337.06189,2024-04-13T08:46:31Z,
SBP3Z4Q4,-19.71276004,29.32192898,1337.989502,2024-04-13T08:09:45Z,
SBP3Z4Q5,-19.71272701,29.32179202,1339.449219,2024-04-13T08:54:39Z,
SBP4Z1,-19.71252199,29.32128198,1338.651367,2024-03-27T12:53:26Z,
SBP4Z1CR1,-19.71279499,29.32116003,1344.035889,2024-04-13T09:38:51Z,
SBP4Z1CR2,-19.71273799,29.32086599,1345.117676,2024-04-13T09:45:47Z,
SBP4Z1CR3,-19.71256902,29.32095501,1346.829346,2024-04-13T09:50:43Z,
SBP4Z1CR4,-19.71261696,29.32125198,1346.699219,2024-04-13T09:54:59Z,
SBP4Z1Q1,-19.71276004,29.32115701,1343.336182,2024-04-13T09:40:02Z,
SBP4Z1Q2,-19.71273699,29.32090497,1344.907837,2024-04-13T09:46:16Z,
SBP4Z1Q3,-19.712609,29.32097697,1346.410645,2024-04-13T09:53:13Z,
SBP4Z1Q4,-19.71264797,29.32120303,1346.648315,2024-04-13T10:01:41Z,
SBP4Z1Q5,-19.71265904,29.32104503,1346.598389,2024-04-13T10:02:37Z,
SBP4Z2CR0,-19.71247598,29.32097596,1338.364868,2024-03-27T12:55:17Z,
SBP4Z2CR3,-19.71247799,29.320982,1339.15686,2024-04-13T12:28:51Z,
SBP4Z2CR4,-19.71250297,29.32128098,1340.210449,2024-04-13T12:07:43Z,
SBP4Z2Q1,-19.712639,29.32120596,1340.517456,2024-04-13T12:06:15Z,
SBP4Z2Q2,-19.71258502,29.320969,1339.143799,2024-04-13T12:18:19Z,
SBP4Z2Q3,-19.71249299,29.321011,1338.09729,2024-04-13T12:33:15Z,
SBP4Z2Q4,-19.712524,29.32126103,1340.208984,2024-04-13T12:08:25Z,
SBP4Z2Q5,-19.71257304,29.321097,1338.55896,2024-04-13T12:35:38Z,
SBP4Z3CR0,-19.71239098,29.320695,1338.85144,2024-03-27T12:57:59Z,
SBP4Z3CR2,-19.71268997,29.32053097,1334.120239,2024-04-13T13:30:14Z,
SBP4Z3Q1,-19.71272903,29.320767,1332.059082,2024-04-13T13:24:25Z,
SBP4Z3Q2,-19.71268301,29.32057799,1333.445923,2024-04-13T13:31:01Z,
SBP4Z3Q3,-19.712595,29.320623,1333.318848,2024-04-13T13:36:35Z,
SBP4Z3Q4,-19.71263498,29.32089499,1333.551514,2024-04-13T13:54:03Z,
SBP4Z3Q5,-19.71267404,29.32074001,1333.005615,2024-04-13T13:45:44Z,
SBP4Z4CR0,-19.71268301,29.32056298,1337.476318,2024-03-27T13:00:02Z,
SBP4Z4CR3,-19.71241001,29.32070397,1336.134888,2024-04-13T14:09:00Z,
SBP4Z4Q1,-19.71256801,29.32089902,1338.666016,2024-04-13T12:23:16Z,
SBP4Z4Q2,-19.71255996,29.32066298,1332.894287,2024-04-13T13:40:01Z,
SBP4Z4Q3,-19.71243901,29.32071797,1334.83252,2024-04-13T14:10:01Z,
SBP4Z4Q4,-19.71265099,29.32120202,1346.157104,2024-04-13T09:55:47Z,
SBP4Z4Q5,-19.71253599,29.32083003,1334.480957,2024-04-13T14:04:19Z,
SBP5Z1,-19.71330503,29.32084403,1336.931885,2024-03-27T13:16:06Z,
SBP5Z1CR1,-19.71318802,29.32085803,1336.851685,2024-04-14T06:47:08Z,
SBP5Z1CR2,-19.71335599,29.32079399,1338.618042,2024-04-14T06:59:08Z,
SBP5Z1CR3,-19.71325398,29.32049199,1340.29834,2024-04-14T07:18:30Z,
SBP5Z1CR4,-19.71310403,29.32058302,1339.976196,2024-04-14T07:43:13Z,
SBP5Z1Q1,-19.71320998,29.32084302,1338.105103,2024-04-14T06:55:17Z,
SBP5Z1Q2,-19.71331299,29.32077899,1338.456421,2024-04-14T07:01:18Z,
SBP5Z1Q3,-19.71325499,29.32055896,1340.21228,2024-04-14T07:20:49Z,
SBP5Z1Q4,-19.71338198,29.32076197,1339.00061,2024-04-14T07:08:16Z,
SBP5Z1Q5,-19.71324602,29.32069902,1340.657349,2024-04-14T07:48:03Z,
SBP5Z2CR0,-19.71315801,29.32053097,1338.18457,2024-03-27T13:17:51Z,
SBP5Z2CR3,-19.71318802,29.32020701,1341.347534,2024-04-14T08:13:46Z,
SBP5Z2CR4,-19.71303999,29.320293,1342.463257,2024-04-14T08:06:45Z,
SBP5Z2Q1,-19.71312096,29.32055896,1342.157959,2024-04-14T08:02:43Z,
SBP5Z2Q2,-19.71322599,29.32044396,1340.208374,2024-04-14T07:27:24Z,
SBP5Z2Q3,-19.71317503,29.32028504,1342.340088,2024-04-14T08:16:20Z,
SBP5Z2Q4,-19.71307897,29.32031999,1342.396606,2024-04-14T08:07:41Z,
SBP5Z2Q5,-19.71314804,29.32037598,1342.190796,2024-04-14T08:44:47Z,
SBP5Z3CR0,-19.71309599,29.32023198,1338.182251,2024-03-27T13:19:29Z,
SBP5Z3CR2,-19.71349203,29.32073096,1343.765015,2024-04-14T09:04:32Z,
SBP5Z3CR3,-19.71341198,29.32042996,1341.189819,2024-04-14T08:37:14Z,
SBP5Z3Q1,-19.71333797,29.320724,1339.797974,2024-04-14T07:55:47Z,
SBP5Z3Q2,-19.71346202,29.32067103,1343.849731,2024-04-14T09:08:34Z,
SBP5Z3Q3,-19.71340503,29.32045796,1342.067505,2024-04-14T08:49:13Z,
SBP5Z3Q4,-19.71332003,29.32051797,1339.20459,2024-04-14T07:36:01Z,
SBP5Z3Q5,-19.713386,29.320608,1343.779541,2024-04-14T08:57:54Z,
SBP5Z4CR0,-19.713358,29.32014003,1338.969727,2024-03-27T13:21:40Z,
SBP5Z4CR3,-19.713358,29.32011497,1342.050537,2024-04-14T08:25:38Z,
SBP5Z4Q1,-19.71328097,29.32044597,1339.965454,2024-04-14T07:34:50Z,
SBP5Z4Q2,-19.71338701,29.32041203,1341.779053,2024-04-14T08:38:13Z,
SBP5Z4Q3,-19.71335398,29.32015898,1342.122314,2024-04-14T08:29:15Z,
SBP5Z4Q4,-19.71320696,29.32023098,1341.247437,2024-04-14T08:19:04Z,
SBP5Z4Q5,-19.71333403,29.32030801,1342.104736,2024-04-14T08:31:03Z,
SCP1ZCENTER,-19.66192204,29.33216597,1313.761353,2024-05-14T08:50:39Z,
SCP1Z1,-19.661988,29.332215,1312.513062,2024-03-22T06:25:28Z,
SCP1Z1CR1,-19.66209697,29.33220796,1318.29834,2024-04-12T06:48:04Z,
SCP1Z1CR2,-19.66219503,29.33193002,1317.602905,2024-04-12T06:51:38Z,
SCP1Z1CR3,-19.66204299,29.33187998,1318.597534,2024-04-12T06:58:41Z,
SCP1Z1CR4,-19.66196202,29.332128,1317.825684,2024-04-12T07:18:32Z,
SCP1Z1Q1,-19.662089,29.33217603,1317.816406,2024-04-12T06:48:52Z,
SCP1Z1Q2,-19.66216402,29.33195801,1317.610718,2024-04-12T06:52:23Z,
SCP1Z1Q3,-19.66206302,29.33193698,1318.133911,2024-04-12T06:59:45Z,
SCP1Z1Q4,-19.66200996,29.33209699,1317.036865,2024-04-12T07:19:45Z,
SCP1Z1Q5,-19.66207702,29.33202197,1317.653564,2024-04-12T07:29:16Z,
SCP1Z2CR1,-19.66178801,29.332057,1312.945923,2024-03-22T07:22:16Z,
SCP1Z2CR2,-19.66189303,29.33180697,1314.239136,2024-03-22T07:27:04Z,
SCP1Z2CR3,-19.661902,29.33180002,1316.54248,2024-04-12T07:34:45Z,
SCP1Z2CR4,-19.661772,29.33208902,1316.023926,2024-04-12T07:41:06Z,
SCP1Z2Q1,-19.66190703,29.33209296,1317.422241,2024-04-12T07:23:02Z,
SCP1Z2Q2,-19.662017,29.33189297,1318.886841,2024-04-12T07:04:14Z,
SCP1Z2Q3,-19.66193503,29.33183396,1316.735229,2024-04-12T07:35:45Z,
SCP1Z2Q4,-19.66180603,29.33204996,1315.719116,2024-04-12T07:43:47Z,
SCP1Z2Q5,-19.66192799,29.33197402,1315.302368,2024-04-12T07:47:39Z,
SCP1Z3CR0,-19.66188197,29.33240402,1317.830322,2024-03-22T08:05:07Z,
SCP1Z3CR0,-19.66204902,29.33246101,1321.239624,2024-03-22T08:19:17Z,
SCP1Z3CR1,-19.66205296,29.332488,1317.802856,2024-04-12T09:22:32Z,
SCP1Z3CR2,-19.661887,29.332402,1314.452515,2024-04-12T08:09:33Z,
SCP1Z3Q1,-19.66206201,29.33247903,1318.745605,2024-04-12T09:25:51Z,
SCP1Z3Q2,-19.66206998,29.33223797,1317.580078,2024-04-12T09:15:17Z,
SCP1Z3Q3,-19.661988,29.33220101,1316.321533,2024-04-12T08:29:03Z,
SCP1Z3Q4,-19.66194299,29.33239798,1314.647217,2024-04-12T08:15:10Z,
SCP1Z3Q5,-19.66200502,29.33233,1318.42981,2024-04-12T09:17:18Z,
SCP1Z4CR2,-19.66171701,29.33231399,1314.55603,2024-03-22T07:40:20Z,
SCP1Z4CR4,-19.66173202,29.332359,1313.817505,2024-04-12T08:01:23Z,
SCP1Z4Q1,-19.66185498,29.332359,1314.61377,2024-04-12T08:11:47Z,
SCP1Z4Q2,-19.66190997,29.33218198,1316.411621,2024-04-12T08:22:56Z,
SCP1Z4Q3,-19.66180301,29.33212096,1313.783691,2024-04-12T07:57:05Z,
SCP1Z4Q4,-19.66176496,29.33232103,1313.436401,2024-04-12T08:02:35Z,
SCP1Z4Q5,-19.66185104,29.332258,1316.30481,2024-04-12T08:37:33Z,
SCP2Z1CR1,-19.66222202,29.33280098,1313.976807,2024-04-12T13:15:26Z,
SCP2Z1CR2,-19.66236804,29.33287198,1313.389771,2024-04-12T13:25:43Z,
SCP2Z1CR3,-19.66242696,29.33257299,1317.830444,2024-04-12T12:45:43Z,
SCP2Z1CR4,-19.66225698,29.33253301,1316.421997,2024-04-12T13:08:12Z,
SCP2Z1Q1,-19.662247,29.33279696,1313.261597,2024-04-12T13:19:33Z,
SCP2Z1Q2,-19.66236896,29.33282001,1313.376343,2024-04-12T13:26:37Z,
SCP2Z1Q3,-19.66238799,29.33256696,1317.46936,2024-04-12T13:02:40Z,
SCP2Z1Q4,-19.662289,29.33258599,1315.395508,2024-04-12T13:09:23Z,
SCP2Z1Q5,-19.66230299,29.33269001,1311.921143,2024-04-12T13:42:20Z,
SCP2Z2CR1,-19.66220903,29.332531,1321.893799,2024-03-22T08:50:33Z,
SCP2Z2Q1,-19.662304,29.33250804,1309.504395,2024-04-12T13:58:51Z,
SCP2Z2Q2,-19.662405,29.33253704,1309.449707,2024-04-12T13:54:56Z,
SCP2Z2Q3,-19.66243903,29.33232699,1317.754883,2024-04-12T12:39:19Z,
SCP2Z2Q4,-19.66235798,29.33227996,1310.567627,2024-04-12T14:03:29Z,
SCP2Z2Q5,-19.66241104,29.33239496,1309.974243,2024-04-12T14:07:33Z,
SCP2Z3CR0,-19.66275796,29.33194997,1318.454834,2024-03-22T09:56:23Z,
SCP2Z3CR2,-19.66256199,29.33259504,1321.4646,2024-04-12T12:18:31Z,
SCP2Z3CR3,-19.66262997,29.33287701,1311.277588,2024-04-12T13:47:27Z,
SCP2Z3Q1,-19.66241296,29.33278296,1312.825317,2024-04-12T13:33:13Z,
SCP2Z3Q2,-19.662592,29.33259403,1321.224976,2024-04-12T12:19:14Z,
SCP2Z3Q3,-19.66256099,29.33279302,1311.341797,2024-04-12T13:49:54Z,
SCP2Z3Q4,-19.66245102,29.33259596,1316.592407,2024-04-12T12:55:32Z,
SCP2Z3Q5,-19.66246904,29.33272596,1311.566162,2024-04-12T13:37:30Z,
SCP2Z4CR1,-19.66239503,29.33199397,1317.729736,2024-03-22T10:01:29Z,
SCP2Z4CR3,-19.66263902,29.33232497,1319.461182,2024-04-12T12:29:46Z,
SCP2Z4CR4,-19.66248798,29.33228801,1318.320923,2024-04-12T12:33:32Z,
SCP2Z4Q1,-19.66245697,29.33253,1317.289551,2024-04-12T12:47:09Z,
SCP2Z4Q2,-19.66258203,29.33256302,1319.594116,2024-04-12T12:25:55Z,
SCP2Z4Q3,-19.66260198,29.33234098,1319.218994,2024-04-12T12:30:45Z,
SCP2Z4Q4,-19.66251397,29.33235297,1317.67688,2024-04-12T12:35:40Z,
SCP2Z4Q5,-19.66250198,29.33245598,1317.783203,2024-04-12T12:50:16Z,
SCP3Z1CR2,-19.662175,29.33133901,1312.477661,2024-03-22T11:03:21Z,
SCP3Z1CR1,-19.66222102,29.331366,1318.471191,2024-04-15T09:26:24Z,
SCP3Z1CR4,-19.66212404,29.33161302,1318.438232,2024-04-15T09:20:19Z,
SCP3Z1Q1,-19.71316899,29.32199897,1342.164429,2024-04-13T07:02:49Z,
SCP3Z1Q2,-19.66204198,29.33105696,1318.595337,2024-04-15T09:31:36Z,
SCP3Z1Q3,-19.66186202,29.33154001,1316.798584,2024-04-15T09:18:23Z,
SCP3Z1Q4,-19.66240902,29.33186397,1317.91626,2024-04-15T09:22:10Z,
SCP3Z1Q5,-19.66196897,29.331768,1320.38562,2024-04-15T09:49:59Z,
SCP3Z2CR2,-19.66183897,29.331279,1315.400146,2024-03-22T11:42:30Z,
SCP3Z2CR3,-19.66175096,29.33153104,1317.365601,2024-04-15T09:01:59Z,
SCP3Z2CR4,-19.66192304,29.33154898,1315.436646,2024-04-15T09:10:03Z,
SCP3Z2Q1,-19.66197099,29.33125603,1318.96582,2024-04-15T09:34:50Z,
SCP3Z2Q2,-19.66179497,29.33151503,1314.204712,2024-04-15T09:03:50Z,
SCP3Z2Q3,-19.66178901,29.33150296,1314.28064,2024-04-15T09:04:46Z,
SCP3Z2Q4,-19.66189697,29.33153196,1314.848145,2024-04-15T09:11:20Z,
SCP3Z2Q5,-19.66186403,29.33142702,1316.028809,2025-04-25T07:27:41Z,
SCP3Z3,-19.66221498,29.33103802,1314.475708,2024-03-22T11:49:17Z,
SCP3Z3CR1,-19.66223703,29.33105797,1315.339233,2024-04-15T07:36:51Z,
SCP3Z3CR2,-19.66203704,29.33102896,1315.462891,2024-04-15T07:41:59Z,
SCP3Z3CR3,-19.66197099,29.33126802,1315.000854,2024-04-15T07:49:22Z,
SCP3Z3CR4,-19.66215899,29.33133599,1315.036255,2024-04-15T07:56:44Z,
SCP3Z3Q1,-19.66221197,29.33109996,1315.047607,2024-04-15T07:37:59Z,
SCP3Z3Q2,-19.66205497,29.33107004,1314.914062,2024-04-15T07:42:40Z,
SCP3Z3Q3,-19.66200904,29.331236,1315.278564,2024-04-15T07:48:22Z,
SCP3Z3Q4,-19.66214399,29.33128604,1315.370361,2024-04-15T07:57:37Z,
SCP3Z3Q5,-19.662103,29.33115,1315.605103,2024-04-15T08:01:02Z,
SCP3Z4CR0,-19.66185004,29.331021,1314.935303,2024-03-22T11:44:38Z,
SCP3Z4CR2,-19.66186202,29.33096702,1314.423584,2024-04-15T08:11:43Z,
SCP3Z4CR3,-19.66179396,29.33121898,1314.699951,2024-04-15T08:08:15Z,
SCP3Z4Q1,-19.66201499,29.33103399,1315.163696,2024-04-15T07:44:55Z,
SCP3Z4Q2,-19.66190301,29.33099301,1314.663452,2024-04-15T08:12:20Z,
SCP3Z4Q3,-19.66182003,29.33120398,1314.195312,2024-04-15T08:09:01Z,
SCP3Z4Q4,-19.66195196,29.33124396,1314.959351,2024-04-15T07:51:37Z,
SCP3Z4Q5,-19.66193704,29.33109401,1315.020508,2024-04-15T08:16:18Z,
SCP4ZCENTER,-19.66207299,29.33043201,1313.944336,2024-05-16T06:44:28Z,
SCP4Z1CR1,-19.66229201,29.33055103,1312.613892,2024-04-15T11:45:42Z,
SCP4Z1CR2,-19.66210602,29.33044097,1316.074829,2024-04-15T12:08:11Z,
SCP4Z1CR3,-19.66208104,29.33078497,1309.285767,2024-04-15T11:28:45Z,
SCP4Z1CR4,-19.66224298,29.33091799,1320.264893,2024-04-15T11:25:35Z,
SCP4Z1Q1,-19.662261,29.33059696,1311.620972,2024-04-15T11:49:00Z,
SCP4Z1Q2,-19.662132,29.33047702,1313.665527,2024-04-15T12:09:09Z,
SCP4Z1Q3,-19.66208104,29.33075697,1309.164551,2024-04-15T11:29:20Z,
SCP4Z1Q4,-19.66222798,29.33080399,1309.085693,2024-04-15T11:26:34Z,
SCP4Z1Q5,-19.66217701,29.33062797,1315.387939,2024-04-15T12:20:38Z,
SCP4Z2CR2,-19.66196403,29.33041801,1314.027222,2024-04-15T12:28:33Z,
SCP4Z2CR3,-19.66191298,29.33070199,1314.189819,2024-04-15T12:24:04Z,
SCP4Z2Q1,-19.66203603,29.330503,1325.731689,2025-04-24T08:51:56Z,
SCP4Z2Q2,-19.661974,29.33046704,1313.688721,2024-04-15T12:29:51Z,
SCP4Z2Q3,-19.66196503,29.33068397,1314.570557,2024-04-15T12:25:12Z,
SCP4Z2Q4,-19.662045,29.33071196,1308.888306,2024-04-15T11:31:58Z,
SCP4Z2Q5,-19.66202304,29.33056,1314.325439,2024-04-15T12:34:43Z,
SCP4Z3CR0,-19.66225496,29.33057902,1306.602173,2024-03-22T12:39:08Z,
SCP4Z3CR1,-19.66235203,29.33028004,1312.87146,2024-04-15T11:58:31Z,
SCP4Z3CR2,-19.66215103,29.33020402,1313.910034,2024-04-15T12:40:36Z,
SCP4Z3Q1,-19.66232303,29.33029798,1312.492188,2024-04-15T11:59:22Z,
SCP4Z3Q2,-19.662189,29.33024903,1313.278198,2024-04-15T12:41:29Z,
SCP4Z3Q3,-19.66212798,29.33044198,1314.114624,2024-04-15T12:12:38Z,
SCP4Z3Q4,-19.66226201,29.33049696,1312.581665,2024-04-15T11:53:34Z,
SCP4Z3Q5,-19.66221297,29.33036998,1315.176636,2024-04-15T12:46:55Z,
SCP4Z4CR2,-19.66199001,29.330143,1313.937378,2024-04-15T12:57:36Z,
SCP4Z4CR3,-19.66194098,29.33041197,1313.230591,2024-04-15T13:04:33Z,
SCP4Z4CR4,-19.66206,29.33046302,1314.009644,2024-04-15T13:14:41Z,
SCP4Z4Q1,-19.66209898,29.33023402,1314.37915,2024-04-15T12:52:46Z,
SCP4Z4Q2,-19.66200996,29.33020402,1314.205933,2024-04-15T12:58:53Z,
SCP4Z4Q3,-19.66197501,29.33038498,1312.284668,2024-04-15T13:06:01Z,
SCP4Z4Q4,-19.66206403,29.33044902,1313.9552,2024-04-15T13:15:25Z,
SCP4Z4Q5,-19.66202698,29.33031499,1312.93335,2024-04-15T13:11:30Z,
SCP5ZCENTER,-19.66280197,29.33083802,1321.150879,2024-05-16T14:06:39Z,
SCP5Z1CR1,-19.66287003,29.33092997,1319.589478,2024-04-15T13:49:23Z,
SCP5Z1CR2,-19.66277003,29.33082604,1318.975464,2024-04-15T13:54:42Z,
SCP5Z1CR3,-19.66254196,29.33105696,1317.274658,2024-04-15T13:58:21Z,
SCP5Z1CR4,-19.66271404,29.33114103,1318.935059,2024-04-15T13:42:07Z,
SCP5Z1Q1,-19.66282602,29.33096903,1318.098267,2024-04-15T13:50:40Z,
SCP5Z1Q2,-19.66276601,29.33086602,1318.812622,2024-04-15T13:53:11Z,
SCP5Z1Q3,-19.66259703,29.331049,1316.871582,2024-04-15T13:59:05Z,
SCP5Z1Q4,-19.66267096,29.33112402,1318.962524,2024-04-15T13:45:49Z,
SCP5Z1Q5,-19.66271304,29.33092603,1316.501953,2024-04-15T14:02:05Z,
SCP5Z2,-19.66268797,29.33111404,1316.233643,2024-03-23T05:44:27Z,
SCP5Z2CR1,-19.66275503,29.33081397,1319.098389,2024-04-16T06:13:01Z,
SCP5Z2CR2,-19.66257499,29.33074197,1317.104736,2024-04-16T06:01:29Z,
SCP5Z2CR3,-19.66237902,29.33095202,1316.851196,2024-04-16T05:56:17Z,
SCP5Z2CR4,-19.66255596,29.33101203,1298.329834,2024-04-16T05:49:30Z,
SCP5Z2Q1,-19.66270097,29.330833,1318.509888,2024-04-16T06:14:00Z,
SCP5Z2Q2,-19.66261396,29.33073401,1317.300049,2024-04-16T06:02:39Z,
SCP5Z2Q3,-19.66244599,29.330935,1316.77417,2024-04-16T05:59:37Z,
SCP5Z2Q4,-19.66252796,29.330978,1316.203979,2024-04-16T05:50:26Z,
SCP5Z2Q5,-19.66257004,29.33088102,1319.834473,2024-04-16T06:20:04Z,
SCP5Z3CR1,-19.66292996,29.33065404,1320.955322,2024-04-16T06:29:58Z,
SCP5Z3CR3,-19.66275402,29.33079796,1319.104858,2024-04-16T06:50:40Z,
SCP5Z3CR4,-19.66288403,29.33091204,1320.430664,2024-04-16T06:25:53Z,
SCP5Z3Q1,-19.66290599,29.33070802,1321.090576,2024-04-16T06:30:57Z,
SCP5Z3Q2,-19.66280096,29.33055698,1319.073486,2024-04-16T06:39:09Z,
SCP5Z3Q3,-19.66284203,29.33070098,1318.671021,2024-04-16T06:43:24Z,
SCP5Z3Q4,-19.66284698,29.330877,1320.812622,2024-04-16T06:26:49Z,
SCP5Z4CR1,-19.66278302,29.33053301,1319.480835,2024-04-16T06:35:41Z,
SCP5Z4CR2,-19.66262897,29.33042203,1319.007812,2024-04-16T06:53:08Z,
SCP5Z4CR3,-19.66255202,29.33072898,1318.00769,2024-04-16T06:07:50Z,
SCP5Z4Q1,-19.66274698,29.33055304,1319.27832,2024-04-16T06:37:11Z,
SCP5Z4Q2,-19.66265403,29.33046998,1318.753906,2024-04-16T06:54:00Z,
SCP5Z4Q3,-19.66258999,29.33066301,1318.203979,2024-04-16T06:06:25Z,
SCP5Z4Q4,-19.66275201,29.33076996,1318.620239,2024-04-16T06:11:52Z,
SCP5Z4Q5,-19.66270298,29.33059202,1319.254761,2024-04-16T06:56:57Z,
SDP1Z1CR1,-19.63964202,29.22060602,1331.076904,2024-04-24T08:28:55Z,
SDP1Z1CR2,-19.63967797,29.22042598,1331.996582,2024-04-24T08:33:59Z,
SDP1Z1CR4,-19.63938897,29.22056898,1330.782837,2024-04-24T08:24:48Z,
SDP1Z1Q1,-19.63962802,29.22058096,1330.934448,2024-04-24T08:29:43Z,
SDP1Z1Q2,-19.63963103,29.22043998,1332.060059,2024-04-24T08:34:31Z,
SDP1Z1Q3,-19.63943599,29.22039597,1333.530273,2024-04-24T08:41:24Z,
SDP1Z1Q4,-19.63941897,29.22055104,1330.764893,2024-04-24T08:25:41Z,
SDP1Z1Q5,-19.63952903,29.22046697,1337.903198,2024-04-24T08:55:57Z,
SDP1Z2CR0,-19.63941101,29.22086896,1322.003784,2024-03-27T06:30:04Z,
SDP1Z2CR0,-19.63968501,29.22020503,1335.442993,2024-03-27T07:24:18Z,
SDP1Z2CR3,-19.63911798,29.22030201,1339.422974,2024-04-24T09:23:45Z,
SDP1Z2CR4,-19.63908797,29.22050703,1339.906372,2024-04-24T09:19:42Z,
SDP1Z2Q1,-19.63932501,29.22051399,1338.405029,2024-04-24T09:16:25Z,
SDP1Z2Q2,-19.63936399,29.22039396,1335.842163,2024-04-24T08:50:27Z,
SDP1Z2Q3,-19.63911697,29.22047602,1339.550415,2024-04-24T09:21:34Z,
SDP1Z2Q4,-19.63924002,29.22042799,1339.882446,2024-04-24T09:42:27Z,
SDP1Z3CR0,-19.63970002,29.22097902,1338.974609,2024-03-27T07:33:59Z,
SDP1Z3CR2,-19.63973103,29.22022599,1337.812256,2024-04-24T09:05:51Z,
SDP1Z3CR3,-19.639453,29.22020503,1337.845215,2024-04-24T09:01:34Z,
SDP1Z3Q1,-19.63964696,29.22037301,1332.443115,2024-04-24T08:36:33Z,
SDP1Z3Q2,-19.639697,29.22026203,1337.350586,2024-04-24T09:07:00Z,
SDP1Z3Q3,-19.63947999,29.22023596,1337.218018,2024-04-24T09:02:22Z,
SDP1Z3Q4,-19.63944898,29.22034099,1334.081421,2024-04-24T08:43:06Z,
SDP1Z3Q5,-19.63957203,29.22029204,1337.594604,2024-04-24T09:10:44Z,
SDP1Z4CR0,-19.63941101,29.22095798,1338.699219,2024-03-27T07:52:43Z,
SDP1Z4CR2,-19.63944596,29.22018399,1340.057861,2024-04-24T09:34:54Z,
SDP1Z4CR3,-19.63913298,29.22011501,1339.540405,2024-04-24T09:29:22Z,
SDP1Z4Q1,-19.63937304,29.22033302,1334.735718,2024-04-24T08:47:23Z,
SDP1Z4Q2,-19.63941797,29.22020897,1340.406006,2024-04-24T09:35:44Z,
SDP1Z4Q3,-19.639165,29.22015097,1339.564087,2024-04-24T09:28:48Z,
SDP1Z4Q4,-19.63916601,29.22029397,1339.571777,2024-04-24T09:26:17Z,
SDP1Z4Q5,-19.63926299,29.22024401,1340.118042,2024-04-24T09:38:03Z,
SDP1CZCENTER,-19.63941998,29.220372,1332.434204,2024-04-24T08:39:49Z,
SDP2Z1CR0,-19.63974101,29.221335,1339.069336,2024-03-27T07:59:54Z,
SDP2Z1CR1,-19.639784,29.22138403,1340.097656,2024-04-24T11:10:00Z,
SDP2Z1CR4,-19.63946398,29.22142703,1340.454956,2024-04-24T11:16:11Z,
SDP2Z1Q1,-19.63977604,29.22135604,1340.543701,2024-04-24T11:11:48Z,
SDP2Z1Q2,-19.639697,29.22121002,1339.763794,2024-04-24T10:19:34Z,
SDP2Z1Q3,-19.63950003,29.22125604,1339.867676,2024-04-24T10:33:57Z,
SDP2Z1Q4,-19.63946398,29.22141102,1340.177368,2024-04-24T11:17:50Z,
SDP2Z1Q5,-19.63960698,29.22131103,1339.116333,2024-04-24T11:22:40Z,
SDP2Z2CR0,-19.63977696,29.22171302,1339.109131,2024-03-27T08:07:21Z,
SDP2Z2CR3,-19.63918797,29.22124003,1337.811523,2024-04-24T11:42:21Z,
SDP2Z2CR4,-19.63922099,29.22145997,1338.516479,2024-04-24T11:36:13Z,
SDP2Z2Q1,-19.639466,29.221422,1339.254517,2024-04-24T11:31:51Z,
SDP2Z2Q2,-19.63943297,29.221263,1339.242065,2024-04-24T10:39:07Z,
SDP2Z2Q3,-19.63922996,29.22126099,1338.036499,2024-04-24T11:43:13Z,
SDP2Z2Q4,-19.639237,29.22141697,1339.151733,2024-04-24T11:36:56Z,
SDP2Z2Q5,-19.63936902,29.221336,1337.197388,2024-04-24T11:54:27Z,
SDP2Z3CR0,-19.63978702,29.22211502,1339.130005,2024-03-27T08:10:04Z,
SDP2Z3CR1,-19.63971402,29.22114599,1340.848022,2024-04-24T10:14:37Z,
SDP2Z3CR2,-19.63970102,29.22095203,1341.186768,2024-04-24T10:06:33Z,
SDP2Z3CR3,-19.639452,29.22099201,1339.153687,2024-04-24T10:50:17Z,
SDP2Z3CR0,-19.63954696,29.222198,1337.673828,2024-03-27T08:37:33Z,
SDP2Z3Q1,-19.63969197,29.22112897,1340.523926,2024-04-24T10:16:33Z,
SDP2Z3Q2,-19.63968401,29.22104096,1341.270264,2024-04-24T10:09:13Z,
SDP2Z3Q3,-19.63947304,29.22102696,1338.550537,2024-04-24T10:51:50Z,
SDP2Z3Q4,-19.639495,29.22116803,1339.42749,2024-04-24T10:31:48Z,
SDP2Z3Q5,-19.63960304,29.22105596,1339.347656,2024-04-24T11:02:27Z,
SDP2Z4CR3,-19.63917204,29.221048,1336.233154,2024-04-24T12:00:28Z,
SDP2Z4CR0,-19.63947304,29.22141496,1338.34082,2024-03-27T08:26:58Z,
SDP2Z4Q1,-19.63943699,29.22116803,1339.361328,2024-04-24T10:43:09Z,
SDP2Z4Q2,-19.63941897,29.22102604,1339.072266,2024-04-24T10:55:29Z,
SDP2Z4Q3,-19.63923197,29.22106703,1336.457397,2024-04-24T12:02:48Z,
SDP2Z4Q4,-19.63922904,29.22119997,1338.512085,2024-04-24T11:48:26Z,
SDP2Z4Q5,-19.639352,29.22111204,1334.703369,2024-04-24T12:09:30Z,
SDP2ZCENTER,-19.63945996,29.22118597,1340.310913,2024-04-24T10:30:16Z,
SDP3Z1CR0,-19.63985802,29.22252699,1338.078857,2024-03-27T08:47:15Z,
SDP3Z1CR1,-19.63978803,29.22214201,1332.356079,2024-04-25T06:49:28Z,
SDP3Z1CR3,-19.639194,29.22204302,1332.57312,2024-04-25T07:12:29Z,
SDP3Z1CR4,-19.63951503,29.22220001,1333.843872,2024-04-25T06:38:16Z,
SDP3Z1Q1,-19.63977604,29.222098,1332.432495,2024-04-25T06:50:07Z,
SDP3Z1Q2,-19.63979297,29.22196498,1333.694946,2024-04-25T06:04:26Z,
SDP3Z1Q3,-19.63953598,29.22203698,1334.210449,2024-04-25T06:24:50Z,
SDP3Z1Q4,-19.639553,29.22215902,1333.887085,2024-04-25T06:40:33Z,
SDP3Z1Q5,-19.63965903,29.22204603,1332.267822,2024-04-25T06:57:22Z,
SDP3Z2CR3,-19.63920398,29.22204796,1333.69397,2024-04-25T07:21:17Z,
SDP3Z2CR4,-19.63921797,29.22224401,1332.097168,2024-04-25T07:04:15Z,
SDP3Z2CR0,-19.64007997,29.22364396,1340.47168,2024-03-27T09:06:45Z,
SDP3Z2Q1,-19.63947698,29.22215802,1333.948486,2024-04-25T06:43:53Z,
SDP3Z2Q2,-19.639495,29.22204,1334.057129,2024-04-25T06:28:07Z,
SDP3Z2Q3,-19.639251,29.22207998,1332.95105,2024-04-25T07:22:55Z,
SDP3Z2Q4,-19.63925201,29.22220898,1332.271606,2024-04-25T07:07:40Z,
SDP3Z2Q5,-19.63937103,29.22211401,1333.442871,2024-04-25T07:32:31Z,
SDP3Z3CR0,-19.639942,29.22291004,1338.543823,2024-03-27T08:52:51Z,
SDP3Z3CR1,-19.63982801,29.22193296,1334.101562,2024-04-25T06:02:29Z,
SDP3Z3CR2,-19.63977302,29.22173096,1334.363037,2024-04-25T06:00:38Z,
SDP3Z3CR3,-19.63954202,29.22180497,1334.655762,2024-04-25T06:06:29Z,
SDP3Z3Q1,-19.63978803,29.22190899,1334.206909,2024-04-25T06:03:32Z,
SDP3Z3Q2,-19.63977696,29.22177999,1334.359009,2024-04-25T06:01:28Z,
SDP3Z3Q3,-19.63954898,29.22183297,1334.275513,2024-04-25T06:08:20Z,
SDP3Z3Q4,-19.63955099,29.22195501,1334.192749,2024-04-25T06:14:30Z,
SDP3Z3Q5,-19.63964202,29.22186297,1334.271362,2024-04-25T06:19:45Z,
SDP3Z4CR0,-19.63959097,29.222586,1338.810669,2024-03-27T09:30:29Z,
SDP3Z4CR3,-19.63923499,29.22187102,1334.589355,2024-04-25T07:37:21Z,
SDP3Z4Q1,-19.63947002,29.22196498,1333.533813,2024-04-25T06:32:34Z,
SDP3Z4Q2,-19.63948896,29.22184596,1334.147705,2024-04-25T06:09:38Z,
SDP3Z4Q3,-19.639265,29.22191997,1333.88147,2024-04-25T07:39:56Z,
SDP3Z4Q4,-19.63923298,29.22201997,1333.264771,2024-04-25T07:27:26Z,
SDP3Z4Q5,-19.63940699,29.22194201,1334.406738,2024-04-25T07:47:52Z,
SDP3ZCENTER,-19.63951503,29.22199901,1334.300537,2024-04-25T06:11:49Z,
SDP4Z1CR1,-19.639913,29.22291004,1341.339722,2024-04-25T09:06:42Z,
SDP4Z1CR4,-19.63965098,29.22299202,1341.563599,2024-04-25T09:09:44Z,
SDP4Z1Q1,-19.63989599,29.22288196,1341.328857,2024-04-25T09:08:29Z,
SDP4Z1Q2,-19.63989599,29.22277702,1336.811646,2024-04-25T08:39:27Z,
SDP4Z1Q3,-19.63967202,29.22282002,1338.47168,2024-04-25T08:52:19Z,
SDP4Z1Q4,-19.63967898,29.22297098,1341.751099,2024-04-25T09:12:09Z,
SDP4Z1Q5,-19.63974603,29.22283301,1342.004883,2024-04-25T09:15:56Z,
SDP4Z2CR0,-19.63990403,29.22420496,1340.145874,2024-03-27T09:52:37Z,
SDP4Z2CR3,-19.63930699,29.22285598,1342.868408,2024-04-25T09:23:30Z,
SDP4Z2CR4,-19.63937799,29.22307097,1342.576172,2024-04-25T09:19:40Z,
SDP4Z2Q1,-19.639625,29.22296201,1341.982422,2024-04-25T09:12:48Z,
SDP4Z2Q2,-19.63961,29.22284198,1339.069946,2024-04-25T08:56:13Z,
SDP4Z2Q3,-19.639366,29.22288297,1342.773682,2024-04-25T09:24:47Z,
SDP4Z2Q4,-19.639381,29.22302202,1342.525635,2024-04-25T09:21:26Z,
SDP4Z2Q5,-19.63948896,29.22290803,1344.200684,2024-04-25T09:28:43Z,
SDP4Z3,-19.64000797,29.22457703,1339.984131,2024-03-27T09:57:19Z,
SDP4Z3CR1,-19.639899,29.22272304,1335.436768,2024-04-25T08:33:43Z,
SDP4Z3CR2,-19.63985902,29.22254501,1335.653687,2024-04-25T08:30:41Z,
SDP4Z3CR3,-19.63960103,29.22261902,1336.869873,2024-04-25T08:43:47Z,
SDP4Z3CR0,-19.639553,29.22392601,1342.948853,2024-03-27T10:19:10Z,
SDP4Z3Q1,-19.63987302,29.22271298,1335.518188,2024-04-25T08:34:43Z,
SDP4Z3Q2,-19.639855,29.22259698,1335.717407,2024-04-25T08:31:34Z,
SDP4Z3Q3,-19.63964,29.22266101,1337.520752,2024-04-25T08:44:51Z,
SDP4Z3Q4,-19.63964503,29.22276696,1338.127197,2024-04-25T08:49:32Z,
SDP4Z3Q5,-19.63974302,29.22268499,1340.560791,2024-04-25T09:01:48Z,
SDP4Z4CR0,-19.63962098,29.22428199,1342.361572,2024-03-27T10:09:02Z,
SDP4Z4CR3,-19.63930003,29.22265699,1343.832031,2024-04-25T09:33:00Z,
SDP4Z4Q1,-19.63957597,29.22275397,1339.623535,2024-04-25T08:58:28Z,
SDP4Z4Q2,-19.639524,29.22263696,1342.450073,2024-04-25T09:38:48Z,
SDP4Z4Q3,-19.63934203,29.22266504,1342.295288,2024-04-25T09:34:31Z,
SDP4Z4Q4,-19.63935896,29.22282002,1342.422119,2024-04-25T09:25:44Z,
SDP4Z4Q5,-19.63943699,29.22275104,1343.107544,2024-04-25T09:36:12Z,
SDP4CENETER,-19.63962601,29.22279898,1339.03418,2024-04-25T08:48:57Z,
SDP5Z1CR1,-19.63981996,29.22421301,1337.341675,2024-04-25T11:14:19Z,
SDP5Z1CR4,-19.63959298,29.22429096,1338.953979,2024-04-25T11:07:39Z,
SDP5Z1Q1,-19.63981301,29.22415802,1339.063354,2024-04-25T11:12:05Z,
SDP5Z1Q2,-19.63980798,29.22406398,1338.969482,2024-04-25T10:19:07Z,
SDP5Z1Q3,-19.639625,29.22410999,1338.407593,2024-04-25T11:17:08Z,
SDP5Z1Q4,-19.63960396,29.22423799,1340.067627,2024-04-25T11:08:21Z,
SDP5Z1Q5,-19.63967999,29.22414302,1339.334351,2024-04-25T11:10:34Z,
SDP5Z2CR0,-19.64005499,29.22612702,1347.072388,2024-03-27T11:27:55Z,
SDP5Z2CR4,-19.63931202,29.22437604,1338.408691,2024-04-25T11:00:37Z,
SDP5Z2CR0,-19.63987403,29.22535102,1344.899902,2024-03-27T11:51:06Z,
SDP5Z2Q1,-19.63955602,29.22424603,1338.915283,2024-04-25T11:05:39Z,
SDP5Z2Q2,-19.63953003,29.22414201,1338.874023,2024-04-25T10:35:00Z,
SDP5Z2Q3,-19.63929299,29.22422399,1338.335571,2024-04-25T10:52:50Z,
SDP5Z2Q4,-19.63934898,29.22431703,1339.049683,2024-04-25T11:04:48Z,
SDP5Z2Q5,-19.63942501,29.22424402,1339.049561,2024-04-25T10:59:01Z,
SDP5Z3CR0,-19.639784,29.22609801,1346.947632,2024-03-27T11:30:15Z,
SDP5Z3CR1,-19.63980102,29.22398603,1341.244263,2024-04-25T10:10:07Z,
SDP5Z3CR2,-19.63976397,29.22383096,1341.988892,2024-04-25T10:05:59Z,
SDP5Z3CR3,-19.63952601,29.22391796,1336.934937,2024-04-25T10:42:46Z,
SDP5Z3Q1,-19.63975701,29.22398804,1341.407837,2024-04-25T10:12:30Z,
SDP5Z3Q2,-19.63976003,29.22387203,1341.385254,2024-04-25T10:07:08Z,
SDP5Z3Q3,-19.639539,29.22394596,1337.222778,2024-04-25T10:43:19Z,
SDP5Z3Q4,-19.63957798,29.22407898,1338.782227,2024-04-25T10:28:43Z,
SDP5Z3Q5,-19.63966599,29.22400204,1338.246582,2024-04-25T10:38:38Z,
SDP5Z4CR0,-19.63986003,29.22572703,1347.324341,2024-03-27T11:36:28Z,
SDP5Z4CR3,-19.63922401,29.22398997,1337.632812,2024-04-25T10:47:08Z,
SDP5Z4CR4,-19.63924102,29.22418904,1337.604736,2024-04-25T10:50:00Z,
SDP5Z4Q1,-19.63950598,29.22407102,1338.863281,2024-04-25T10:32:11Z,
SDP5Z4Q2,-19.63950397,29.22395602,1337.509766,2024-04-25T10:44:01Z,
SDP5Z4Q3,-19.63926299,29.22402198,1337.38916,2024-04-25T10:49:01Z,
SDP5Z4Q4,-19.63927003,29.22414897,1337.470215,2024-04-25T10:51:05Z,
SDP5Z4Q5,-19.63940699,29.22403104,1338.205811,2024-04-25T10:56:01Z,
SDP5ZCENTER,-19.63953598,29.22410798,1339.435669,2024-04-25T10:25:10Z,
SEP1Z1CR0,-19.62736999,29.26110101,1320.368164,2024-04-02T07:16:29Z,
SEP1Z1CR1,-19.62733696,29.26153997,1321.437622,2024-04-19T07:24:43Z,
SEP1Z1CR4,-19.62708903,29.26152203,1320.86731,2024-04-19T07:27:01Z,
SEP1Z1Q1,-19.62730704,29.26150301,1321.24707,2024-04-19T07:25:31Z,
SEP1Z1Q2,-19.62728902,29.26138801,1321.314331,2024-04-19T06:55:17Z,
SEP1Z1Q3,-19.62709397,29.26136898,1321.634521,2024-04-19T07:15:14Z,
SEP1Z1Q4,-19.62708802,29.26149303,1320.765137,2024-04-19T07:27:52Z,
SEP1Z1Q5,-19.62721199,29.261402,1322.082275,2024-04-19T07:20:48Z,
SEP1Z2CR0,-19.62746101,29.26081301,1321.246094,2024-04-02T07:19:29Z,
SEP1Z2CR1,-19.62705499,29.261531,1323.055542,2024-04-19T08:09:17Z,
SEP1Z2CR4,-19.62679197,29.26152597,1320.875488,2024-04-19T08:11:43Z,
SEP1Z2Q1,-19.627012,29.26148901,1322.768188,2024-04-19T08:10:19Z,
SEP1Z2Q2,-19.62703203,29.26139002,1321.335205,2024-04-19T07:09:12Z,
SEP1Z2Q3,-19.62684503,29.261387,1319.957397,2024-04-19T07:52:04Z,
SEP1Z2Q4,-19.62681301,29.26148498,1321.890503,2024-04-19T08:12:39Z,
SEP1Z2Q5,-19.62696296,29.26123202,1321.959839,2024-04-19T07:56:11Z,
SEP1Z3CR0,-19.62749999,29.260394,1322.2229,2024-04-02T07:23:36Z,
SEP1Z3CR1,-19.62733101,29.26134702,1322.908813,2024-04-19T06:49:30Z,
SEP1Z3CR2,-19.62735004,29.26115097,1321.936279,2024-04-19T06:36:58Z,
SEP1Z3CR3,-19.62707503,29.26116404,1320.793457,2024-04-19T07:31:18Z,
SEP1Z3Q1,-19.62729396,29.2613,1322.841675,2024-04-19T06:51:17Z,
SEP1Z3Q2,-19.62731802,29.26117997,1322.000977,2024-04-19T06:39:34Z,
SEP1Z3Q3,-19.62709598,29.26120201,1320.705688,2024-04-19T07:32:03Z,
SEP1Z3Q4,-19.62710503,29.26130201,1321.927002,2024-04-19T07:02:11Z,
SEP1Z3Q5,-19.62723596,29.26125498,1320.314819,2024-04-19T07:34:12Z,
SEP1Z4CR0,-19.62731098,29.260351,1323.466553,2024-04-02T07:27:18Z,
SEP1Z4CR3,-19.62678501,29.261157,1321.283813,2024-04-19T07:45:05Z,
SEP1Z4CR4,-19.62678803,29.26133897,1321.400757,2024-04-19T07:48:12Z,
SEP1Z4Q1,-19.62702801,29.26132397,1321.58606,2024-04-19T07:06:10Z,
SEP1Z4Q2,-19.62703999,29.26118902,1321.05835,2024-04-19T07:39:58Z,
SEP1Z4Q3,-19.626825,29.26116404,1320.856689,2024-04-19T07:45:50Z,
SEP1Z4Q4,-19.62683002,29.26129304,1321.308228,2024-04-19T07:48:55Z,
SEP1ZCENTER,-19.62707402,29.26132598,1322.322144,2024-04-19T07:01:07Z,
SEP2Z1CR0,-19.62717804,29.26150099,1328.592896,2024-04-02T08:02:48Z,
SEP2ZCENTER,-19.62745104,29.26037002,1324.816406,2024-04-17T12:05:57Z,
SEP2Z1CR1,-19.62766,29.26067303,1324.233521,2024-04-17T11:48:58Z,
SEP2Z1CR2,-19.62769797,29.26044303,1324.933716,2024-04-17T11:53:21Z,
SEP2Z1CR4,-19.62739999,29.26050397,1321.350586,2024-04-17T12:23:31Z,
SEP2Z1Q1,-19.62762304,29.26058896,1324.209839,2024-04-17T11:50:13Z,
SEP2Z1Q2,-19.62766704,29.26046901,1324.611084,2024-04-17T11:54:07Z,
SEP2Z1Q3,-19.62747401,29.26038503,1324.412109,2024-04-17T12:07:54Z,
SEP2Z1Q4,-19.62743503,29.26050003,1321.745483,2024-04-17T12:22:50Z,
SEP2Z1Q5,-19.62756503,29.26044504,1320.280273,2024-04-17T12:29:21Z,
SEP2Z2CR0,-19.62705198,29.26178204,1327.414307,2024-04-02T08:07:06Z,
SEP2Z2CR1,-19.62739899,29.26050397,1311.330688,2024-04-17T13:07:03Z,
SEP2Z2CR4,-19.62714904,29.26043197,1311.255005,2024-04-17T13:03:52Z,
SEP2Z2Q1,-19.62739002,29.26046298,1310.866699,2024-04-17T13:08:51Z,
SEP2Z2Q2,-19.62740201,29.26038897,1322.563354,2024-04-17T12:19:03Z,
SEP2Z2Q3,-19.62723001,29.26026701,1312.232056,2024-04-17T13:00:14Z,
SEP2Z2Q5,-19.62730603,29.26034898,1311.368286,2024-04-17T13:10:03Z,
SEP2Z3CR0,-19.62683698,29.26217197,1325.158203,2024-04-02T08:13:27Z,
SEP2Z3CR3,-19.62750301,29.26016802,1317.697266,2024-04-17T12:37:52Z,
SEP2Z3Q4,-19.62746797,29.26031697,1323.583862,2024-04-17T12:10:02Z,
SEP2Z3Q5,-19.62761197,29.26027598,1319.600586,2024-04-17T12:34:19Z,
SEP2Z4CR0,-19.62661201,29.26209301,1324.162964,2024-04-02T08:20:56Z,
SEP2Z4CR3,-19.62725398,29.26003198,1313.151001,2024-04-17T12:52:11Z,
SEP2Z4CR4,-19.62719103,29.26023801,1312.654907,2024-04-17T12:55:13Z,
SEP2Z4Q1,-19.62741902,29.26032702,1323.056519,2024-04-17T12:13:34Z,
SEP2Z4Q2,-19.62747401,29.26016098,1314.896606,2024-04-17T12:47:56Z,
SEP2Z4Q3,-19.62727997,29.26007104,1313.363159,2024-04-17T12:53:01Z,
SEP2Z4Q4,-19.62723303,29.26018503,1312.705444,2024-04-17T12:54:16Z,
SEP2Z4Q5,-19.62733001,29.26018503,1312.284668,2024-04-17T12:58:21Z,
SEP3Z1CR0,-19.62769696,29.259992,1329.049194,2024-04-02T09:27:55Z,
SEP3Z1CR1,-19.62796804,29.25963099,1322.280029,2024-04-17T08:08:56Z,
SEP3Z1Q1,-19.62790702,29.25962303,1322.646973,2024-04-17T08:08:09Z,
SEP3Z1Q2,-19.62788899,29.25950099,1322.419434,2024-04-17T07:28:33Z,
SEP3Z1Q3,-19.62768104,29.25958296,1322.791992,2024-04-17T07:44:38Z,
SEP3Z1Q4,-19.62775304,29.25969997,1321.29248,2024-04-17T08:04:40Z,
SEP3Z1Q5,-19.62783996,29.25956603,1321.914429,2024-04-17T08:15:28Z,
SEP3Z2CR0,-19.62781498,29.25967902,1329.281006,2024-04-02T09:31:40Z,
SEP3Z2CR4,-19.62745003,29.25981799,1323.93335,2024-04-17T09:32:41Z,
SEP3Z2Q1,-19.62766897,29.25973199,1321.412109,2024-04-17T09:27:19Z,
SEP3Z2Q2,-19.62761298,29.25961196,1321.906738,2024-04-17T07:50:14Z,
SEP3Z2Q3,-19.62738197,29.25965404,1326.772583,2024-04-17T09:42:49Z,
SEP3Z2Q4,-19.62744299,29.25978304,1325.829468,2024-04-17T09:36:00Z,
SEP3Z2Q5,-19.62752002,29.25969101,1327.578491,2024-04-17T09:52:04Z,
SEP3Z3,-19.62779,29.25930401,1329.635132,2024-04-02T09:34:14Z,
SEP3Z3CENTER,-19.627631,29.25957098,1323.656982,2024-04-17T07:35:48Z,
SEP3Z3CR1,-19.62792302,29.25946302,1323.62854,2024-04-17T07:25:01Z,
SEP3Z3CR2,-19.62778699,29.25926596,1323.480225,2024-04-17T07:17:17Z,
SEP3Z3CR3,-19.62753997,29.259402,1321.559326,2024-04-17T07:54:38Z,
SEP3Z3Q1,-19.62785698,29.25944801,1323.159668,2024-04-17T07:25:55Z,
SEP3Z3Q2,-19.62769001,29.26041101,1324.673218,2024-04-17T11:58:49Z,
SEP3Z3Q3,-19.62757601,29.25942102,1322.147217,2024-04-17T07:53:37Z,
SEP3Z3Q4,-19.62764902,29.25952697,1322.961426,2024-04-17T07:37:28Z,
SEP3Z3Q5,-19.62773602,29.25945598,1321.507324,2024-04-17T07:58:32Z,
SEP3Z4CR0,-19.62753997,29.25914803,1329.384888,2024-04-02T09:39:49Z,
SEP3Z4CR2,-19.62752103,29.25942102,1326.780029,2024-04-17T10:19:50Z,
SEP3Z4CR3,-19.627243,29.259475,1325.88855,2024-04-17T10:10:26Z,
SEP3Z4Q1,-19.62758599,29.25954198,1322.423096,2024-04-17T07:39:21Z,
SEP3Z4Q2,-19.62749597,29.25945698,1325.604492,2024-04-17T10:21:22Z,
SEP3Z4Q3,-19.62730704,29.259517,1327.319702,2024-04-17T10:16:46Z,
SEP3Z4Q4,-19.62735096,29.25959897,1327.190552,2024-04-17T09:44:59Z,
SEP3Z4Q5,-19.62743201,29.25952898,1325.144653,2024-04-17T10:07:14Z,
SEP4Z1CR0,-19.62776301,29.25881996,1330.254272,2024-04-02T10:08:13Z,
SEP4Z1CR1,-19.62772002,29.25845099,1325.052246,2024-04-16T08:30:51Z,
SEP4Z1CR3,-19.62749102,29.258395,1325.862671,2024-04-16T08:44:01Z,
SEP4Z1CR4,-19.62747904,29.25857001,1331.062256,2024-04-16T10:11:07Z,
SEP4Z1Q3,-19.62753201,29.25840396,1325.69519,2024-04-16T08:44:48Z,
SEP4Z1Q4,-19.62750603,29.25854696,1330.781616,2024-04-16T10:11:59Z,
SEP4Z1Q5,-19.62758197,29.258425,1331.070435,2024-04-16T10:18:31Z,
SEP4Z2CR0,-19.62770803,29.25848502,1330.517944,2024-04-02T10:11:05Z,
SEP4Z2CR4,-19.62723898,29.258697,1315.206055,2024-04-16T13:06:52Z,
SEP4Z2Q1,-19.62745498,29.25855702,1315.816406,2024-04-16T13:13:01Z,
SEP4Z2Q2,-19.62745599,29.25839097,1316.887939,2024-04-16T12:39:42Z,
SEP4Z2Q3,-19.62728399,29.25852198,1316.726196,2024-04-16T12:52:16Z,
SEP4Z2Q4,-19.62726898,29.25866498,1315.330811,2024-04-16T13:09:49Z,
SEP4Z2Q5,-19.62736102,29.25854696,1315.682373,2024-04-16T13:16:41Z,
SEP4Z3CR0,-19.62768297,29.25808403,1330.639526,2024-04-02T10:14:03Z,
SEP4Z3CR2,-19.62765698,29.25805796,1330.406372,2024-04-16T10:52:54Z,
SEP4Z3CR3,-19.62742598,29.25817396,1330.54248,2024-04-16T10:45:01Z,
SEP4Z3Q1,-19.62769202,29.25824597,1324.802124,2024-04-16T08:40:51Z,
SEP4Z3Q2,-19.62766604,29.25810398,1330.536743,2024-04-16T10:53:36Z,
SEP4Z3Q3,-19.62747501,29.25820699,1330.130859,2024-04-16T10:45:47Z,
SEP4Z3Q4,-19.62750301,29.25831998,1326.85791,2024-04-16T08:55:35Z,
SEP4Z3Q5,-19.62753,29.25822903,1330.321899,2024-04-16T10:59:00Z,
SEP4Z4CR0,-19.62749404,29.25800901,1330.575073,2024-04-02T10:16:23Z,
SEP4Z4CR3,-19.62716999,29.25827396,1327.54541,2024-04-16T11:16:29Z,
SEP4Z4Q1,-19.62743696,29.25835501,1330.766113,2024-04-16T10:30:05Z,
SEP4Z4Q2,-19.62740896,29.25824102,1328.332886,2024-04-16T11:11:08Z,
SEP4Z4Q3,-19.62717804,29.25826801,1326.982544,2024-04-16T11:17:37Z,
SEP4Z4Q4,-19.62727502,29.25846297,1316.589722,2024-04-16T12:47:36Z,
SEP4Z4Q5,-19.62733101,29.25833398,1316.885254,2024-04-16T12:59:54Z,
SEP5Z1CR0,-19.62661704,29.26258704,1328.713867,2024-04-02T10:50:47Z,
SEP5Z1CR1,-19.626998,29.26225796,1328.001709,2024-04-19T10:15:01Z,
SEP5Z1CR4,-19.62671301,29.26231203,1326.345947,2024-04-19T10:19:23Z,
SEP5Z1Q1,-19.62696103,29.26224296,1327.458496,2024-04-19T10:17:06Z,
SEP5Z1Q2,-19.62700898,29.26210499,1327.216675,2024-04-19T09:26:32Z,
SEP5Z1Q3,-19.62676599,29.26213198,1328.691406,2024-04-19T09:42:03Z,
SEP5Z1Q4,-19.62675098,29.26228596,1326.26001,2024-04-19T10:20:32Z,
SEP5Z1Q5,-19.62683497,29.26220097,1325.53772,2024-04-19T10:28:32Z,
SEP5Z2CR0,-19.626452,29.262869,1329.080444,2024-04-02T10:53:37Z,
SEP5Z2CR2,-19.62703102,29.26185697,1326.564941,2024-04-19T09:14:55Z,
SEP5Z2CR3,-19.62644496,29.26213098,1316.611328,2024-04-19T11:16:40Z,
SEP5Z2CR4,-19.62644102,29.26236902,1326.368164,2024-04-19T11:13:15Z,
SEP5Z2Q1,-19.62669097,29.26225897,1325.457764,2024-04-19T10:24:26Z,
SEP5Z2Q2,-19.62671704,29.26213802,1328.569336,2024-04-19T09:45:35Z,
SEP5Z2Q3,-19.62647798,29.26218404,1316.44812,2024-04-19T11:15:57Z,
SEP5Z2Q4,-19.62646902,29.26231203,1316.529785,2024-04-19T11:14:51Z,
SEP5Z2Q5,-19.62657597,29.26220097,1316.173218,2024-04-19T11:19:58Z,
SEP5Z3CR0,-19.62625603,29.26323404,1329.372803,2024-04-02T10:56:35Z,
SEP5Z3CR1,-19.62702901,29.26206501,1327.145752,2024-04-19T09:22:21Z,
SEP5Z3CR3,-19.62671796,29.26192302,1329.202271,2024-04-19T09:57:47Z,
SEP5Z3Q1,-19.62698702,29.26202998,1327.635498,2024-04-19T09:23:01Z,
SEP5Z3Q2,-19.62699196,29.26189897,1326.421265,2024-04-19T09:16:30Z,
SEP5Z3Q3,-19.62678401,29.26195999,1329.118042,2024-04-19T09:58:36Z,
SEP5Z3Q4,-19.62674696,29.26207297,1327.252563,2024-04-19T09:35:20Z,
SEP5Z3Q5,-19.62690496,29.26201397,1328.778442,2024-04-19T10:08:55Z,
SEP5Z4CR0,-19.62594397,29.26313303,1328.528809,2024-04-02T11:01:00Z,
SEP5Z4CR3,-19.62648,29.26195303,1317.09668,2024-04-19T11:23:06Z,
SEP5Z4Q1,-19.626711,29.262063,1329.094604,2024-04-19T09:51:43Z,
SEP5Z4Q2,-19.62672701,29.26194901,1328.824097,2024-04-19T10:00:38Z,
SEP5Z4Q3,-19.62651,29.261991,1317.901611,2024-04-19T11:27:00Z,
SEP5Z4Q4,-19.62647698,29.262106,1315.858765,2024-04-19T11:20:59Z,
SEP5Z4Q5,-19.62657697,29.26203299,1317.800903,2024-04-19T11:28:27Z,
SEP5ZCENTER,-19.62674403,29.262106,1328.342651,2024-04-19T09:33:42Z,
SEZ1CR4,-19.627731,29.25973501,1322.016479,2024-04-17T08:04:03Z,
SFP1Z1CR0,-19.52967103,29.184749,1279.18689,2024-04-03T08:30:21Z,
SFP1Z1CR0,-19.53074601,29.18478202,1289.577393,2024-04-03T08:49:15Z,
SFP1Z1CR4,-19.52983598,29.18482804,1295.1521,2024-04-08T07:23:44Z,
SFP1Z1Q1,-19.52967698,29.18480298,1295.817871,2024-04-08T07:31:05Z,
SFP1Z1Q2,-19.52970103,29.18506499,1296.173828,2024-04-08T07:38:54Z,
SFP1Z1Q3,-19.52984797,29.18501101,1296.702271,2024-04-08T07:45:23Z,
SFP1Z1Q4,-19.52981704,29.18484304,1295.747192,2024-04-08T07:55:49Z,
SFP1Z1Q5,-19.52975401,29.18491303,1295.99231,2024-04-08T07:59:02Z,
SFP1Z2CR0,-19.52996397,29.18481102,1281.063232,2024-04-03T08:32:59Z,
SFP1Z2CR1,-19.52986599,29.18484204,1297.327515,2024-04-08T10:04:53Z,
SFP1Z2CR3,-19.53004897,29.18513004,1301.907715,2024-04-08T10:19:09Z,
SFP1Z2Q1,-19.52988904,29.18484103,1296.994751,2024-04-08T10:03:32Z,
SFP1Z2Q2,-19.52991804,29.18504999,1298.409424,2024-04-08T10:08:43Z,
SFP1Z2Q3,-19.53002097,29.18508201,1301.634399,2024-04-08T10:18:03Z,
SFP1Z2Q4,-19.52999096,29.18485997,1303.794922,2024-04-08T10:23:10Z,
SFP1Z2Q5,-19.52994696,29.18498201,1303.490601,2024-04-08T10:27:50Z,
SFP1Z3CR0,-19.53035801,29.18476601,1283.034302,2024-04-03T08:34:51Z,
SFP1Z3CR3,-19.52972802,29.18534797,1306.216675,2024-04-09T10:20:38Z,
SFP1Z3CR4,-19.52989801,29.18537403,1305.94873,2024-04-09T10:25:17Z,
SFP1Z3Q1,-19.52980002,29.18510296,1306.681519,2024-04-09T10:38:57Z,
SFP1Z3Q2,-19.52971696,29.18508796,1305.807739,2024-04-09T10:44:32Z,
SFP1Z3Q3,-19.52973397,29.18534302,1291.608765,2024-04-09T11:41:56Z,
SFP1Z3Q4,-19.529867,29.185325,1292.605469,2024-04-09T11:44:39Z,
SFP1Z3Q5,-19.52978804,29.18518402,1296.08313,2024-04-09T11:50:33Z,
SFP1Z4CR0,-19.53040796,29.18505804,1284.229614,2024-04-03T08:37:06Z,
SFP1Z4CR3,-19.53028098,29.185094,1296.775269,2024-04-09T09:02:24Z,
SFP1Z4CR4,-19.53008601,29.185354,1307.068726,2024-04-09T10:32:28Z,
SFP1Z4Q1,-19.53000203,29.185153,1298.312256,2024-04-09T11:54:16Z,
SFP1Z4Q2,-19.52987496,29.18512601,1301.115845,2024-04-09T11:58:53Z,
SFP1Z4Q3,-19.52990798,29.18534797,1301.96875,2024-04-09T12:03:29Z,
SFP1Z4Q4,-19.53007202,29.18528301,1303.128418,2024-04-09T12:07:16Z,
SFP1Z4Q5,-19.53001401,29.18521,1303.186523,2024-04-09T12:12:41Z,
SFP2Z1CR1,-19.53058599,29.18476601,1299.096558,2024-04-09T12:46:04Z,
SFP2Z1Q1,-19.53059404,29.18484103,1298.604736,2024-04-09T12:42:00Z,
SFP2Z1Q2,-19.53043504,29.18481203,1298.071167,2024-04-09T12:50:59Z,
SFP2Z1Q3,-19.53046697,29.18499601,1296.928589,2024-04-09T12:56:16Z,
SFP2Z1Q4,-19.53059698,29.18501202,1297.595703,2024-04-09T12:59:21Z,
SFP2Z1Q5,-19.53050402,29.18491404,1297.492676,2024-04-09T13:03:39Z,
SFP2Z2CR0,-19.53107902,29.18475101,1290.339233,2024-04-03T08:51:12Z,
SFP2Z2CR4,-19.53083603,29.18502199,1297.177856,2024-04-09T13:24:50Z,
SFP2Z2Q1,-19.53073896,29.18483198,1297.661621,2024-04-09T13:10:45Z,
SFP2Z2Q2,-19.53063,29.18478504,1296.435913,2024-04-09T13:14:45Z,
SFP2Z2Q3,-19.530659,29.18501202,1296.1521,2024-04-09T13:23:30Z,
SFP2Z2Q4,-19.53079504,29.18500397,1296.442627,2024-04-09T13:25:52Z,
SFP2Z2Q5,-19.53073896,29.18488797,1296.53125,2024-04-09T13:29:38Z,
SFP2Z3CR0,-19.53145796,29.184749,1291.707764,2024-04-03T08:53:40Z,
SFP2Z3CR3,-19.53046001,29.18534302,1303.235962,2024-04-10T06:40:19Z,
SFP2Z3Q1,-19.53058599,29.18513297,1303.510986,2024-04-10T06:44:49Z,
SFP2Z3Q2,-19.530487,29.185123,1302.741333,2024-04-10T06:50:14Z,
SFP2Z3Q3,-19.53052003,29.18529097,1303.359863,2024-04-10T06:55:46Z,
SFP2Z3Q4,-19.53062003,29.18531704,1303.870117,2024-04-10T06:57:48Z,
SFP2Z3Q5,-19.53055599,29.18521998,1303.389771,2024-04-10T07:01:08Z,
SFP2Z4CR0,-19.53157598,29.18502401,1292.957642,2024-04-03T08:56:32Z,
SFP2Z4CR1,-19.53088397,29.18508503,1300.758179,2024-04-10T06:27:49Z,
SFP2Z4CR3,-19.53067099,29.18534797,1302.646606,2024-04-10T06:35:27Z,
SFP2Z4CR4,-19.53082002,29.18537303,1302.500244,2024-04-10T06:32:47Z,
SFP2Z4Q1,-19.53081901,29.18511302,1303.972412,2024-04-10T07:05:15Z,
SFP2Z4Q2,-19.53065598,29.18511101,1303.334717,2024-04-10T07:08:03Z,
SFP2Z4Q3,-19.530674,29.18531402,1303.009521,2024-04-10T07:13:12Z,
SFP2Z4Q4,-19.53079102,29.18533104,1303.639404,2024-04-10T07:19:22Z,
SFP2Z4Q5,-19.53072396,29.18518703,1302.563599,2024-04-10T07:21:50Z,
SFP3Z1CR3,-19.53122403,29.18504697,1302.472168,2024-04-10T07:53:50Z,
SFP3Z1CR4,-19.53137197,29.18504898,1303.512695,2024-04-10T07:58:15Z,
SFP3Z1CR2,-19.53131497,29.184792,1302.884277,2024-04-10T07:37:58Z,
SFP3Z1CR0,-19.53117097,29.18477196,1302.154663,2024-04-10T07:34:13Z,
SFP3Z1Q1,-19.53135503,29.18480398,1304.549805,2024-04-10T08:53:19Z,
SFP3Z1Q2,-19.53115697,29.18476702,1305.360352,2024-04-10T09:03:34Z,
SFP3Z1Q3,-19.53123501,29.18501303,1304.758911,2024-04-10T09:07:29Z,
SFP3Z1Q4,-19.53136199,29.18500104,1304.446777,2024-04-10T09:11:21Z,
SFP3Z1Q5,-19.53128102,29.18487699,1305.66687,2024-04-10T09:16:11Z,
SFP3Z2CR1,-19.53148797,29.18476702,1306.083618,2024-04-10T09:23:41Z,
SFP3Z2CR4,-19.53155603,29.18503004,1304.409668,2024-04-10T08:01:05Z,
SFP3Z2Q1,-19.53145,29.184807,1305.456055,2024-04-10T09:29:37Z,
SFP3Z2Q2,-19.53135101,29.18480599,1307.259033,2024-04-10T09:35:14Z,
SFP3Z2Q3,-19.53140398,29.18501697,1308.529297,2024-04-10T09:51:38Z,
SFP3Z2Q4,-19.531551,29.18497698,1309.048096,2024-04-10T09:59:48Z,
SFP3Z2Q5,-19.53146098,29.18489803,1308.814697,2024-04-10T10:08:00Z,
SFP3Z3CR2,-19.53128303,29.18532601,1303.696167,2024-04-10T08:07:05Z,
SFP3Z3CR3,-19.53125001,29.18532399,1308.342041,2024-04-10T10:47:55Z,
SFP3Z3CR4,-19.53143097,29.18530497,1304.235352,2024-04-10T08:18:37Z,
SFP3Z3Q1,-19.53135998,29.18508897,1309.244629,2024-04-10T10:38:52Z,
SFP3Z3Q2,-19.53125202,29.18507203,1309.02478,2024-04-10T10:43:19Z,
SFP3Z3Q3,-19.53126099,29.18528996,1308.438354,2024-04-10T10:48:32Z,
SFP3Z3Q4,-19.53138596,29.18527999,1307.194214,2024-04-10T10:51:16Z,
SFP3Z3Q5,-19.53128597,29.18520497,1307.186035,2024-04-10T10:54:48Z,
SFP3Z4CR4,-19.53159903,29.18528703,1308.822144,2024-04-10T10:32:30Z,
SFP3Z4Q1,-19.53151404,29.18508301,1304.822388,2024-04-10T12:09:42Z,
SFP3Z4Q2,-19.53143399,29.18504999,1305.191406,2024-04-10T12:13:44Z,
SFP3Z4Q3,-19.53145,29.18527002,1304.877197,2024-04-10T12:16:23Z,
SFP3Z4Q4,-19.53158797,29.18527697,1304.551392,2024-04-10T12:19:02Z,
SFP3Z4Q5,-19.53151102,29.18514504,1302.991455,2024-04-10T12:22:44Z,
SFP4Z1CR1,-19.53192098,29.184462,1298.315796,2024-04-10T13:21:22Z,
SFP4Z1CR2,-19.53176499,29.18445303,1297.47644,2024-04-10T13:27:42Z,
SFP4Z1CR3,-19.53185803,29.18468102,1297.797974,2024-04-10T13:31:49Z,
SFP4Z1Q1,-19.53193598,29.18446602,1298.02832,2024-04-10T13:23:26Z,
SFP4Z1Q2,-19.53181696,29.18445102,1296.114746,2024-04-10T13:29:56Z,
SFP4Z1Q3,-19.53188997,29.18464397,1297.502563,2024-04-10T13:32:35Z,
SFP4Z1Q4,-19.53201301,29.18471396,1298.865601,2024-04-10T13:15:46Z,
SFP4Z1Q5,-19.53188502,29.18457096,1297.107666,2024-04-10T13:35:40Z,
SFP4Z2CR0,-19.53154396,29.18542801,1299.109985,2024-04-03T09:52:10Z,
SFP4Z2CR1,-19.53213003,29.18444901,1295.027588,2024-04-10T13:47:05Z,
SFP4Z2CR4,-19.53204101,29.18471497,1297.159912,2024-04-10T13:38:30Z,
SFP4Z2CR0,-19.53220203,29.18472301,1296.069336,2024-04-10T13:42:06Z,
SFP4Z2Q1,-19.53209599,29.18448203,1293.899902,2024-04-10T13:48:55Z,
SFP4Z2Q2,-19.53196599,29.18446602,1297.404175,2024-04-10T13:25:27Z,
SFP4Z2Q3,-19.53219197,29.18470499,1295.570068,2024-04-10T13:43:23Z,
SFP4Z2Q5,-19.53201301,29.18457298,1295.192871,2024-04-10T13:52:03Z,
SFP4Z3CR0,-19.53188997,29.18534897,1299.645752,2024-04-03T09:53:46Z,
SFP4Z3CR4,-19.53208996,29.18500104,1290.244385,2024-04-11T06:12:39Z,
SFP4Z3CR3,-19.53188997,29.18498796,1288.793945,2024-04-11T06:09:32Z,
SFP4Z3Q1,-19.53200698,29.18478001,1290.920654,2024-04-11T06:22:07Z,
SFP4Z3Q2,-19.53190397,29.18474799,1286.428833,2024-04-11T06:05:45Z,
SFP4Z3Q3,-19.53191302,29.18497296,1289.61145,2024-04-11T06:10:46Z,
SFP4Z3Q4,-19.532053,29.18497296,1290.246704,2024-04-11T06:13:23Z,
SFP4Z3Q5,-19.53195199,29.18486902,1294.213013,2024-04-11T06:29:34Z,
SFP4Z4CR0,-19.53196004,29.185656,1299.649902,2024-04-03T09:55:09Z,
SFP4Z4CR,-19.53204403,29.18472997,1299.154175,2024-04-10T13:13:26Z,
SFP4Z4CR4,-19.53226497,29.18498201,1290.621582,2024-04-11T06:18:10Z,
SFP4Z4Q1,-19.53221602,29.18476299,1295.567139,2024-04-11T06:36:37Z,
SFP4Z4Q2,-19.53206096,29.18475302,1292.291626,2024-04-11T06:24:22Z,
SFP4Z4Q3,-19.53212097,29.18496299,1290.901245,2024-04-11T06:15:30Z,
SFP4Z4Q4,-19.53222399,29.18498302,1291.68103,2024-04-11T06:20:01Z,
SFP4Z4Q5,-19.53214,29.18483198,1298.604858,2024-04-11T06:46:53Z,
SFP5Z1,-19.53123702,29.18611499,1299.22522,2024-04-03T10:05:24Z,
SFP5Z1CR1,-19.53240202,29.18427802,1297.34375,2024-04-11T07:55:27Z,
SFP5Z1CR2,-19.53223497,29.184275,1298.30835,2024-04-11T08:04:48Z,
SFP5Z1CR3,-19.53234896,29.18450299,1298.597656,2024-04-11T08:08:49Z,
SFP5Z1CR4,-19.53253998,29.18452998,1299.036255,2024-04-11T08:13:24Z,
SFP5Z1Q1,-19.53236002,29.18429897,1297.921387,2024-04-11T07:57:30Z,
SFP5Z1Q2,-19.53224201,29.18427399,1298.484131,2024-04-11T08:05:37Z,
SFP5Z1Q3,-19.53236698,29.18447801,1298.604858,2024-04-11T08:09:58Z,
SFP5Z1Q4,-19.53249699,29.18451003,1297.910889,2024-04-11T08:14:17Z,
SFP5Z1Q5,-19.53240403,29.18439302,1298.475952,2024-04-11T08:19:12Z,
SFP5Z2CR0,-19.53088297,29.18611097,1298.839966,2024-04-03T10:07:48Z,
SFP5Z2CR1,-19.53259698,29.18430802,1297.437866,2024-04-11T08:32:47Z,
SFP5Z2CR4,-19.53269304,29.18451799,1298.835938,2024-04-11T08:26:41Z,
SFP5Z2Q1,-19.53256899,29.18430098,1296.505371,2024-04-11T08:33:42Z,
SFP5Z2Q2,-19.53244099,29.18430702,1298.004761,2024-04-11T08:00:28Z,
SFP5Z2Q3,-19.53256999,29.18446602,1298.811401,2024-04-11T08:23:32Z,
SFP5Z2Q4,-19.53269002,29.18449301,1298.561401,2024-04-11T08:27:38Z,
SFP5Z2Q5,-19.532529,29.18439302,1297.850464,2024-04-11T08:40:21Z,
SFP5Z3CR3,-19.53248802,29.18479904,1300.13208,2024-04-11T09:19:02Z,
SFP5Z3CR4,-19.53265398,29.18480901,1301.178589,2024-04-11T09:24:08Z,
SFP5Z3Q1,-19.53250998,29.18458303,1300.486572,2024-04-11T09:11:14Z,
SFP5Z3Q2,-19.53238601,29.18453601,1299.39978,2024-04-11T08:50:16Z,
SFP5Z3Q3,-19.53247997,29.18476199,1301.053589,2024-04-11T09:19:56Z,
SFP5Z3Q4,-19.53262297,29.18476802,1300.604126,2024-04-11T09:25:20Z,
SFP5Z3Q5,-19.53248399,29.18465503,1306.010986,2024-04-11T09:46:42Z,
SFP5Z4CR4,-19.532844,29.18483097,1307.745239,2024-04-11T09:54:11Z,
SFP5Z4Q1,-19.53268901,29.18459401,1307.915161,2024-04-11T10:02:38Z,
SFP5Z4Q2,-19.53256303,29.18458697,1300.124756,2024-04-11T09:13:29Z,
SFP5Z4Q3,-19.53267301,29.18478001,1301.532837,2024-04-11T09:28:35Z,
SFP5Z4Q4,-19.53280896,29.18479803,1307.640625,2024-04-11T09:55:52Z,
SFP5Z4Q5,-19.53266898,29.18469099,1307.492554,2024-04-11T10:10:21Z,
SCP2CENTER,-19.66242998,29.33258104,1316.955688,2024-05-20T12:33:13Z,
SCP2Z1CR0,-19.662261,29.33282504,1317.076904,2024-05-20T12:18:03Z,
SCP2Z2CR0,-19.66251103,29.33230301,1317.937134,2024-05-20T12:29:50Z,
SCP2Z2CR1,-19.66267699,29.3323,1317.96936,2024-05-20T12:30:45Z,
SCP2Z3CR0,-19.66264699,29.33259202,1317.044678,2024-05-20T12:14:17Z,
SCP2Z3CR1,-19.66260198,29.332861,1317.921021,2024-05-20T12:15:54Z,
SCP2Z3CR0,-19.66226201,29.33254802,1317.734619,2024-05-20T12:27:21Z,
SCP2CR1,-19.66229302,29.33227804,1317.932861,2024-05-20T12:28:22Z,
SEP2ZCENTER,-19.62745297,29.26036801,1319.45813,2024-05-19T05:35:56Z,
SEP2Z1CR0,-19.62768397,29.26045401,1319.508179,2024-05-19T05:22:07Z,
SEP2Z3CR0,-19.62776,29.26028696,1337.605713,2024-05-19T04:48:07Z,
SEP3ZCENTER,-19.62764701,29.25954801,1327.72876,2024-05-17T12:25:16Z,
SEP3Z1,-19.62790601,29.25946604,1328.03772,2024-05-17T12:16:55Z,
SEP3Z1CR1,-19.62795597,29.25962504,1327.862427,2024-05-17T12:21:07Z,
SEP3Z1CR2,-19.62774097,29.25973702,1328.070679,2024-05-17T12:23:51Z,
SEP3Z2CR0,-19.62747199,29.25982101,1326.577026,2024-05-17T12:27:31Z,
SEP3Z2CR1,-19.627373,29.25962999,1326.609131,2024-05-17T12:28:42Z,
SEP3Z3CR0,-19.62779998,29.259287,1328.65332,2024-05-17T12:15:18Z,
SEP3Z3CR1,-19.62755799,29.25939403,1327.137451,2024-05-17T12:34:14Z,
SEP3Z4CR0,-19.62728701,29.25945103,1325.808472,2024-05-17T12:31:02Z,
SEP4ZCENTER,-19.62748004,29.25838502,1331.53418,2024-05-17T06:23:39Z,
SEP4Z1CR0,-19.627717,29.25844001,1335.077026,2024-05-17T06:14:23Z,
SEP4Z1CR1,-19.62748901,29.25856004,1331.248779,2024-05-17T06:25:02Z,
SEP4Z1CR2,-19.627732,29.25825703,1328.929443,2024-05-17T06:39:08Z,
SEP4Z2CR0,-19.62723797,29.25870303,1327.176392,2024-05-17T07:36:28Z,
SEP4Z2CR1,-19.62722003,29.258525,1327.428345,2024-05-17T07:39:08Z,
SEP4Z3CR0,-19.62745397,29.25818704,1329.681519,2024-05-17T06:32:05Z,
SEP4Z3CR1,-19.62766503,29.25806601,1328.977295,2024-05-17T06:37:04Z,
SEP4Z4CR0,-19.62719204,29.258266,1328.7229,2024-05-17T06:34:42Z,
SFP4Z1CR1,-19.53186298,29.18474103,1296.482666,2024-05-26T06:28:30Z,
SFP4Z1CR2,-19.53175703,29.18448597,1295.444092,2024-05-26T06:30:14Z,
SFP4Z2CR0,-19.53213204,29.184491,1281.380859,2024-05-26T06:16:55Z,
SFP4Z2CR1,-19.53221602,29.18475604,1296.729004,2024-05-26T06:38:56Z,
SFP4Z3CR0,-19.53205199,29.18501898,1297.92334,2024-05-26T08:34:21Z,
SFP4Z3CR1,-19.53186801,29.18501101,1295.613037,2024-05-26T09:06:26Z,
SFP4Z4CR0,-19.53224704,29.18504002,1293.269775,2024-05-26T08:41:02Z,
SFP5ZCENTER,-19.53254501,29.18452604,1299.104248,2024-05-26T09:34:05Z,
SFP5Z1CR0,-19.53233899,29.18449804,1298.468018,2024-05-26T09:35:59Z,
SFP5Z1CR1,-19.53222902,29.18426402,1297.315308,2024-05-26T09:37:53Z,
SFP5Z1CR2,-19.53240403,29.18426402,1298.008057,2024-05-26T09:40:02Z,
SFP5Z1CR3,-19.53259204,29.18427198,1297.940308,2024-05-26T09:41:39Z,
SFP5Z2CR0,-19.53259204,29.184275,1297.628784,2024-05-26T09:43:29Z,
SFP5Z3CR0,-19.53246002,29.18474003,1299.673828,2024-05-26T09:28:49Z,
SFP5Z3CR1,-19.53263797,29.18477599,1299.509033,2024-05-26T09:30:04Z,
SFP5Z4CR0,-19.53283,29.18479501,1299.623535,2024-05-26T09:30:58Z,
