Site,Spp_name
A,Digitaria eriantha
A,Urochloa mosambicensis
A,Hyperrhenia filipendula
A,Aristida adscensionis
A,Urochloa mosambicensis
A,Heteropogon contortus
A,Digitaria eriantha
A,Sporobolus africanus
A,Setaria sphacelata
A,Heteropogon contortus
A,Cymbopogon excavatus
A,Aristida adscensionis
A,Urochloa mosambicensis
A,Heteropogon contortus
A,Hyperrhenia filipendula
A,Digitaria eriantha
A,Setaria sphacelata
A,Eragrostis superba
A,Themeda triandra 
A,Urochloa mosambicensis
A,Digitaria eriantha
A,Setaria sphacelata
A,Digitaria eriantha
A,Urochloa mosambicensis
A,Hyperrhenia filipendula
A,Hyperrhenia filipendula
A,Setaria sphacelata
A,Bothriochloa insculpta
A,Urochloa mosambicensis
A,Hyperrhenia filipendula
A,Urochloa mosambicensis
A,Hyperrhenia filipendula
A,Setaria sphacelata
A,Heteropogon contortus
A,Eragrostis gummiflua
A,Hyperrhenia filipendula
A,Setaria sphacelata
A,Setaria sphacelata
A,Aristida adscensionis
A,Digitaria eriantha
A,Heteropogon contortus
A,Digitaria eriantha
A,Hyperrhenia filipendula
A,Pogonarthria squarrosa 
A,Cymbopogon excavatus
A,Urochloa mosambicensis
A,Hyperrhenia filipendula
A,Panicum maximum
A,Heteropogon contortus
A,Bothriochloa insculpta
A,Cymbopogon excavatus
A,Urochloa mosambicensis
A,Aristida adscensionis
A,Aristida diffusa
A,Hyperrhenia filipendula
A,Urochloa mosambicensis
A,Heteropogon contortus
A,Digitaria eriantha
A,Setaria sphacelata
A,Bothriochloa insculpta
A,Urochloa mosambicensis
A,Hyperrhenia filipendula
A,Heteropogon contortus
A,Urochloa mosambicensis
A,Hyperrhenia filipendula
A,Heteropogon contortus
A,Urochloa mosambicensis
A,Hyperrhenia hirta
A,Heteropogon contortus
A,Andropogon eucomus
A,Bothriochloa insculpta
A,Bothriochloa insculpta
A,Aristida adscensionis
A,Cymbopogon excavatus
A,Loudetia simplex
A,Cymbopogon plurinodis
A,Bothriochloa insculpta
A,Urochloa mosambicensis
A,Eragrostis gummiflua
A,Loudetia simplex
A,Bothriochloa insculpta
A,Eragrostis gummiflua
A,Hyperrhenia filipendula
A,Bothriochloa insculpta
A,Hyperrhenia filipendula
A,Setaria pumila 
A,Heteropogon contortus
A,Bothriochloa insculpta
A,Loudetia simplex
A,Eragrostis gummiflua
A,Hyperrhenia filipendula
A,Hyperrhenia filipendula
A,Heteropogon contortus
A,Hyperrhenia filipendula
A,Urochloa mosambicensis
A,Heteropogon contortus
A,Hyperrhenia filipendula
A,Hyperrhenia filipendula
A,Urochloa mosambicensis
A,Bothriochloa insculpta
A,Eragrostis gummiflua
A,Hyperrhenia filipendula
A,Heteropogon contortus
A,Bothriochloa insculpta
A,Bothriochloa insculpta
A,Eragrostis gummiflua
A,Urochloa mosambicensis
A,Bothriochloa insculpta
A,Urochloa mosambicensis
A,Heteropogon contortus
A,Eragrostis gummiflua
A,Bothriochloa insculpta
A,Cymbopogon excavatus
A,Eragrostis superba
A,Aristida adscensionis
A,Hyperrhenia filipendula
A,Setaria pumila 
A,Hyperrhenia filipendula
A,Urochloa mosambicensis
A,Heteropogon contortus
A,Cymbopogon excavatus
A,Urochloa mosambicensis
A,Hyperrhenia filipendula
A,Urochloa mosambicensis
A,Hyperrhenia filipendula
A,Urochloa mosambicensis
A,Hyperrhenia filipendula
A,Aristida diffusa
A,Aristida congesta C
A,Melinis repens
A,Urochloa mosambicensis
A,Hyperrhenia filipendula
A,Bothriochloa insculpta
A,Urochloa mosambicensis
A,Cymbopogon excavatus
A,Hyperrhenia filipendula
A,Bothriochloa insculpta
A,Urochloa mosambicensis
A,Urochloa mosambicensis
A,Hyperrhenia filipendula
A,Heteropogon contortus
A,Aristida adscensionis
A,Urochloa mosambicensis
A,Loudetia simplex
A,Bothriochloa insculpta
A,Bothriochloa insculpta
A,Cymbopogon excavatus
A,Aristida adscensionis
A,Bothriochloa insculpta
A,Hyperrhenia hirta
A,Bothriochloa insculpta
A,Hyperrhenia hirta
A,Digitaria eriantha
A,Eragrostis gummiflua
A,Urochloa mosambicensis
A,Bothriochloa insculpta
A,Eragrostis gummiflua
A,Heteropogon contortus
A,Aristida adscensionis
A,Melinis repens
A,Eragrostis rigidior
A,Cynodon dactylon
A,Urochloa mosambicensis
A,Setaria pumila 
A,Heteropogon contortus
A,Aristida adscensionis
A,Urochloa mosambicensis
A,Cymbopogon excavatus
A,Digitaria eriantha
A,Aristida adscensionis
A,Urochloa mosambicensis
A,Hyperrhenia filipendula
A,Setaria incrassata
A,Eragrostis superba
A,Urochloa mosambicensis
A,Hyperrhenia filipendula
A,Hyperrhenia hirta
A,Pogonarthria squarrosa 
A,Heteropogon contortus
A,Aristida adscensionis
A,Heteropogon contortus
A,Melinis repens
A,Digitaria eriantha
A,Setaria incrassata
A,Heteropogon contortus
A,Urochloa mosambicensis
A,Themeda triandra
A,Urochloa mosambicensis
A,Melinis repens
A,Cymbopogon excavatus
A,Heteropogon contortus
A,Aristida adscensionis
A,Urochloa mosambicensis
A,Hyperrhenia filipendula
A,Pogonarthria squarrosa 
A,Bothriochloa insculpta
A,Brachiaria serrata
A,Eragrostis gummiflua
A,Bothriochloa insculpta
A,Heteropogon contortus
A,Themeda triandra
A,Bothriochloa insculpta
A,Cymbopogon excavatus
A,Bothriochloa insculpta
A,Urochloa mosambicensis
A,Bothriochloa insculpta
A,Digitaria eriantha
A,Aristida adscensionis
A,Cymbopogon excavatus
A,Heteropogon contortus
A,Digitaria eriantha
A,Aristida adscensionis
A,Heteropogon contortus
A,Cymbopogon excavatus
A,Heteropogon contortus
A,Andropogon eucomus
A,Aristida adscensionis
A,Themeda triandra
A,Loudetia simplex
A,Bothriochloa insculpta
A,Bothriochloa insculpta
A,Aristida adscensionis
A,Bothriochloa insculpta
A,Andropogon eucomus
A,Urochloa mosambicensis
A,Digitaria eriantha
A,Andropogon eucomus
A,Bothriochloa insculpta
A,Bothriochloa insculpta
A,Aristida adscensionis
A,Bothriochloa insculpta
A,Heteropogon contortus
A,Melinis repens
A,Andropogon eucomus
A,Urochloa mosambicensis
A,Cymbopogon excavatus
A,Heteropogon contortus
A,Themeda triandra
A,Eragrostis superba
A,Bothriochloa insculpta
A,Heteropogon contortus
A,Digitaria eriantha
A,Heteropogon contortus
A,Themeda triandra
A,Eragrostis superba
A,Digitaria eriantha
A,Hyperrhenia hirta
A,Urochloa mosambicensis
A,Hyperrhenia filipendula
A,Bothriochloa insculpta
A,Heteropogon contortus
A,Aristida adscensionis
A,Urochloa mosambicensis
A,Aristida adscensionis
A,Cymbopogon excavatus
A,Bothriochloa insculpta
A,Urochloa mosambicensis
A,Hyperrhenia hirta
A,Heteropogon contortus
A,Urochloa mosambicensis
A,Urochloa mosambicensis
A,Hyperrhenia filipendula
A,Bothriochloa insculpta
A,Urochloa mosambicensis
A,Heteropogon contortus
A,Aristida adscensionis
A,Setaria sphacelata 
A,Urochloa mosambicensis
A,Bothriochloa insculpta
A,Heteropogon contortus
A,Aristida adscensionis
A,Melinis repens 
A,Panicum maximum
A,Hyperrhenia filipendula
A,Heteropogon contortus
A,Hyperrhenia filipendula
A,Cymbopogon excavatus
A,Urochloa mosambicensis
A,Cymbopogon excavatus
A,Bothriochloa insculpta
A,Urochloa mosambicensis
A,Bothriochloa insculpta
A,Heteropogon contortus
A,Eragrostis gummiflua
A,Andropogon eucomus
A,Aristida adscensionis
A,Bothriochloa insculpta
A,Bothriochloa insculpta
A,Aristida adscensionis
A,Cymbopogon excavatus
A,Eragrostis superba
A,Heteropogon contortus
A,Bothriochloa insculpta
A,Hyperrhenia hirta
A,Bothriochloa insculpta
A,Heteropogon contortus
A,Aristida adscensionis
A,Cymbopogon excavatus
A,Eragrostis gummiflua
A,Bothriochloa insculpta
A,Cymbopogon excavatus
A,Bothriochloa insculpta
A,Aristida adscensionis
A,Urochloa mosambicensis
A,Hyperrhenia filipendula
A,Bothriochloa insculpta
A,Cymbopogon excavatus
A,Heteropogon contortus
A,Bothriochloa insculpta
A,Urochloa mosambicensis
B,Eragrostis superba
B,Heteropogon contortus
B,Cymbopogon excavatus
B,Eragrostis gummiflua
B,Heteropogon contortus
B,Cymbopogon excavatus
B,Cymbopogon excavatus
B,Heteropogon contortus
B,Melinis repens
B,Aristida congesta C
B,Eragrostis gummiflua
B,Eragrostis rigidior
B,Melinis repens
B,Heteropogon contortus
B,Aristida congesta C
B,Heteropogon contortus
B,Cymbopogon excavatus
B,Eragrostis rigidior
B,Heteropogon contortus
B,Aristida  canescens
B,Aristida congesta C
B,Eragrostis rigidior
B,Heteropogon contortus
B,Aristida  canescens
B,Bothriochloa insculpta
B,Melinis repens
B,Heteropogon contortus
B,Cymbopogon excavatus
B,Bothriochloa insculpta
B,Heteropogon contortus
B,Melinis repens
B,Bothriochloa insculpta
B,Aristida congesta B
B,Eragrostis rigidior
B,Eragrostis superba
B,Cymbopogon excavatus
B,Hyperrhenia filipendula
B,Heteropogon contortus
B,Eragrostis gummiflua
B,Heteropogon contortus
B,Eragrostis superba
B,Aristida congesta B
B,Eragrostis superba
B,Heteropogon contortus
B,Eragrostis gummiflua
B,Aristida adscensionis
B,Bothriochloa insculpta
B,Aristida congesta B
B,Heteropogon contortus
B,Eragrostis gummiflua
B,Aristida adscensionis
B,Melinis repens
B,Themeda triandra
B,Setaria sphacelata
B,Heteropogon contortus
B,Cymbopogon excavatus
B,Eragrostis gummiflua
B,Heteropogon contortus
B,Cymbopogon excavatus
B,Melinis repens
B,Bothriochloa insculpta
B,Heteropogon contortus
B,Cymbopogon excavatus
B,Cymbopogon excavatus
B,Eragrostis superba
B,Eragrostis gummiflua
B,Aristida congesta B
B,Heteropogon contortus
B,Heteropogon contortus
B,Cymbopogon excavatus
B,Melinis repens
B,Bothriochloa insculpta
B,Heteropogon contortus
B,Eragrostis gummiflua
B,Eragrostis superba
B,Brachiaria serrata
B,Heteropogon contortus
B,Aristida adscensionis
B,Bothriochloa insculpta
B,Heteropogon contortus
B,Cymbopogon excavatus
B,Aristida adscensionis
B,Themeda triandra
B,Heteropogon contortus
B,Cymbopogon excavatus
B,Heteropogon contortus
B,Cymbopogon excavatus
B,Aristida adscensionis
B,Eragrostis rigidior
B,Cymbopogon excavatus
B,Aristida adscensionis
B,Melinis repens
B,Cymbopogon excavatus
B,Hyperrhenia filipendula
B,Heteropogon contortus
B,Melinis repens
B,Bothriochloa insculpta
B,Heteropogon contortus
B,Melinis repens
B,Panicum maximum
B,Eragrostis gummiflua
B,Heteropogon contortus
B,Cymbopogon excavatus
B,Bothriochloa insculpta
B,Eragrostis gummiflua
B,Heteropogon contortus
B,Cymbopogon excavatus
B,Bothriochloa insculpta
B,Eragrostis rigidior
B,Melinis repens
B,Cymbopogon excavatus
B,Eragrostis gummiflua
B,Heteropogon contortus
B,Urochloa mosambicensis
B,Heteropogon contortus
B,Aristida adscensionis
B,Bothriochloa insculpta
B,Heteropogon contortus
B,Cymbopogon excavatus
B,Eragrostis gummiflua
B,Heteropogon contortus
B,Cymbopogon excavatus
B,Aristida adscensionis
B,Melinis repens
B,Digitaria eriantha
B,Heteropogon contortus
B,Cymbopogon excavatus
B,Setaria pumila 
B,Aristida adscensionis
B,Heteropogon contortus
B,Digitaria eriantha
B,Heteropogon contortus
B,Cymbopogon excavatus
B,Heteropogon contortus
B,Cymbopogon excavatus
B,Heteropogon contortus
B,Cymbopogon excavatus
B,Eragrostis rigidior
B,Aristida  canescens
B,Setaria incrassata
B,Eragrostis gummiflua
B,Heteropogon contortus
B,Aristida congesta B
B,Heteropogon contortus
B,Aristida congesta B
B,Heteropogon contortus
B,Eragrostis gummiflua
B,Cymbopogon excavatus
B,Cynodon dactylon
B,Eragrostis superba
B,Themeda triandra
B,Bothriochloa insculpta
B,Cymbopogon plurinodis
B,Cymbopogon excavatus
B,Setaria incrassata
B,Eragrostis superba
B,Digitaria eriantha
B,Heteropogon contortus
B,Melinis repens
B,Heteropogon contortus
B,Melinis repens
B,Aristida adscensionis
B,Bothriochloa insculpta
B,Cynodon dactylon
B,Melinis repens
B,Aristida adscensionis
B,Cymbopogon excavatus
B,Cymbopogon plurinodis
B,Heteropogon contortus
B,Melinis repens
B,Aristida adscensionis
B,Bothriochloa insculpta
B,Cymbopogon plurinodis
B,Cynodon dactylon
B,Themeda triandra
B,Melinis repens
B,Eragrostis gummiflua
B,Themeda triandra
B,Hyperrhenia filipendula
B,Cymbopogon excavatus
B,Setaria pumila 
B,Sporobolus africanus
B,Heteropogon contortus
B,Melinis repens
B,Aristida adscensionis
B,Cymbopogon plurinodis
B,Cymbopogon excavatus
B,Heteropogon contortus
B,Melinis repens
B,Eragrostis gummiflua
B,Heteropogon contortus
B,Cymbopogon excavatus
B,Eragrostis gummiflua
B,Eragrostis superba
B,Heteropogon contortus
B,Melinis repens
B,Eragrostis gummiflua
B,Digitaria eriantha
B,Heteropogon contortus
B,Melinis repens
B,Eragrostis gummiflua
B,Heteropogon contortus
B,Setaria sphacelata
B,Themeda triandra
B,Digitaria eriantha
B,Heteropogon contortus
B,Cymbopogon plurinodis
B,Cymbopogon excavatus
B,Heteropogon contortus
B,Aristida adscensionis
B,Eragrostis superba
B,Eragrostis gummiflua
B,Heteropogon contortus
B,Aristida adscensionis
B,Digitaria eriantha
B,Eragrostis gummiflua
B,Cymbopogon plurinodis
B,Heteropogon contortus
B,Aristida adscensionis
B,Digitaria eriantha
B,Heteropogon contortus
B,Aristida adscensionis
B,Setaria pumila 
B,Heteropogon contortus
B,Melinis repens
B,Eragrostis gummiflua
B,Heteropogon contortus
B,Digitaria eriantha
B,Eragrostis gummiflua
B,Cymbopogon excavatus
B,Eragrostis superba
B,Heteropogon contortus
B,Eragrostis gummiflua
B,Heteropogon contortus
B,Aristida adscensionis
B,Digitaria eriantha
B,Eragrostis superba
B,Cymbopogon plurinodis
B,Heteropogon contortus
B,Eragrostis rigidior
B,Melinis repens
B,Bothriochloa insculpta
B,Heteropogon contortus
B,Eragrostis superba
B,Aristida congesta C
B,Themeda triandra
B,Heteropogon contortus
B,Aristida adscensionis
B,Melinis repens
B,Aristida diffusa
B,Hyperrhenia filipendula
B,Setaria pumila 
B,Cymbopogon excavatus
B,Heteropogon contortus
B,Melinis repens
B,Cymbopogon excavatus
B,Heteropogon contortus
B,Eragrostis gummiflua
B,Setaria pumila 
B,Cymbopogon excavatus
B,Heteropogon contortus
B,Aristida diffusa
B,Eragrostis gummiflua
B,Cymbopogon excavatus
B,Heteropogon contortus
B,Melinis repens
B,Eragrostis rigidior
B,Aristida  canescens
B,Cymbopogon excavatus
B,Heteropogon contortus
B,Eragrostis superba
B,Heteropogon contortus
B,Melinis repens
B,Hyperrhenia filipendula
B,Themeda triandra
B,Heteropogon contortus
B,Melinis repens
B,Eragrostis rigidior
B,Heteropogon contortus
B,Digitaria eriantha
B,Heteropogon contortus
B,Melinis repens
B,Hyperrhenia filipendula
B,Themeda triandra
B,Eragrostis superba
B,Digitaria eriantha
B,Heteropogon contortus
B,Melinis repens
B,Aristida adscensionis
B,Eragrostis rigidior
B,Heteropogon contortus
B,Digitaria eriantha
B,Cymbopogon excavatus
B,Eragrostis superba
B,Heteropogon contortus
B,Melinis repens
B,Aristida adscensionis
B,Setaria pumila 
B,Heteropogon contortus
B,Aristida adscensionis
B,Setaria pumila 
B,Eragrostis superba
B,Cymbopogon excavatus
B,Melinis repens
B,Heteropogon contortus
B,Eragrostis gummiflua
B,Cymbopogon excavatus
B,Melinis repens
B,Heteropogon contortus
B,Eragrostis gummiflua
B,Cynodon dactylon
B,Heteropogon contortus
B,Setaria pumila 
B,Aristida congesta B
B,Heteropogon contortus
B,Melinis repens
B,Hyperrhenia filipendula
B,Themeda triandra
B,Setaria pumila 
B,Cynodon dactylon
B,Heteropogon contortus
B,Cymbopogon excavatus
B,Cynodon dactylon
B,Cymbopogon excavatus
B,Setaria pumila 
B,Bothriochloa insculpta
B,Heteropogon contortus
B,Cynodon dactylon
B,Heteropogon contortus
B,Aristida congesta B
B,Melinis repens
B,Eragrostis gummiflua
B,Eragrostis superba
B,Cynodon dactylon
B,Heteropogon contortus
B,Setaria pumila 
B,Heteropogon contortus
B,Eragrostis superba
B,Bothriochloa insculpta
B,Themeda triandra
B,Setaria pumila 
B,Heteropogon contortus
B,Brachiaria serrata
B,Aristida congesta B
B,Eragrostis superba
B,Setaria pumila 
B,Heteropogon contortus
B,Cymbopogon excavatus
B,Heteropogon contortus
B,Setaria pumila 
B,Cynodon dactylon
B,Heteropogon contortus
B,Eragrostis superba
B,Setaria pumila 
B,Sporobolus africanus
B,Aristida congesta B
B,Cymbopogon plurinodis
B,Cynodon dactylon
B,Heteropogon contortus
B,Eragrostis superba
B,Aristida congesta B
B,Eragrostis gummiflua
B,Heteropogon contortus
B,Setaria pumila 
B,Aristida congesta B
B,Heteropogon contortus
B,Eragrostis gummiflua
B,Cynodon dactylon
B,Heteropogon contortus
B,Setaria pumila 
B,Aristida congesta B
B,Melinis repens
B,Bothriochloa insculpta
B,Heteropogon contortus
B,Eragrostis superba
B,Cynodon dactylon
B,Eragrostis rigidior
B,Digitaria eriantha
B,Sporobolus africanus
B,Heteropogon contortus
B,Eragrostis superba
B,Bothriochloa insculpta
B,Themeda triandra
B,Setaria pumila 
B,Cynodon dactylon
B,Heteropogon contortus
B,Eragrostis superba
B,Bothriochloa insculpta
B,Aristida adscensionis
B,Aristida congesta B
C,Cynodon dactylon
C,Aristida adscensionis
C,Heteropogon contortus
C,Brachiaria brizantha
C,Setaria incrassata
C,Heteropogon contortus
C,Heteropogon contortus
C,Setaria incrassata
C,Heteropogon contortus
C,Eragrostis gummiflua
C,Heteropogon contortus
C,Sporobolus africanus
C,Aristida  canescens
C,Brachiaria brizantha
C,Eragrostis gummiflua
C,Heteropogon contortus
C,Heteropogon contortus
C,Panicum maximum
C,Hyperrhenia filipendula
C,Setaria incrassata
C,Melinis repens
C,Heteropogon contortus
C,Heteropogon contortus
C,Melinis repens
C,Eragrostis gummiflua
C,Panicum maximum
C,Digitaria eriantha
C,Eragrostis gummiflua
C,Heteropogon contortus
C,Setaria incrassata
C,Heteropogon contortus
C,Melinis repens
C,Heteropogon contortus
C,Setaria incrassata
C,Heteropogon contortus
C,Digitaria eriantha
C,Heteropogon contortus
C,Eragrostis gummiflua
C,Panicum maximum
C,Panicum maximum
C,Eragrostis superba
C,Heteropogon contortus
C,Panicum maximum
C,Panicum maximum
C,Eragrostis rigidior
C,Eragrostis gummiflua
C,Panicum maximum
C,Panicum maximum
C,Panicum maximum
C,Panicum maximum
C,Digitaria eriantha
C,Heteropogon contortus
C,Eragrostis rigidior
C,Eragrostis rigidior
C,Panicum maximum
C,Panicum maximum
C,Eragrostis viscosa
C,Eragrostis gummiflua
C,Panicum maximum
C,Brachiaria brizantha
C,Eragrostis rigidior
C,Panicum maximum
C,Panicum maximum
C,Heteropogon contortus
C,Eragrostis rigidior
C,Pogonarthria squarrosa 
C,Heteropogon contortus
C,Digitaria eriantha
C,Brachiaria brizantha
C,Heteropogon contortus
C,Panicum maximum
C,Digitaria eriantha
C,Melinis repens
C,Heteropogon contortus
C,Heteropogon contortus
C,Panicum maximum
C,Digitaria eriantha
C,Pogonarthria squarrosa 
C,Brachiaria brizantha
C,Setaria incrassata
C,Digitaria eriantha
C,Pogonarthria squarrosa 
C,Brachiaria brizantha
C,Panicum maximum
C,Heteropogon contortus
C,Pogonarthria squarrosa 
C,Brachiaria brizantha
C,Heteropogon contortus
C,Pogonarthria squarrosa 
C,Setaria incrassata
C,Heteropogon contortus
C,Pogonarthria squarrosa 
C,Heteropogon contortus
C,Eragrostis rigidior
C,Pogonarthria squarrosa 
C,Eragrostis rigidior
C,Digitaria eriantha
C,Heteropogon contortus
C,Pogonarthria squarrosa 
C,Melinis repens
C,Cynodon dactylon
C,Hyperrhenia filipendula
C,Pogonarthria squarrosa 
C,Heteropogon contortus
C,Hyperrhenia filipendula
C,Melinis repens
C,Eragrostis rigidior
C,Digitaria eriantha
C,Brachiaria brizantha
C,Pogonarthria squarrosa 
C,Eragrostis rigidior
C,Digitaria eriantha
C,Heteropogon contortus
C,Digitaria eriantha
C,Brachiaria brizantha
C,Eragrostis rigidior
C,Digitaria eriantha
C,Brachiaria brizantha
C,Pogonarthria squarrosa 
C,Eragrostis gummiflua
C,Heteropogon contortus
C,Eragrostis rigidior
C,Pogonarthria squarrosa 
C,Heteropogon contortus
C,Panicum maximum
C,Eragrostis rigidior
C,Digitaria eriantha
C,Pogonarthria squarrosa 
C,Heteropogon contortus
C,Heteropogon contortus
C,Panicum maximum
C,Digitaria eriantha
C,Heteropogon contortus
C,Aristida congesta C
C,Pogonarthria squarrosa 
C,Heteropogon contortus
C,Panicum maximum
C,Digitaria eriantha
C,Eragrostis gummiflua
C,Eragrostis superba
C,Heteropogon contortus
C,Digitaria eriantha
C,Eragrostis rigidior
C,Setaria incrassata
C,Pogonarthria squarrosa 
C,Heteropogon contortus
C,Panicum maximum
C,Aristida congesta B
C,Pogonarthria squarrosa 
C,Heteropogon contortus
C,Heteropogon contortus
C,Eragrostis gummiflua
C,Digitaria eriantha
C,Eragrostis rigidior
C,Heteropogon contortus
C,Eragrostis gummiflua
C,Pogonarthria squarrosa 
C,Panicum maximum
C,Heteropogon contortus
C,Melinis repens
C,Aristida adscensionis
C,Panicum maximum
C,Digitaria eriantha
C,Eragrostis gummiflua
C,Heteropogon contortus
C,Panicum maximum
C,Hyperrhenia filipendula
C,Eragrostis gummiflua
C,Pogonarthria squarrosa 
C,Panicum maximum
C,Heteropogon contortus
C,Aristida adscensionis
C,Eragrostis superba
C,Setaria incrassata
C,Hyperrhenia filipendula
C,Eragrostis gummiflua
C,Heteropogon contortus
C,Aristida adscensionis
C,Heteropogon contortus
C,Aristida adscensionis
C,Aristida adscensionis
C,Brachiaria brizantha
C,Chloris virgata
C,Eragrostis gummiflua
C,Digitaria eriantha
C,Digitaria eriantha
C,Heteropogon contortus
C,Pogonarthria squarrosa 
C,Heteropogon contortus
C,Digitaria eriantha
C,Eragrostis rigidior
C,Pogonarthria squarrosa 
C,Digitaria eriantha
C,Panicum maximum
C,Melinis repens
C,Heteropogon contortus
C,Heteropogon contortus
C,Brachiaria brizantha
C,Pogonarthria squarrosa 
C,Perotis patens
C,Digitaria eriantha
C,Heteropogon contortus
C,Pogonarthria squarrosa 
C,Diheteropogon amplectens
C,Perotis patens
C,Panicum maximum
C,Digitaria eriantha
C,Eragrostis gummiflua
C,Panicum maximum
C,Heteropogon contortus
C,Aristida adscensionis
C,Digitaria eriantha
C,Eragrostis gummiflua
C,Aristida adscensionis
C,Digitaria eriantha
C,Eragrostis viscosa
C,Brachiaria brizantha
C,Pogonarthria squarrosa 
C,Panicum maximum
C,Digitaria eriantha
C,Panicum maximum
C,Eragrostis gummiflua
C,Pogonarthria squarrosa 
C,Eragrostis superba
C,Digitaria eriantha
C,Heteropogon contortus
C,Eragrostis rigidior
C,Eragrostis gummiflua
C,Digitaria eriantha
C,Heteropogon contortus
C,Brachiaria brizantha
C,Panicum maximum
C,Heteropogon contortus
C,Pogonarthria squarrosa 
C,Aristida adscensionis
C,Brachiaria brizantha
D,Brachiaria nigropedata
D,Eragrostis rigidior
D,Heteropogon contortus
D,Eragrostis rigidior
D,Heteropogon contortus
D,Brachiaria nigropedata
D,Chloris virgata
D,Eragrostis rigidior
D,Sporobolus ioclados
D,Chloris virgata
D,Aristida adscensionis
D,Eragrostis rigidior
D,Sporobolus ioclados
D,Chloris virgata
D,Brachiaria nigropedata
D,Enteropogon macrostachyus
D,Aristida adscensionis
D,Digitaria eriantha
D,Heteropogon contortus
D,Themeda triandra
D,Aristida diffusa
D,Chloris virgata
D,Aristida adscensionis
D,Panicum maximum
D,Heteropogon contortus
D,Aristida adscensionis
D,Digitaria eriantha
D,Aristida diffusa
D,Aristida adscensionis
D,Heteropogon contortus
D,Setaria pumila 
D,Enteropogon macrostachyus
D,Andropogon eucomus
D,Aristida adscensionis
D,Andropogon eucomus
D,Heteropogon contortus
D,Eragrostis rigidior
D,Chloris virgata
D,Chloris virgata
D,Eragrostis rigidior
D,Brachiaria nigropedata
D,Panicum maximum
D,Andropogon eucomus
D,Enteropogon macrostachyus
D,Heteropogon contortus
D,Aristida adscensionis
D,Enteropogon macrostachyus
D,Brachiaria nigropedata
D,Heteropogon contortus
D,Aristida adscensionis
D,Enteropogon macrostachyus
D,Eragrostis rigidior
D,Chloris virgata
D,Setaria incrassata
D,Heteropogon contortus
D,Aristida adscensionis
D,Aristida diffusa
D,Enteropogon macrostachyus
D,Aristida adscensionis
D,Panicum maximum
D,Brachiaria nigropedata
D,Eragrostis rigidior
D,Chloris virgata
D,Heteropogon contortus
D,Brachiaria nigropedata
D,Enteropogon macrostachyus
D,Brachiaria nigropedata
D,Heteropogon contortus
D,Andropogon eucomus
D,Aristida adscensionis
D,Eragrostis rigidior
D,Eragrostis gummiflua
D,Heteropogon contortus
D,Andropogon eucomus
D,Eragrostis rigidior
D,Andropogon eucomus
D,Setaria incrassata
D,Heteropogon contortus
D,Enteropogon macrostachyus
D,Heteropogon contortus
D,Enteropogon macrostachyus
D,Panicum maximum
D,Heteropogon contortus
D,Andropogon eucomus
D,Heteropogon contortus
D,Aristida adscensionis
D,Heteropogon contortus
D,Aristida adscensionis
D,Chloris virgata
D,Panicum maximum
D,Heteropogon contortus
D,Heteropogon contortus
D,Chloris virgata
D,Heteropogon contortus
D,Chloris virgata
D,Sporobolus ioclados
D,Aristida adscensionis
D,Heteropogon contortus
D,Setaria incrassata
D,Heteropogon contortus
D,Aristida adscensionis
D,Chloris virgata
D,Brachiaria nigropedata
D,Aristida diffusa
D,Enteropogon macrostachyus
D,Heteropogon contortus
D,Setaria incrassata
D,Andropogon eucomus
D,Heteropogon contortus
D,Heteropogon contortus
D,Enteropogon macrostachyus
D,Panicum maximum
D,Enteropogon macrostachyus
D,Aristida adscensionis
D,Heteropogon contortus
D,Chloris virgata
D,Enteropogon macrostachyus
D,Aristida adscensionis
D,Heteropogon contortus
D,Aristida diffusa
D,Aristida diffusa
D,Heteropogon contortus
D,Aristida adscensionis
D,Andropogon eucomus
D,Heteropogon contortus
D,Brachiaria nigropedata
D,Eragrostis gummiflua 
D,Enteropogon macrostachyus
D,Setaria pumila 
D,Panicum maximum
D,Enteropogon macrostachyus
D,Aristida adscensionis
D,Heteropogon contortus
D,Aristida adscensionis
D,Brachiaria nigropedata
D,Themeda triandra
D,Heteropogon contortus
D,Andropogon eucomus
D,Heteropogon contortus
D,Digitaria eriantha
D,Enteropogon macrostachyus
D,Heteropogon contortus
D,Sporobolus ioclados
D,Setaria incrassata
D,Heteropogon contortus
D,Brachiaria nigropedata
D,Melinis repens
D,Enteropogon macrostachyus
D,Sporobolus ioclados
D,Heteropogon contortus
D,Aristida adscensionis
D,Enteropogon macrostachyus
D,Heteropogon contortus
D,Themeda triandra 
D,Aristida adscensionis
D,Enteropogon macrostachyus
D,Melinis repens
D,Eragrostis gummiflua 
D,Enteropogon macrostachyus
D,Aristida adscensionis
D,Enteropogon macrostachyus
D,Aristida adscensionis
D,Heteropogon contortus
D,Enteropogon macrostachyus
D,Digitaria eriantha
D,Setaria incrassata
D,Sporobolus ioclados
D,Heteropogon contortus
D,Aristida diffusa 
D,Heteropogon contortus
D,Sporobolus ioclados
D,Aristida diffusa 
D,Eragrostis rigidior
D,Andropogon eucomus
D,Heteropogon contortus
D,Setaria incrassata
D,Andropogon eucomus
D,Enteropogon macrostachyus
D,Heteropogon contortus
D,Andropogon eucomus
D,Enteropogon macrostachyus
D,Eragrostis superba
D,Aristida adscensionis
D,Heteropogon contortus
D,Aristida adscensionis
D,Pogonarthria squarrosa 
D,Digitaria eriantha
D,Enteropogon macrostachyus
D,Panicum maximum
D,Aristida adscensionis
D,Heteropogon contortus
D,Pogonarthria squarrosa 
D,Digitaria eriantha
D,Heteropogon contortus
D,Sporobolus ioclados
D,Heteropogon contortus
D,Eragrostis superba
D,Eragrostis gummiflua
D,Enteropogon macrostachyus
D,Enteropogon macrostachyus
D,Heteropogon contortus
D,Sporobolus ioclados
D,Brachiaria nigropedata
D,Heteropogon contortus
D,Enteropogon macrostachyus
D,Sporobolus ioclados
D,Aristida diffusa
D,Themeda triandra 
D,Heteropogon contortus
D,Andropogon eucomus
D,Enteropogon macrostachyus
D,Heteropogon contortus
D,Aristida diffusa
D,Heteropogon contortus
D,Enteropogon macrostachyus
D,Hyperrhenia hirta
D,Enteropogon macrostachyus
D,Heteropogon contortus
D,Enteropogon macrostachyus
D,Heteropogon contortus
D,Setaria incrassata
D,Heteropogon contortus
D,Aristida congesta B
D,Eragrostis rigidior
D,Eragrostis gummiflua
D,Aristida diffusa 
D,Enteropogon macrostachyus
D,Heteropogon contortus
D,Brachiaria nigropedata
D,Enteropogon macrostachyus
D,Brachiaria nigropedata
D,Sporobolus ioclados
D,Aristida diffusa
D,Perotis patens
D,Brachiaria nigropedata
D,Enteropogon macrostachyus
D,Aristida diffusa
D,Aristida adscensionis
D,Brachiaria nigropedata
D,Eragrostis rigidior
D,Heteropogon contortus
D,Enteropogon macrostachyus
D,Sporobolus ioclados
D,Aristida adscensionis
D,Themeda triandra
D,Heteropogon contortus
D,Aristida diffusa
D,Cymbopogon excavatus
D,Cynodon dactylon
D,Enteropogon macrostachyus
D,Heteropogon contortus
D,Hyperrhenia hirta
D,Enteropogon macrostachyus
D,Eragrostis rigidior
D,Heteropogon contortus
D,Sporobolus ioclados
D,Aristida diffusa
D,Cymbopogon excavatus
D,Aristida diffusa
D,Heteropogon contortus
D,Panicum maximum
D,Cymbopogon excavatus
D,Enteropogon macrostachyus
D,Eragrostis gummiflua
D,Aristida diffusa
D,Heteropogon contortus
D,Enteropogon macrostachyus
D,Eragrostis cylindriflora
E,Heteropogon contortus
E,Aristida adscensionis
E,Heteropogon contortus
E,Brachiaria nigropedata
E,Brachiaria nigropedata
E,Heteropogon contortus
E,Eragrostis superba
E,Eragrostis gummiflua
E,Heteropogon contortus
E,Panicum maximum
E,Brachiaria nigropedata
E,Aristida adscensionis
E,Eragrostis gummiflua
E,Heteropogon contortus
E,Eragrostis rigidior
E,Panicum maximum
E,Eragrostis gummiflua
E,Aristida adscensionis
E,Pogonarthria squarrosa 
E,Digitaria eriantha
E,Eragrostis rigidior
E,Digitaria eriantha
E,Heteropogon contortus
E,Andropogon eucomus
E,Aristida adscensionis
E,Pogonarthria squarrosa 
E,Digitaria eriantha
E,Panicum maximum
E,Panicum maximum
E,Heteropogon contortus
E,Eragrostis rigidior
E,Digitaria eriantha
E,Eragrostis rigidior
E,Brachiaria nigropedata
E,Heteropogon contortus
E,Digitaria eriantha
E,Eragrostis gummiflua
E,Aristida adscensionis
E,Brachiaria nigropedata
E,Aristida adscensionis
E,Enteropogon macrostachyus
E,Digitaria eriantha
E,Digitaria eriantha
E,Aristida adscensionis
E,Pogonarthria squarrosa 
E,Chloris virgata
E,Digitaria eriantha
E,Aristida adscensionis
E,Digitaria eriantha
E,Eragrostis gummiflua
E,Andropogon eucomus
E,Eragrostis superba
E,Digitaria eriantha
E,Panicum maximum
E,Panicum maximum
E,Heteropogon contortus
E,Enteropogon macrostachyus
E,Urochloa mosambicensis
E,Eragrostis gummiflua
E,Aristida adscensionis
E,Panicum maximum
E,Heteropogon contortus
E,Enteropogon macrostachyus
E,Urochloa mosambicensis
E,Enteropogon macrostachyus
E,Eragrostis gummiflua
E,Heteropogon contortus
E,Enteropogon macrostachyus
E,Eragrostis gummiflua
E,Eragrostis rigidior
E,Heteropogon contortus
E,Enteropogon macrostachyus
E,Enteropogon macrostachyus
E,Panicum maximum
E,Aristida adscensionis
E,Heteropogon contortus
E,Urochloa mosambicensis
E,Panicum maximum
E,Heteropogon contortus
E,Heteropogon contortus
E,Eragrostis rigidior
E,Panicum maximum
E,Enteropogon macrostachyus
E,Panicum maximum
E,Enteropogon macrostachyus
E,Panicum maximum
E,Enteropogon macrostachyus
E,Panicum maximum
E,Enteropogon macrostachyus
E,Panicum maximum
E,Heteropogon contortus
E,Panicum maximum
E,Pogonarthria squarrosa 
E,Aristida adscensionis
E,Heteropogon contortus
E,Eragrostis rigidior
E,Aristida adscensionis
E,Heteropogon contortus
E,Eragrostis rigidior
E,Setaria incrassata
E,Eragrostis gummiflua
E,Heteropogon contortus
E,Urochloa mosambicensis
E,Panicum maximum
E,Aristida adscensionis
E,Heteropogon contortus
E,Eragrostis rigidior
E,Panicum maximum
E,Heteropogon contortus
E,Panicum maximum
E,Digitaria eriantha
E,Urochloa mosambicensis
E,Aristida adscensionis
E,Heteropogon contortus
E,Cymbopogon excavatus
E,Eragrostis gummiflua
E,Urochloa mosambicensis
E,Aristida diffusa
E,Panicum maximum
E,Aristida adscensionis
E,Eragrostis rigidior
E,Panicum maximum
E,Panicum maximum
E,Enteropogon macrostachyus
E,Panicum maximum
E,Eragrostis rigidior
E,Heteropogon contortus
E,Cymbopogon excavatus
E,Heteropogon contortus
E,Urochloa mosambicensis
E,Panicum maximum
E,Eragrostis rigidior
E,Heteropogon contortus
E,Panicum maximum
E,Eragrostis superba
E,Eragrostis gummiflua
E,Aristida adscensionis
E,Pogonarthria squarrosa 
E,Eragrostis rigidior
E,Heteropogon contortus
E,Eragrostis gummiflua
E,Aristida adscensionis
E,Heteropogon contortus
E,Eragrostis gummiflua
E,Cymbopogon excavatus
E,Heteropogon contortus
E,Urochloa mosambicensis
E,Panicum maximum
E,Heteropogon contortus
E,Panicum maximum
E,Eragrostis rigidior
E,Eragrostis gummiflua
E,Panicum maximum
E,Eragrostis rigidior
E,Heteropogon contortus
E,Panicum maximum
E,Digitaria eriantha
E,Heteropogon contortus
E,Eragrostis gummiflua
E,Aristida adscensionis
E,Heteropogon contortus
E,Enteropogon macrostachyus
E,Heteropogon contortus
E,Aristida adscensionis
E,Heteropogon contortus
E,Eragrostis gummiflua
E,Aristida adscensionis
E,Eragrostis rigidior
E,Heteropogon contortus
E,Heteropogon contortus
E,Heteropogon contortus
E,Cymbopogon excavatus
E,Panicum maximum
E,Pogonarthria squarrosa 
E,Panicum maximum
E,Aristida adscensionis
E,Heteropogon contortus
E,Heteropogon contortus
E,Eragrostis gummiflua
E,Eragrostis rigidior
E,Panicum maximum
E,Heteropogon contortus
E,Enteropogon macrostachyus
E,Urochloa mosambicensis
E,Eragrostis rigidior
E,Panicum maximum
E,Heteropogon contortus
E,Eragrostis rigidior
E,Heteropogon contortus
E,Enteropogon macrostachyus
E,Urochloa mosambicensis
E,Heteropogon contortus
E,Eragrostis rigidior
E,Brachiaria nigropedata
E,Heteropogon contortus
E,Enteropogon macrostachyus
E,Pogonarthria squarrosa 
E,Digitaria eriantha
E,Panicum maximum
E,Heteropogon contortus
E,Eragrostis gummiflua
E,Enteropogon macrostachyus
E,Panicum maximum
E,Aristida adscensionis
E,Heteropogon contortus
E,Cymbopogon excavatus
E,Heteropogon contortus
E,Eragrostis rigidior
E,Panicum maximum
E,Panicum maximum
E,Enteropogon macrostachyus
E,Heteropogon contortus
E,Brachiaria nigropedata
E,Heteropogon contortus
E,Digitaria eriantha
E,Eragrostis rigidior
E,Heteropogon contortus
E,Pogonarthria squarrosa 
E,Aristida adscensionis
E,Enteropogon macrostachyus
E,Heteropogon contortus
E,Aristida adscensionis
E,Aristida adscensionis
E,Digitaria eriantha
E,Eragrostis gummiflua
E,Eragrostis gummiflua
E,Eragrostis rigidior
E,Heteropogon contortus
E,Digitaria eriantha
E,Pogonarthria squarrosa 
E,Heteropogon contortus
E,Digitaria eriantha
E,Panicum maximum
E,Aristida adscensionis
E,Eragrostis gummiflua
E,Eragrostis rigidior
E,Heteropogon contortus
E,Enteropogon macrostachyus
E,Aristida adscensionis
E,Heteropogon contortus
E,Heteropogon contortus
E,Enteropogon macrostachyus
E,Pogonarthria squarrosa 
E,Brachiaria nigropedata
E,Brachiaria nigropedata
E,Digitaria eriantha
E,Panicum maximum
E,Enteropogon macrostachyus
E,Digitaria eriantha
E,Sporobolus africanus
E,Enteropogon macrostachyus
E,Aristida adscensionis
E,Sporobolus ioclados
F,Heteropogon contortus
F,Eragrostis rigidior
F,Heteropogon contortus
F,Eragrostis rigidior
F,Eragrostis gummiflua
F,Aristida congesta C
F,Heteropogon contortus
F,Eragrostis rigidior
F,Eragrostis gummiflua
F,Aristida adscensionis
F,Eragrostis rigidior
F,Eragrostis gummiflua
F,Eragrostis superba
F,Eragrostis rigidior
F,Eragrostis gummiflua
F,Eragrostis superba
F,Heteropogon contortus
F,Eragrostis rigidior
F,Eragrostis gummiflua
F,Digitaria eriantha
F,Heteropogon contortus
F,Eragrostis rigidior
F,Eragrostis gummiflua
F,Panicum maximum
F,Aristida junciformis
F,Digitaria eriantha
F,Heteropogon contortus
F,Heteropogon contortus
F,Eragrostis rigidior
F,Eragrostis superba
F,Panicum maximum
F,Eragrostis rigidior
F,Eragrostis gummiflua
F,Heteropogon contortus
F,Eragrostis rigidior
F,Eragrostis gummiflua
F,Loudetia simplex
F,Eragrostis gummiflua
F,Aristida  canescens
F,Eragrostis gummiflua
F,Digitaria eriantha
F,Brachiaria brizantha
F,Eragrostis rigidior
F,Heteropogon contortus
F,Eragrostis rigidior
F,Eragrostis gummiflua
F,Eragrostis gummiflua
F,Digitaria eriantha
F,Heteropogon contortus
F,Eragrostis gummiflua
F,Eragrostis rigidior
F,Heteropogon contortus
F,Aristida congesta C
F,Eragrostis gummiflua
F,Aristida diffusa
F,Aristida congesta B
F,Heteropogon contortus
F,Eragrostis rigidior
F,Eragrostis gummiflua
F,Eragrostis superba
F,Eragrostis gummiflua
F,Urochloa panicoides
F,Aristida diffusa
F,Aristida congesta B
F,Heteropogon contortus
F,Eragrostis rigidior
F,Digitaria eriantha
F,Panicum maximum
F,Cynodon dactylon 
F,Aristida congesta C
F,Eragrostis rigidior
F,Cynodon dactylon 
F,Aristida congesta C
F,Digitaria eriantha
F,Panicum maximum
F,Eragrostis rigidior
F,Eragrostis rigidior
F,Digitaria eriantha
F,Digitaria eriantha
F,Eragrostis rigidior
F,Eragrostis gummiflua
F,Eragrostis rigidior
F,Digitaria eriantha
F,Eragrostis gummiflua
F,Pogonarthria squarrosa 
F,Eragrostis gummiflua
F,Digitaria eriantha
F,Cynodon dactylon
F,Eragrostis gummiflua
F,Eragrostis rigidior
F,Urochloa panicoides
F,Digitaria eriantha
F,Cynodon dactylon
F,Perotis patens
F,Digitaria eriantha
F,Cynodon dactylon
F,Eragrostis rigidior
F,Digitaria eriantha
F,Eragrostis rigidior
F,Aristida  canescens
F,Digitaria eriantha
F,Setaria incrassata
F,Digitaria eriantha
F,Cynodon dactylon
F,Eragrostis rigidior
F,Heteropogon contortus
F,Cynodon dactylon
F,Eragrostis rigidior
F,Aristida  canescens
F,Enteropogon macrostachyus
F,Panicum maximum
F,Heteropogon contortus
F,Cynodon dactylon
F,Eragrostis rigidior
F,Aristida  canescens
F,Digitaria eriantha
F,Cynodon dactylon
F,Eragrostis rigidior
F,Digitaria eriantha
F,Cynodon dactylon
F,Perotis patens
F,Digitaria eriantha
F,Cynodon dactylon
F,Eragrostis rigidior
F,Digitaria eriantha
F,Eragrostis rigidior
F,Aristida  canescens
F,Digitaria eriantha
F,Setaria incrassata
F,Eragrostis rigidior
F,Eragrostis rigidior
F,Aristida  canescens
F,Digitaria eriantha
F,Eragrostis gummiflua
F,Eragrostis rigidior
F,Aristida  canescens
F,Eragrostis rigidior
F,Cynodon dactylon
F,Pogonarthria squarrosa 
F,Digitaria eriantha
F,Eragrostis rigidior
F,Cynodon dactylon
F,Digitaria eriantha
F,Eragrostis rigidior
F,Cynodon dactylon
F,Digitaria eriantha
F,Cynodon dactylon
F,Digitaria eriantha
F,Chloris virgata
F,Cynodon dactylon
F,Digitaria eriantha
F,Eragrostis rigidior
F,Aristida  canescens
F,Digitaria eriantha
F,Cynodon dactylon
F,Digitaria eriantha
F,Cynodon dactylon
F,Digitaria eriantha
F,Eragrostis rigidior
F,Pogonarthria squarrosa 
F,Cynodon dactylon
F,Digitaria eriantha
F,Eragrostis rigidior
F,Chloris virgata
F,Heteropogon contortus
F,Digitaria eriantha
F,Eragrostis rigidior
F,Eragrostis gummiflua
F,Cynodon dactylon
F,Digitaria eriantha
F,Digitaria eriantha
F,Aristida  canescens
F,Pogonarthria squarrosa 
F,Eragrostis rigidior
F,Aristida  canescens
F,Cynodon dactylon
F,Eragrostis gummiflua
F,Brachiaria brizantha
F,Eragrostis rigidior
F,Panicum maximum
F,Heteropogon contortus
F,Aristida  canescens
F,Eragrostis rigidior
F,Pogonarthria squarrosa 
F,Cynodon dactylon
F,Eragrostis rigidior
F,Pogonarthria squarrosa 
F,Cynodon dactylon
F,Digitaria eriantha
F,Digitaria eriantha
F,Heteropogon contortus
F,Eragrostis viscosa
F,Digitaria eriantha
F,Cynodon dactylon
F,Digitaria eriantha
F,Eragrostis rigidior
F,Aristida  canescens
F,Aristida  canescens
F,Cynodon dactylon
F,Eragrostis rigidior
F,Aristida  canescens
F,Panicum maximum
F,Cymbopogon excavatus
F,Aristida  canescens
F,Digitaria eriantha
F,Eragrostis gummiflua
F,Cynodon dactylon
F,Heteropogon contortus
F,Pogonarthria squarrosa 
F,Cynodon dactylon
F,Eragrostis rigidior
F,Cynodon dactylon
F,Digitaria eriantha
F,Cynodon dactylon
F,Digitaria eriantha
F,Eragrostis rigidior
F,Cynodon dactylon
F,Digitaria eriantha
F,Eragrostis rigidior
F,Cynodon dactylon
F,Digitaria eriantha
F,Cynodon dactylon
F,Digitaria eriantha
F,Urochloa mosambicensis
F,Digitaria eriantha
F,Cynodon dactylon
F,Digitaria eriantha
F,Eragrostis rigidior
F,Pogonarthria squarrosa 
F,Cynodon dactylon
F,Digitaria eriantha
F,Cynodon dactylon
F,Digitaria eriantha
F,Eragrostis rigidior
F,Aristida  canescens
F,Digitaria eriantha
F,Eragrostis rigidior
F,Cynodon dactylon
F,Digitaria eriantha
F,Eragrostis rigidior
F,Cynodon dactylon
F,Digitaria eriantha
F,Cynodon dactylon
F,Digitaria eriantha
F,Eragrostis rigidior
F,Setaria incrassata
F,Heteropogon contortus
F,Cynodon dactylon
F,Digitaria eriantha
F,Eragrostis rigidior
F,Cynodon dactylon
F,Digitaria eriantha
F,Eragrostis rigidior
F,Cynodon dactylon
F,Digitaria eriantha
F,Eragrostis rigidior
F,Cynodon dactylon
F,Digitaria eriantha
F,Cynodon dactylon
F,Digitaria eriantha
F,Cynodon dactylon
F,Digitaria eriantha
F,Heteropogon contortus
F,Digitaria eriantha
F,Eragrostis rigidior
F,Aristida  canescens
F,Eragrostis viscosa
F,Brachiaria brizantha
