Site,DPM Height
A,19
A,18.9
A,11.6
A,11.3
A,18.7
A,18.5
A,19.2
A,19.5
A,19.3
A,18.3
A,18.9
A,19.6
A,9.1
A,9
A,9.1
A,8.1
A,14.2
A,20
A,19.7
A,19.6
A,19
A,18.9
A,11.6
A,11.3
A,44.6
A,39.6
A,38.2
A,32.5
A,18.2
A,20.2
A,26.8
A,29.9
A,18
A,19.9
A,19.9
A,21
A,21.1
A,21.1
A,20.4
A,20.2
A,23.7
A,23
A,22.4
A,21.7
A,0
A,28.9
A,30.7
A,31.7
A,30.9
A,16.3
A,18.7
A,18.1
A,19.9
A,27.1
A,27.8
A,28.6
A,30
A,17.4
A,12.9
A,16.6
A,18.5
A,21.7
A,20.8
A,13.5
A,13.3
A,17.6
A,17.4
A,15.4
A,17.2
A,30.6
A,29.7
A,29.4
A,28.4
A,28.1
A,26.8
A,26.2
A,25.1
A,21.7
A,18.7
A,15.9
A,17.6
A,23.3
A,18.9
A,21.1
A,22.4
A,29.3
A,32.5
A,32.4
A,31.1
A,14.6
A,14.2
A,15.3
A,16.7
A,20.2
A,22.4
A,23.3
A,21.5
A,17.6
A,18.6
A,17.2
A,19.4
A,41.4
A,41.4
A,33.5
A,25.5
A,23.3
A,18.8
A,23.7
A,27.4
A,14.1
A,20.5
A,15.5
A,13.9
A,11.8
A,17.9
A,23.4
A,22.1
A,21.1
A,22.1
A,23.6
A,22.3
A,13.7
A,10.5
A,10.3
A,10.7
A,29.3
A,32.5
A,32.4
A,31.1
A,23.4
A,23.8
A,22.7
A,23.7
A,10.2
A,13.9
A,11
A,10.9
A,12.5
A,12.3
A,17
A,16.3
A,17.2
A,9.6
A,27.7
A,34.9
A,13.1
A,16.9
A,18.2
A,21.2
A,39.1
A,43
A,34.6
A,30.8
A,29
A,31.6
A,32.6
A,33.3
A,38
A,29.8
A,22
A,23.9
A,11.8
A,17.1
A,15.3
A,15.7
A,15.4
A,16.8
A,16.7
A,16.7
A,21.9
A,21.8
A,20.9
A,18.4
A,17.6
A,15.9
A,15.3
A,15.4
A,31.7
A,31.7
A,28.7
A,25.3
A,3.6
A,11.2
A,12.5
A,12.7
A,51.3
A,36
A,43.7
A,46.1
A,5.9
A,8.7
A,12.6
A,12.7
A,11.8
A,15.7
A,18.6
A,20.6
A,10.7
A,16.9
A,13.6
A,13.5
A,31.8
A,29
A,26.4
A,25.9
A,26.8
A,19.2
A,17.8
A,16.9
A,6.8
A,11.5
A,17.8
A,14.2
A,31.7
A,19.9
A,18.7
A,18.5
A,14.9
A,17.3
A,19.4
A,16.1
A,8.5
A,9.7
A,11.6
A,10.6
A,6
A,10.9
A,11.4
A,13.2
A,42.7
A,41.3
A,37.6
A,36.9
A,6.4
A,18
A,21
A,23.8
A,19.7
A,22.4
A,22.6
A,25
A,21
A,20.5
A,20.4
A,20.5
A,22.5
A,22.5
A,22.5
A,22.5
A,24.1
A,32
A,34.3
A,32.5
A,35.6
A,27.9
A,33.3
A,37
A,20.5
A,21.7
A,22
A,21.4
A,18.7
A,19.2
A,18.9
A,18.5
A,20.5
A,20.7
A,20.5
A,21.4
A,36.4
A,36.6
A,32.1
A,30.6
A,23
A,23.1
A,21.7
A,21.1
A,20.2
A,20.1
A,20.1
A,20.4
A,20.2
A,20.3
A,20.6
A,20
A,12.7
A,17.2
A,16.1
A,17.3
A,3.7
A,9.5
A,13
A,11.4
A,19.6
A,20
A,20.1
A,20.1
A,18.3
A,18.9
A,19
A,18.9
A,17.9
A,19.1
A,19.4
A,19.4
A,23
A,22.2
A,21.3
A,20.8
A,19.9
A,19.9
A,19.5
A,19.2
A,25.7
A,17.1
A,17.8
A,22.1
A,12.1
A,13.8
A,13.7
A,14.2
A,25.6
A,20.8
A,22.3
A,22.7
A,28.2
A,28.8
A,31.2
A,28.8
A,21
A,17.1
A,21.7
A,23
A,17.1
A,14.7
A,21.1
A,21.4
A,22.6
A,16.8
A,14.9
A,13.6
A,10.6
A,14.8
A,17
A,19.8
A,10.8
A,9.2
A,11.4
A,10.3
A,17.7
A,17.5
A,17.4
A,16.4
A,15.1
A,17.3
A,20.1
A,22.7
A,29.8
A,26.7
A,22.3
A,22.3
A,36.3
A,34.5
A,34.2
A,34.5
A,20.4
A,17.1
A,19.3
A,18.6
A,17.1
A,17
A,20.2
A,22.5
A,8.7
A,11.6
A,11.3
A,10.3
A,13.2
A,17.8
A,18.3
A,17.6
A,19.1
A,16
A,17.5
A,18.1
A,20.8
A,18.1
A,23.3
A,24.5
A,35.3
A,24.2
A,19
A,23.6
A,18.8
A,15.6
A,18.3
A,18.6
B,6.4
B,2.8
B,5.8
B,2.6
B,5.1
B,4.2
B,6.7
B,6.2
B,6.1
B,3.7
B,3.2
B,2.4
B,8.5
B,3.1
B,4.4
B,4.2
B,6.7
B,6
B,6.7
B,5.3
B,2.2
B,8
B,14
B,20
B,7
B,8.2
B,5.9
B,6.6
B,2.6
B,6
B,7.6
B,6.6
B,11.4
B,22.9
B,6.3
B,31
B,5.6
B,7.2
B,5.2
B,7.5
B,4
B,4.7
B,4.7
B,10.5
B,10.7
B,11.9
B,10.6
B,9.7
B,7.3
B,8.8
B,12.3
B,5.6
B,5.3
B,5.9
B,5.3
B,5.2
B,5.1
B,5.5
B,5.9
B,6.5
B,2.8
B,5.7
B,8.2
B,7.1
B,3.8
B,7
B,5.8
B,5.8
B,16.4
B,17.6
B,14.9
B,13.4
B,4
B,3.4
B,4.8
B,4.9
B,1.9
B,4.2
B,6.7
B,7
B,7.9
B,8.2
B,8.9
B,9.8
B,18.5
B,18.5
B,16.1
B,17.4
B,10.7
B,11
B,14.8
B,14.9
B,9.5
B,10.4
B,13.2
B,12.3
B,17.1
B,17.2
B,18.8
B,15.6
B,16.8
B,13.3
B,11
B,22.9
B,3.4
B,5.7
B,7.4
B,12
B,9.6
B,9.4
B,9.7
B,9.4
B,9.3
B,8.3
B,7.8
B,7.5
B,9.3
B,15.3
B,11
B,6.1
B,6.3
B,5.7
B,10.9
B,11.1
B,2.1
B,4.6
B,6.9
B,10.6
B,25.2
B,24.3
B,24
B,28.7
B,6
B,4.5
B,4.7
B,3.8
B,10.6
B,13
B,12.3
B,16.8
B,19.1
B,16.8
B,17.2
B,12.2
B,19.4
B,14.9
B,13.2
B,9.3
B,10.1
B,10.8
B,10
B,9.8
B,7.6
B,10
B,9
B,9.8
B,7.6
B,10
B,9
B,8.6
B,5.2
B,5.4
B,4
B,6.8
B,8.1
B,8.7
B,10.5
B,9.5
B,9.9
B,9.1
B,10.2
B,7.5
B,6.8
B,7.3
B,8.6
B,14.1
B,10.9
B,10.1
B,10.4
B,15.4
B,16.2
B,17.1
B,16.9
B,10.2
B,15.3
B,16.6
B,17.2
B,16.9
B,17.3
B,15
B,13.6
B,17.3
B,15.8
B,14.8
B,14.6
B,24.7
B,26.3
B,19.7
B,21.3
B,7.5
B,8.5
B,12.4
B,13.5
B,7.9
B,10.7
B,10.2
B,9.6
B,3.2
B,2.8
B,5.7
B,10.1
B,7.3
B,9.7
B,11.3
B,11.9
B,13
B,16.9
B,16.7
B,16.2
B,5.9
B,9.5
B,10.8
B,10.1
B,8.4
B,7.2
B,10.7
B,10.1
B,13.1
B,12.6
B,14.6
B,13.1
B,15
B,14.5
B,14.1
B,15
B,7.9
B,10
B,10.3
B,10.1
B,6
B,7.8
B,6.6
B,8.1
B,17.7
B,17.6
B,20
B,15.4
B,11.8
B,13
B,11.2
B,13.4
B,10.2
B,9
B,9
B,10.2
B,7.8
B,7.4
B,8
B,10
B,17.3
B,12.7
B,13.3
B,12.7
B,3.7
B,3.3
B,8.4
B,12.3
B,17.7
B,17.1
B,13.3
B,12.7
B,4.1
B,10.4
B,8.8
B,6.9
B,6.4
B,6.6
B,7.3
B,7.6
B,21.1
B,15.1
B,12.2
B,14.9
B,18.3
B,26
B,24.6
B,21
B,18.8
B,11.2
B,2
B,3.3
B,4.4
B,4.2
B,4.1
B,5
B,14.1
B,23.2
B,19.2
B,11.4
B,7.3
B,7.7
B,7.8
B,9.4
B,10.7
B,33.7
B,29.4
B,20.7
B,17.1
B,17.2
B,16.3
B,14.7
B,16
B,15
B,18.1
B,19.4
B,7.8
B,7.6
B,7.5
B,7.6
B,33.7
B,31.6
B,31
B,26.4
B,13.2
B,10.8
B,11.6
B,11
B,14.5
B,14.6
B,14
B,14.9
B,4.3
B,5.5
B,10.1
B,9.7
B,13.9
B,8.2
B,8.5
B,9.1
B,9.7
B,8.6
B,7.1
B,7.5
B,12.5
B,10
B,10.1
B,9.9
B,5
B,3.4
B,4.1
B,4.2
B,6
B,7.1
B,6.4
B,5.8
B,20.4
B,11.8
B,8.8
B,9.7
B,6.9
B,10.1
B,10.4
B,10.4
B,8.6
B,6.3
B,6
B,6.1
B,6.3
B,17.1
B,16.8
B,8.5
B,12.1
B,9.5
B,9.7
B,9.6
B,7.5
B,6
B,2
B,3.9
B,5.7
B,5.3
B,8.4
B,6.5
B,8.6
B,9.2
B,13.2
B,13.2
B,10.7
B,3.1
B,8.5
B,6.5
B,13.6
B,12.1
B,9.4
B,10.1
B,9.3
B,10
B,12
B,12.5
B,8.8
B,7.7
B,6.4
B,7
C,0
C,5.8
C,6.8
C,6.8
C,6.1
C,2.5
C,2.4
C,2.7
C,2.5
C,4.6
C,4.2
C,4.4
C,4.6
C,2
C,2.4
C,2.4
C,2.3
C,4.1
C,2.9
C,3.3
C,4.8
C,2.2
C,4
C,2.4
C,4.1
C,3.3
C,3.9
C,3.6
C,3.5
C,5.3
C,5
C,5
C,4.7
C,1.9
C,2.1
C,2.8
C,2
C,3.9
C,3.9
C,4
C,4.1
C,2.2
C,3
C,2.6
C,2.8
C,3.5
C,3.8
C,3.2
C,3.1
C,4.4
C,4.1
C,3.2
C,2.1
C,3.6
C,3.1
C,3.1
C,3.3
C,2.6
C,3.5
C,3
C,2.8
C,4.9
C,5
C,4.4
C,4.4
C,3.7
C,3.7
C,3.5
C,3.4
C,4.4
C,3.8
C,3.3
C,3.6
C,2.5
C,2.3
C,2.3
C,2.2
C,4.4
C,3.9
C,6.2
C,3.5
C,8.1
C,7.3
C,6.9
C,6.2
C,4
C,4.3
C,4
C,4.1
C,1.9
C,2.5
C,2.5
C,2.6
C,2.2
C,2.3
C,2
C,3
C,4.3
C,5
C,5.3
C,5
C,4.3
C,5
C,5.3
C,5
C,4.2
C,3.6
C,4
C,3.7
C,0
C,6.7
C,6.9
C,6.4
C,6.4
C,5.3
C,5.1
C,6.1
C,6.2
C,1.7
C,2.8
C,2.8
C,2.8
C,20.7
C,19.4
C,26.5
C,24
C,10.3
C,7.8
C,6.8
C,7.8
C,1.9
C,1.8
C,1.7
C,2
C,3
C,3.1
C,2.8
C,3.3
C,8
C,7.2
C,8.4
C,9.1
C,4.7
C,4.9
C,5.3
C,6.1
C,3.8
C,4
C,3.9
C,3.3
C,0
C,12.2
C,11.8
C,11.2
C,10.6
C,8.8
C,8.6
C,8.4
C,8.3
C,4.9
C,4.3
C,4
C,5.9
C,4.2
C,4
C,4.3
C,5.1
C,2.2
C,3.6
C,3.8
C,3.5
C,2.4
C,3.2
C,3.2
C,3.3
C,4.1
C,4.4
C,5.1
C,5.1
C,12.8
C,8.3
C,7.2
C,6.6
C,4.4
C,4.6
C,4
C,3.7
C,5.3
C,5.2
C,4.4
C,4.4
C,2.2
C,2.4
C,3.8
C,4.7
C,5.9
C,5.4
C,4.9
C,4.7
C,2
C,2.5
C,3.5
C,4.9
C,3.4
C,2.9
C,3
C,2.2
C,2.9
C,2
C,4.1
C,2.9
C,2.4
C,3.5
C,4.2
C,4
C,4.4
C,5.2
C,6.5
C,5.5
C,4.9
C,6.9
C,4.9
C,4.5
C,5.3
C,5.5
C,5.3
C,4.6
C,4
C,5.5
C,4.4
C,4.1
C,3.4
C,5.8
C,4.8
C,4.4
C,3.2
C,3.8
C,3.7
C,4.3
C,2.7
C,4.8
C,4.6
C,4.7
C,2.9
C,3.8
C,3.7
C,3.6
C,4.2
C,6.4
C,7.1
C,6.8
C,3
C,3.1
C,2.9
C,2.8
C,8
C,7.1
C,6.6
C,5.8
C,6.6
C,6.2
C,6.3
C,6.5
C,3.6
C,3.7
C,5.3
C,4.5
C,6.6
C,5.8
C,5
C,5
C,5.4
C,5
C,4.8
C,5
C,5.4
C,5.4
C,5.5
C,5.4
C,4
C,7.8
C,4.7
C,2.3
C,2.7
C,2.8
C,2.5
C,6.7
C,5.5
C,5.4
C,5.3
C,22
C,19
C,14.3
C,14.1
C,18.3
C,20.9
C,30
C,18.8
C,8.7
C,7.6
C,5.8
C,5.4
C,1.7
C,1.4
C,1.6
C,2.1
C,3.9
C,2.9
C,2.9
C,3.2
C,6.7
C,6
C,5.5
C,5.1
C,5
C,5.3
C,5.2
C,5
C,4.9
C,5.2
C,5.2
C,4.2
C,9.8
C,8.4
C,7.1
C,7.5
C,12.5
C,5.5
C,8.4
C,5.9
C,7.5
C,7.4
C,7.3
C,7.1
C,2.3
C,1.9
C,2.3
C,2.6
C,5.6
C,5.3
C,5.1
C,5
C,5.6
C,6
C,6
C,5.8
C,6.7
C,6.6
C,6.5
C,6.3
C,3.1
C,3.1
C,3.1
C,2.4
C,5.9
C,5.5
C,5.2
C,4.9
C,0
C,8.8
C,5.4
C,4.2
C,5.7
C,4.2
C,5.3
C,7.7
C,7.4
C,3.3
C,2.9
C,3.5
C,3.1
C,7.8
C,7.1
C,6.6
C,6.2
C,3.3
C,3.2
C,3.2
C,3.1
C,4
C,4.7
C,4.6
C,5
C,6.6
C,4.8
C,3.8
C,4
D,1.8
D,2.9
D,2.9
D,2.7
D,0
D,6.8
D,6.6
D,5.5
D,5
D,2.6
D,2.6
D,2.6
D,2.6
D,17.3
D,12.7
D,12.8
D,12.3
D,7.5
D,5.8
D,5.8
D,6.6
D,8
D,11.5
D,17.2
D,15.6
D,6.2
D,5.8
D,5.6
D,5.8
D,6.9
D,7
D,6.6
D,6.5
D,3.2
D,8.9
D,8.4
D,8.5
D,11.7
D,9
D,11.4
D,10.9
D,6.6
D,5.6
D,5.6
D,6.1
D,2.2
D,2.3
D,2.1
D,3.3
D,0
D,2.3
D,2.3
D,2.3
D,2.3
D,3
D,3
D,3
D,3
D,9.9
D,10.5
D,11.1
D,11.6
D,10
D,13.2
D,11.8
D,12.4
D,7.2
D,7.5
D,7.5
D,5.4
D,4.6
D,4.1
D,3.8
D,3.8
D,3.2
D,3.3
D,3
D,3
D,18.5
D,17.5
D,19.2
D,15
D,8
D,6.4
D,9.8
D,10.3
D,3.4
D,5.5
D,6.1
D,6.6
D,11.7
D,6.5
D,8.6
D,8.7
D,5
D,5.1
D,5.1
D,5.7
D,14.1
D,9.2
D,9.2
D,9.2
D,7.5
D,9.6
D,11.4
D,8.9
D,20.4
D,15.5
D,13.4
D,13.2
D,8.5
D,8.5
D,6.6
D,6.5
D,9.1
D,6.6
D,5.2
D,5.2
D,7.2
D,6.8
D,6.8
D,20.5
D,11.9
D,17.2
D,13.9
D,12.9
D,7.5
D,6
D,5.9
D,7.7
D,2.4
D,2.4
D,5.9
D,4.9
D,7.1
D,6.6
D,7.3
D,8.4
D,17.8
D,16.8
D,17.4
D,18.8
D,14.8
D,16.1
D,16.9
D,16.8
D,21.3
D,18.3
D,11.9
D,12.8
D,20.4
D,17.1
D,17.9
D,16.2
D,33.5
D,33.6
D,26.4
D,24.4
D,14.9
D,14.5
D,14.5
D,14.6
D,8.3
D,7.3
D,6
D,6
D,3.7
D,3.6
D,3.8
D,3.8
D,5
D,4.8
D,8.1
D,8.7
D,13.1
D,14.4
D,11.9
D,11.5
D,30.2
D,21.3
D,21.3
D,20.4
D,6.1
D,6.1
D,6.1
D,6.1
D,5.5
D,5.9
D,5.6
D,4.8
D,5.8
D,8.5
D,8.7
D,8.3
D,16.5
D,16.4
D,15.6
D,15.7
D,17.5
D,16.3
D,15.7
D,15.6
D,7.5
D,5.5
D,10.6
D,9.5
D,11.7
D,11
D,10.7
D,9.7
D,0
D,7.8
D,7.5
D,7.5
D,9.1
D,1.9
D,4.4
D,4.8
D,4.1
D,10
D,4.3
D,7.7
D,7.7
D,8.3
D,7.6
D,6.7
D,7.3
D,0
D,12.5
D,11.2
D,11
D,10
D,2.5
D,5.2
D,6.3
D,5.9
D,2.6
D,2.6
D,2.6
D,5.1
D,2.4
D,2
D,5.1
D,4.2
D,11.9
D,11.1
D,10.7
D,10.2
D,7
D,7.5
D,7.7
D,7.8
D,3.8
D,4.4
D,4.2
D,4.6
D,8.2
D,8.2
D,6.7
D,6
D,9.5
D,8.8
D,8.6
D,8.4
D,5.6
D,7
D,6.8
D,6.4
D,10.5
D,8.1
D,8.1
D,7.8
D,11.5
D,11.5
D,13.8
D,14.9
D,11.9
D,18.5
D,17.7
D,18.4
D,4.6
D,3.2
D,3.6
D,4
D,11.7
D,12.9
D,13
D,14.1
D,11.4
D,10
D,10.6
D,10.1
D,23
D,28.2
D,29.2
D,29
D,6.2
D,6.2
D,6.2
D,6
D,6.8
D,6.6
D,4.9
D,5.3
D,7.5
D,7.4
D,8.9
D,9.8
D,17.2
D,16.6
D,16.7
D,16
D,10
D,9.3
D,10.9
D,10.7
D,16
D,15.2
D,13.4
D,17.2
D,9.5
D,13.8
D,14.5
D,17.8
D,13.3
D,13.9
D,17.1
D,17.3
D,7.7
D,7.6
D,7.8
D,7.8
D,4.5
D,4.2
D,4.6
D,4.9
D,2.9
D,2.7
D,2.7
D,2.7
D,6.5
D,6.4
D,7.5
D,7.9
D,8.2
D,7.7
D,7.3
D,6
D,5.7
D,6.8
D,7.4
D,7.7
D,1.8
D,1.8
D,1.8
D,1.8
D,8.1
D,9.6
D,10
D,11.4
D,7
D,9.9
D,10.9
D,11.4
D,6.3
D,7.4
D,8
D,8.8
D,1.5
D,1.5
D,6
D,6
D,11
D,11.4
D,10.9
D,11
D,11.6
D,11.6
D,17.8
D,20
D,14
D,14.6
D,10.5
D,12
D,10.3
D,9.7
D,9.1
D,8.4
E,3.9
E,4.2
E,9.5
E,7.8
E,22
E,17
E,14.3
E,13.6
E,6.6
E,5.8
E,6.2
E,6.2
E,3.2
E,3.2
E,3.2
E,3.2
E,2.5
E,3.9
E,3.6
E,3.9
E,10.3
E,10.1
E,9.5
E,9
E,10.2
E,12.4
E,19.2
E,18.7
E,11.2
E,10.4
E,10.7
E,9.9
E,8.6
E,9.2
E,10.2
E,10.5
E,2.5
E,4.1
E,4.6
E,4.8
E,6.7
E,10.6
E,9.9
E,9.1
E,3.2
E,9.7
E,9
E,7.6
E,8.9
E,12.6
E,12.7
E,11.1
E,13.5
E,12
E,11.1
E,10.7
E,2.1
E,5.6
E,5.7
E,0
E,6.2
E,4.9
E,5.1
E,8.3
E,6.8
E,5.7
E,3.9
E,3.8
E,11.9
E,14.2
E,12.1
E,12
E,10.9
E,6
E,12.4
E,11.5
E,7.3
E,17.7
E,18
E,16.5
E,8.3
E,8.7
E,8.1
E,8.1
E,4.1
E,3.4
E,3.4
E,5.1
E,5.6
E,4.6
E,0
E,7.3
E,0
E,4.7
E,4.6
E,4.4
E,4.7
E,11.3
E,11.1
E,10.9
E,10.7
E,11.3
E,12.9
E,12.5
E,12.7
E,10.9
E,10.7
E,11.3
E,12.7
E,12.3
E,11.9
E,11.4
E,11.2
E,10.8
E,10.6
E,4.6
E,4.7
E,4.2
E,4
E,5.8
E,5.5
E,2.5
E,3.5
E,0
E,0
E,7.6
E,8.3
E,7.6
E,9.2
E,8.7
E,4
E,15.1
E,15.3
E,6.3
E,6.1
E,5.7
E,6.7
E,10.2
E,11.2
E,10.7
E,12.6
E,5.3
E,6.1
E,9.3
E,10.8
E,23.3
E,19
E,16.7
E,19.9
E,17
E,15.1
E,13.7
E,17.9
E,12
E,11.4
E,10.9
E,10.3
E,3.3
E,9.5
E,10
E,15.9
E,4.4
E,3.6
E,3.3
E,5.2
E,11.4
E,9
E,8.5
E,8.5
E,6.7
E,8.5
E,9.4
E,7
E,3
E,4.2
E,4.2
E,4.6
E,2
E,2
E,2
E,2
E,9.7
E,8.9
E,8.4
E,7.8
E,11.5
E,11.9
E,11.5
E,11.2
E,24.4
E,15
E,12
E,14.6
E,5.8
E,3.7
E,5.6
E,5.5
E,3
E,4.4
E,9.6
E,10.4
E,12
E,12.1
E,12.7
E,10.5
E,0
E,1.7
E,1.8
E,5.2
E,6.5
E,4.3
E,7.1
E,8.3
E,5.3
E,4.6
E,4.1
E,4.5
E,4.5
E,4.5
E,9.9
E,12.9
E,11.7
E,10.8
E,8.4
E,9.9
E,18.2
E,22.3
E,17.6
E,17.5
E,4.3
E,4.5
E,6.8
E,6.2
E,8.5
E,8.3
E,7.4
E,7.9
E,5.4
E,6.1
E,6.7
E,6.6
E,7
E,7.6
E,5.7
E,5.6
E,2.7
E,2.6
E,2.6
E,2.6
E,8.3
E,8.1
E,8
E,7.7
E,13.3
E,15.4
E,13.9
E,13.6
E,5.2
E,14.8
E,14.6
E,14.4
E,3
E,3.6
E,3.8
E,5.6
E,8.1
E,6.5
E,6.3
E,6.1
E,6.5
E,6.6
E,9.4
E,10.3
E,10.4
E,7.4
E,7.6
E,6.8
E,9.8
E,11.7
E,11.3
E,12.3
E,13.2
E,5.6
E,2.8
E,5
E,20.3
E,16
E,16.9
E,14.9
E,7.1
E,6.9
E,7.1
E,7.2
E,6.6
E,3.5
E,6.3
E,12.9
E,8.1
E,7.5
E,6.8
E,6.3
E,3.1
E,2.4
E,0
E,0
E,6.1
E,5.3
E,7.3
E,10.2
E,13.5
E,15.7
E,18.8
E,19
E,7
E,5.3
E,5.5
E,6
E,5.8
E,5.8
E,9.8
E,8.5
E,15.3
E,15.8
E,13.8
E,14.5
E,8.7
E,11.4
E,13.4
E,11.4
E,8.7
E,8.5
E,8.5
E,8.3
E,10
E,10.6
E,10.4
E,10.5
E,8.9
E,9.1
E,9.7
E,10.3
E,10.8
E,10.8
E,8.9
E,7.7
E,12.2
E,11.3
E,10.5
E,10.5
E,12.9
E,15
E,14.3
E,5.6
E,10.7
E,10.6
E,10.4
E,10.1
E,10.6
E,10.2
E,10.5
E,10.4
E,5.1
E,13.2
E,11.4
E,19.9
E,6.8
E,8.1
E,8.1
E,8.8
E,6.3
E,6
E,8.3
E,7.2
E,2.8
E,2.8
E,2.8
E,2.8
E,13.2
E,12
E,11.4
E,11.6
E,8.3
E,8.4
E,9.1
E,10
E,13.2
E,12.7
E,12.2
E,12.3
E,11.6
E,12.2
E,12.3
E,13.1
E,5.1
E,12.8
E,12.5
E,12.1
F,4
F,5.6
F,3.8
F,13.6
F,3.4
F,20.7
F,7.8
F,3.6
F,3.5
F,4.7
F,4.8
F,5.2
F,9
F,12.7
F,12.8
F,12.7
F,5.5
F,5.9
F,7.9
F,7.5
F,4.9
F,7.8
F,7.5
F,13.3
F,19.7
F,10.5
F,20
F,22.5
F,9.8
F,8.7
F,8.9
F,8.2
F,8.6
F,8.6
F,8.3
F,7.7
F,15.3
F,14.7
F,13.6
F,13.8
F,5.4
F,5.1
F,4.6
F,12.8
F,3.4
F,4.8
F,5.4
F,7.8
F,2.2
F,2.1
F,2
F,2.4
F,2.4
F,4
F,4.5
F,4.5
F,3.4
F,4.3
F,4.8
F,5
F,1.6
F,3.3
F,3.7
F,4.4
F,4.6
F,4.7
F,5.1
F,5.2
F,8.7
F,6.6
F,4.8
F,5.1
F,7.7
F,6.6
F,7.9
F,7.8
F,3.6
F,3.5
F,3.6
F,3.6
F,5.3
F,5.1
F,5
F,4.8
F,5.6
F,5.6
F,5.6
F,5.7
F,8.4
F,5.6
F,6.4
F,5.1
F,9.7
F,13.2
F,19.7
F,22.1
F,13.1
F,7
F,6.5
F,7.4
F,6.9
F,6.3
F,6.7
F,6.4
F,4.7
F,4.2
F,5.9
F,4.6
F,7.4
F,7
F,11.8
F,8.9
F,1.9
F,3.5
F,4
F,3.8
F,3.9
F,5.1
F,6.7
F,8.9
F,2.7
F,2.3
F,2.4
F,2.4
F,0
F,17
F,13.7
F,11.9
F,11.9
F,5.2
F,5.5
F,6.1
F,6.9
F,4.6
F,4
F,3.9
F,4.5
F,12.4
F,11.8
F,12
F,12
F,5.6
F,6.4
F,6.7
F,6.8
F,6.6
F,6.9
F,8.5
F,8.3
F,13.7
F,13.9
F,14.5
F,13.9
F,13.1
F,12.9
F,12.6
F,12.1
F,2.7
F,2.3
F,2.4
F,2.4
F,0
F,17
F,13.7
F,11.9
F,11.9
F,5.2
F,5.5
F,6.1
F,6.9
F,4.6
F,4
F,3.9
F,4.5
F,9.1
F,7
F,9
F,8
F,2.6
F,1.9
F,2
F,2.1
F,4.9
F,3.8
F,3.4
F,3.5
F,0
F,1.9
F,3.6
F,2.9
F,3
F,4.8
F,6.6
F,6.8
F,7
F,18.3
F,16.2
F,12.4
F,12.2
F,12.2
F,11.4
F,10.7
F,9.4
F,12.1
F,11.2
F,12.5
F,12.5
F,7.9
F,6.2
F,5.6
F,5.4
F,5.2
F,5.1
F,5.1
F,5
F,6.6
F,7.4
F,7.2
F,7.1
F,7.2
F,7.6
F,7.6
F,7.4
F,7.9
F,8.2
F,9.1
F,9
F,9.2
F,9.5
F,9.9
F,10.3
F,6.3
F,6.8
F,7.8
F,7.8
F,6.5
F,6
F,5.3
F,5.1
F,7.7
F,7.5
F,7.3
F,7.1
F,9.2
F,9.7
F,7.6
F,8.5
F,7.3
F,7.3
F,8.1
F,7.8
F,11.4
F,10.8
F,13
F,13.1
F,4.5
F,4.8
F,6
F,5.8
F,12.4
F,7.7
F,6.2
F,6.9
F,2.1
F,2
F,2.1
F,1.9
F,2
F,3.3
F,3
F,2.8
F,6.2
F,3.6
F,4
F,15.3
F,1.8
F,1.9
F,3.8
F,3.1
F,10.8
F,5.6
F,10.2
F,9.3
F,3.5
F,5.3
F,4.5
F,2.5
F,6.7
F,6.9
F,7.2
F,9.8
F,3.1
F,2.9
F,2.5
F,3
F,4
F,4.8
F,5.5
F,6.5
F,3.6
F,5.6
F,7.9
F,5.6
F,13.7
F,10.2
F,6.4
F,15.3
F,4.5
F,5.9
F,5.5
F,5
F,7.4
F,6.5
F,6.3
F,7.9
F,3.8
F,3.8
F,6.3
F,5.8
F,9.4
F,12.3
F,10.9
F,11.2
F,8.6
F,7.7
F,10.2
F,9.7
F,7.5
F,8.2
F,7.4
F,7.2
F,5.2
F,5
F,5.1
F,5.1
F,11.5
F,9.4
F,7.1
F,9.4
F,10.6
F,9.3
F,8.4
F,8.6
F,4.2
F,4.1
F,4.2
F,4.6
F,5.5
F,5
F,5.3
F,5.2
F,9.4
F,8.7
F,8.6
F,9.7
F,10.6
F,8.2
F,8.8
F,8.4
F,8.8
F,9
F,9.8
F,8
F,6.8
F,7.2
F,8.6
F,8.9
F,9.2
F,11.1
F,12.4
F,12.4
F,3.4
F,3.1
F,2.2
F,2.6
F,11
F,9.7
F,7.1
F,9.2
F,3.9
F,7.9
F,5.1
F,4
F,10.5
F,10.1
F,10
F,14.3
F,10.5
F,8.5
F,8.3
F,8.4
