,SPECIES NAME
1,Digitaria eriantha
2,Urochloa mosambicensis
3,Hyperrhenia filipendula
4,Aristida adscensionis
5,Heteropogon contortus
6,Sporobolus africanus
7,Setaria sphacelata
8,Cymbopogon excavatus
9,Eragrostis superba
10,Themeda triandra
11,Bothriochloa insculpta
12,Eragrostis gummiflua
13,Pogonarthria squarrosa
14,Panicum maximum
15,Aristida diffusa
16,Hyperrhenia hirta
17,Andropogon eucomus
18,Loudetia simplex
19,Cymbopogon plurinodis
20,Setaria pumila 
21,Aristida congesta C
22,Melinis repens
23,Eragrostis rigidior
24,Cynodon dactylon
25,Setaria incrassata
26,Brachiaria serrata
27,Aristida  canescens
28,Aristida congesta B
29,Brachiaria brizantha
30,Eragrostis viscosa
31,Chloris virgata
32,Perotis patens
33,Diheteropogon amplectens
34,Brachiaria nigropedata
35,Sporobolus ioclados
36,Enteropogon macrostachyus
37,Eragrostis cylindriflora
38,Aristida junciformis
39,Urochloa panicoides
