"Site","Plot","Allophylus africanus","Berchemia zeyheri","Bolusanthus speciosus","Carissa bispinosa","Combretum apiculatum","Combretum hereroense","Combretum imberbe","Dichrostachys cinerea","Diospyros lycioides","Diplorhynchus condylocarpon","Dovyalis caffra","Euclea divinorum","Fluegga virosa","Grewia decomovulata","Grewia monticola","Gymnosporia senegalensis","Ozoroa insignis","Peltophorum africanum","Piliostigma thonningii","Rhus lancea","Rhus leptodictya","Senegalia rehmanniana","Terminalia sericea","Vachellia gerrardii","Vachellia karroo","Vachellia nilotica","Warburgia salutaris","Ziziphus mucronata","Grewia flavescens","Senegalia ataxacantha","Cassia abbreviata","Commiphora africana","Elaeodendron papillosum","Gardenia spathulifolia","Ormocarpum trichocarpum","Albizia versicolor","Lannea discolor","Pappea capensis","Ximenia caffra","Indigofera ormocarpoides","Pterocarpus rotundifolius","Canthium inerme","Carissa spinarum","Lippia javanica","Nuxia oppositifolia","Volkameria eriophylla","Zanthoxylum capense","Clerodendrum glabrum","Albizia harveyi","Combretum zeyheri","Sclerocarya birrea","Senegalia nigrescens","Azanza garckeana","Combretum molle","Grewia bicolor","Carissa edulis","Colophospermum mopane","Lannea schweinfurthii","Ochna serrulata","Boscia angustifolia","Gardenia volkensii","Maclura africana","Steganotaenia araliacea","Terminalia prunioides","Vangueria randii","Burkea africana","Dalbergia melanoxylon","Brachystegia spiciformis","Boscia mossambicensis","Gymnosporia buxifolia","Combretum mossambicense","Tarchonanthus camphoratus","Dombeya rotundifolia","Dalbergia nitidula","Flacourtia indica","Kirkia acuminata","Philenoptera violacea","Pseudolachnostylis maprouneifolia","Viscum combreticola","Vitex mombasa"
"A",1,13,19,29,20,1,54,8,64,3,1,1,30,23,5,12,7,2,6,1,1,4,6,1,92,25,22,28,57,0,0,0,0,0,0,0,0,0,0,0,0,0,0,0,0,0,0,0,0,0,0,0,0,0,0,0,0,0,0,0,0,0,0,0,0,0,0,0,0,0,0,0,0,0,0,0,0,0,0,0,0
"A",2,0,13,32,10,2,70,9,11,0,1,0,2,2,0,1,2,4,18,0,0,0,0,0,31,3,1,4,21,1,27,0,0,0,0,0,0,0,0,0,0,0,0,0,0,0,0,0,0,0,0,0,0,0,0,0,0,0,0,0,0,0,0,0,0,0,0,0,0,0,0,0,0,0,0,0,0,0,0,0,0
"A",3,6,5,43,8,81,130,7,28,1,0,0,2,9,1,5,11,0,9,0,0,0,2,0,28,0,99,4,18,0,0,1,2,5,1,1,0,0,0,0,0,0,0,0,0,0,0,0,0,0,0,0,0,0,0,0,0,0,0,0,0,0,0,0,0,0,0,0,0,0,0,0,0,0,0,0,0,0,0,0,0
"A",4,8,1,26,12,106,77,0,77,0,4,6,7,8,2,11,14,2,6,0,0,0,0,0,39,0,9,8,16,0,5,0,0,0,0,1,1,2,2,1,0,0,0,0,0,0,0,0,0,0,0,0,0,0,0,0,0,0,0,0,0,0,0,0,0,0,0,0,0,0,0,0,0,0,0,0,0,0,0,0,0
"A",5,6,2,37,0,30,148,6,68,0,2,0,7,10,1,6,17,0,12,0,0,0,1,2,40,2,20,5,27,0,0,0,0,0,0,2,0,0,0,0,1,13,0,0,0,0,0,0,0,0,0,0,0,0,0,0,0,0,0,0,0,0,0,0,0,0,0,0,0,0,0,0,0,0,0,0,0,0,0,0,0
"B",1,25,0,0,2,0,10,0,9,23,0,0,2,37,5,0,34,0,34,0,0,0,0,0,2,66,10,0,29,1,40,0,0,0,3,0,0,1,0,5,0,0,1,1,1,1,5,1,0,0,0,0,0,0,0,0,0,0,0,0,0,0,0,0,0,0,0,0,0,0,0,0,0,0,0,0,0,0,0,0,0
"B",2,27,0,0,8,0,48,0,17,32,0,0,0,39,0,1,54,0,25,0,1,1,0,0,0,63,1,0,23,0,7,0,0,0,1,0,0,0,0,0,0,0,0,0,0,0,0,0,0,0,0,0,0,0,0,0,0,0,0,0,0,0,0,0,0,0,0,0,0,0,0,0,0,0,0,0,0,0,0,0,0
"B",3,34,1,1,4,1,11,1,2,8,0,0,2,8,0,0,20,0,6,0,0,0,0,1,0,140,4,0,26,0,1,0,0,0,0,0,0,0,0,0,0,0,0,0,0,0,0,0,0,0,0,0,0,0,0,0,0,0,0,0,0,0,0,0,0,0,0,0,0,0,0,0,0,0,0,0,0,0,0,0,0
"B",4,24,1,1,1,0,6,0,15,9,0,0,3,33,1,0,12,0,5,0,0,0,0,0,1,119,7,0,48,0,0,0,0,0,0,2,0,0,0,0,0,0,0,0,0,0,0,0,0,0,0,0,0,0,0,0,0,0,0,0,0,0,0,0,0,0,0,0,0,0,0,0,0,0,0,0,0,0,0,0,0
"B",5,81,1,0,0,0,8,1,3,16,0,0,2,64,1,0,5,0,1,0,12,0,1,0,0,98,29,0,36,2,0,0,0,0,0,0,0,0,0,0,0,0,0,0,0,0,0,0,1,0,0,0,0,0,0,0,0,0,0,0,0,0,0,0,0,0,0,0,0,0,0,0,0,0,0,0,0,0,0,0,0
"C",1,4,1,0,0,0,19,1,455,1,0,0,1,1,12,42,0,1,11,0,0,0,4,156,0,14,43,0,38,0,0,0,0,0,0,0,0,1,0,0,0,2,0,0,0,0,0,0,0,4,44,2,9,0,0,0,0,0,0,0,0,0,0,0,0,0,0,0,0,0,0,0,0,0,0,0,0,0,0,0,0
"C",2,8,3,0,0,1,10,0,434,7,0,0,4,0,60,55,6,1,4,0,0,0,13,19,0,13,122,0,34,0,0,0,2,0,0,0,0,0,0,0,0,0,0,0,2,0,0,0,0,11,8,3,0,2,0,0,0,0,0,0,0,0,0,0,0,0,0,0,0,0,0,0,0,0,0,0,0,0,0,0,0
"C",3,0,1,0,1,0,28,0,242,1,0,0,9,0,11,4,2,0,16,0,3,0,1,63,1,16,33,0,21,0,0,0,1,0,2,0,0,0,0,0,0,0,0,0,0,0,0,0,0,3,1,1,1,0,0,0,0,0,0,0,0,0,0,0,0,0,0,0,0,0,0,0,0,0,0,0,0,0,0,0,0
"C",4,14,0,0,2,11,37,0,217,3,0,0,17,7,24,20,3,1,22,0,1,0,5,21,2,12,19,0,49,0,0,0,0,0,0,0,0,0,0,0,0,2,0,0,0,0,0,0,0,5,8,1,1,1,1,1,0,0,0,0,0,0,0,0,0,0,0,0,0,0,0,0,0,0,0,0,0,0,0,0,0
"C",5,15,0,0,0,36,17,0,316,2,0,0,16,5,18,33,5,5,7,0,0,1,0,16,0,11,62,0,54,0,0,0,3,0,0,0,0,0,0,0,0,0,1,0,1,0,0,0,0,5,6,5,0,0,0,1,0,0,0,0,0,0,0,0,0,0,0,0,0,0,0,0,0,0,0,0,0,0,0,0,0
"D",1,26,0,0,7,23,16,0,181,11,0,0,68,44,25,10,6,0,3,0,0,0,0,0,26,0,70,6,23,0,0,0,6,0,3,0,0,0,2,0,0,0,0,0,1,0,0,5,3,0,0,0,0,2,0,0,1,1,1,2,0,0,0,0,0,0,0,0,0,0,0,0,0,0,0,0,0,0,0,0,0
"D",2,22,1,0,4,6,7,0,204,1,0,0,105,71,40,6,4,0,4,0,0,0,0,0,22,0,91,1,19,0,0,2,2,0,2,0,0,0,0,0,0,0,0,0,0,0,0,1,1,3,0,1,5,1,0,0,0,0,1,0,2,1,5,1,1,1,0,0,0,0,0,0,0,0,0,0,0,0,0,0,0
"D",3,20,0,0,8,48,19,0,165,3,0,0,69,52,37,14,4,0,2,0,0,0,0,0,20,0,95,8,41,0,1,3,3,1,11,0,0,0,0,0,0,0,0,0,0,0,0,0,2,1,0,0,0,0,0,0,0,2,0,0,0,0,0,0,0,1,1,1,0,0,0,0,0,0,0,0,0,0,0,0,0
"D",4,37,0,5,7,52,20,0,156,4,0,0,77,19,21,1,6,1,5,0,0,0,0,0,24,0,47,1,11,0,0,1,1,0,8,0,0,0,0,1,0,0,0,0,0,0,0,0,3,0,0,0,0,0,0,0,1,6,0,0,1,0,0,0,1,0,0,0,46,0,0,0,0,0,0,0,0,0,0,0,0
"D",5,45,1,2,2,37,24,3,172,3,0,0,99,29,29,3,15,0,5,0,0,0,0,0,24,0,12,1,22,0,0,1,2,0,10,1,0,0,1,0,0,0,0,0,0,0,0,0,1,0,0,0,0,0,0,0,1,21,3,0,1,0,5,0,4,0,0,0,0,1,1,0,0,0,0,0,0,0,0,0,0
"E",1,11,0,0,0,200,9,0,196,0,0,0,25,48,8,1,12,0,39,0,0,0,0,9,12,0,4,0,11,0,0,0,0,0,0,0,0,0,1,0,0,0,0,0,0,0,0,0,0,1,1,0,0,0,0,0,0,0,0,0,0,0,1,0,7,0,0,0,0,0,0,8,1,0,0,0,0,0,0,0,0
"E",2,12,0,0,1,150,1,0,206,3,0,0,88,69,5,2,12,0,0,0,0,0,0,0,0,0,34,0,2,0,0,0,0,0,0,0,0,0,0,0,0,0,0,0,0,0,0,0,0,0,0,0,0,0,0,0,0,0,1,0,2,0,1,0,0,0,0,0,0,0,0,30,4,2,0,0,0,0,0,0,0
"E",3,18,0,0,0,104,7,0,186,0,0,0,54,31,14,4,23,0,8,0,0,0,0,0,2,0,17,0,13,0,0,0,0,0,1,0,0,0,0,0,0,0,0,0,0,0,0,0,0,0,1,0,0,0,0,0,0,0,0,0,1,0,7,0,0,0,0,0,0,0,0,0,20,2,1,18,0,0,0,0,0
"E",4,13,0,0,0,96,2,0,215,0,0,0,66,35,20,8,9,0,17,0,0,0,0,0,14,0,13,0,10,0,0,0,1,0,3,2,0,0,0,0,0,0,0,0,0,0,0,2,0,0,3,0,0,0,0,0,0,0,0,0,0,0,3,0,1,0,0,0,0,0,0,0,14,0,0,4,0,0,0,0,0
"E",5,12,1,0,1,280,40,0,205,1,0,0,57,59,4,4,9,0,15,0,0,0,0,14,23,3,44,0,20,0,0,0,0,0,1,7,0,0,0,1,0,0,0,0,0,0,0,0,0,3,0,0,0,0,1,0,0,0,0,0,3,0,0,0,1,0,0,0,0,0,0,0,0,0,0,4,0,0,0,0,0
"F",1,5,0,2,1,49,39,16,46,0,0,0,19,1,5,8,1,0,3,0,0,0,1,38,4,1,67,0,13,1,0,0,5,0,2,2,0,1,0,0,0,0,0,0,0,0,0,0,0,1,3,0,0,0,43,0,0,7,0,0,0,0,0,0,3,0,0,9,0,0,0,0,0,0,0,0,7,1,0,0,0
"F",2,10,0,1,0,33,0,0,101,0,0,0,13,0,5,5,0,2,1,0,0,0,0,6,5,0,103,0,3,1,0,1,1,0,0,0,0,6,0,0,0,0,0,0,0,0,0,0,0,3,10,0,0,13,0,0,0,6,1,0,0,0,3,0,0,0,0,0,8,0,0,0,0,0,0,0,0,0,1,2,0
"F",3,0,0,0,0,4,0,0,148,0,0,1,1,0,3,0,0,1,0,0,0,0,0,4,0,0,316,0,1,0,0,1,0,0,0,0,1,0,0,0,0,0,0,0,2,0,0,0,0,4,0,0,1,1,0,0,0,0,0,0,0,0,0,0,0,0,1,1,24,0,0,0,0,0,0,0,0,0,0,0,1
"F",4,7,0,0,0,1,0,0,131,0,0,3,12,0,5,7,0,1,0,0,0,0,0,4,0,1,286,0,4,0,0,3,1,0,0,0,0,0,0,0,0,0,0,0,0,0,0,0,0,0,1,0,0,4,0,0,0,0,0,0,0,0,0,0,0,0,0,0,8,0,0,0,0,0,0,0,0,0,4,0,0
"F",5,1,0,0,0,2,0,0,104,0,0,1,1,0,19,0,3,1,1,0,0,0,0,13,0,26,98,0,2,2,0,3,0,0,0,0,1,0,0,0,0,0,0,0,1,0,0,0,0,5,0,0,1,0,0,0,0,0,0,0,0,0,0,0,0,0,5,0,2,0,0,0,0,0,0,0,0,0,4,0,0
