ID,latitude,longitude,elevation,date,h_acc,v_acc
SAP1Z1CR1,-19.68069178,29.31361365,1344.954,10/02/2026,,
SAP1Z1CR4,-19.68070079,29.31342051,1344.844,10/02/2026,,
SAP1Z1Q1,-19.68072112,29.31356948,1344.825,10/02/2026,,
SAP1Z1Q2,-19.68090458,29.31353111,1345.613,10/02/2026,,
SAP1Z1Q3,-19.68092887,29.31338086,1345.701,10/02/2026,,
SAP1Z1Q4,-19.68073266,29.31344774,1344.977,10/02/2026,,
SAP1Z1Q5,-19.68083891,29.31349826,1345.353,10/02/2026,,
SAP1Z2CR4,-19.68069212,29.3132347,1345.213,10/02/2026,,
SAP1Z2Q1,-19.68072882,29.31337884,1344.952,10/02/2026,,
SAP1Z2Q2,-19.6809278,29.31330086,1345.842,10/02/2026,,
SAP1Z2Q3,-19.68093172,29.31320895,1346.1,10/02/2026,,
SAP1Z2Q4,-19.68073623,29.31325787,1345.299,10/02/2026,,
SAP1Z2Q5,-19.68082232,29.31327985,1345.286,10/02/2026,,
SAP1Z3CR1,-19.68096147,29.31355606,1345.877,10/02/2026,,
SAP1Z3CR2,-19.68122832,29.31347876,1346.193,10/02/2026,,
SAP1Z3CR3,-19.6812377,29.31330365,1347.933,10/02/2026,,
SAP1Z3Q1,-19.68100463,29.3135222,1345.747,10/02/2026,,
SAP1Z3Q2,-19.68121444,29.31343672,1346.978,10/02/2026,,
SAP1Z3Q3,-19.68120685,29.31333487,1347.631,10/02/2026,,
SAP1Z3Q4,-19.68099135,29.31337392,1346.057,10/02/2026,,
SAP1Z3Q5,-19.68109119,29.31338198,1346.339,10/02/2026,,
SAP1Z4CR3,-19.68095822,29.31317051,1346.935,10/02/2026,,
SAP1Z4CR4,-19.68122225,29.31311554,1348.874,10/02/2026,,
SAP1Z4Q1,-19.68098918,29.31331618,1346.327,10/02/2026,,
SAP1Z4Q2,-19.68120323,29.31326592,1347.789,10/02/2026,,
SAP1Z4Q3,-19.68119961,29.31316208,1348.594,10/02/2026,,
SAP1Z4Q4,-19.68098862,29.31320014,1346.677,10/02/2026,,
SAP1Z4Q5,-19.68108017,29.31322122,1346.925,10/02/2026,,
SAP1ZCENTER,-19.68096168,29.31334606,1346.172,10/02/2026,,
SAP2Z1CR1,-19.68074173,29.31419703,1346.969,10/02/2026,,
SAP2Z1CR2,-19.68101005,29.31414505,1346.948,10/02/2026,,
SAP2Z1Q1,-19.68077149,29.31416082,1346.922,10/02/2026,,
SAP2Z1Q2,-19.68096302,29.31411861,1346.971,10/02/2026,,
SAP2Z1Q3,-19.68095877,29.31397552,1346.632,10/02/2026,,
SAP2Z1Q4,-19.6807556,29.31404732,1347.105,10/02/2026,,
SAP2Z1Q5,-19.68088154,29.31406281,1346.748,10/02/2026,,
SAP2Z2CR1,-19.6807212,29.31400539,1346.736,10/02/2026,,
SAP2Z2CR4,-19.68070757,29.31381413,1345.783,10/02/2026,,
SAP2Z2Q1,-19.68075207,29.31396754,1346.513,10/02/2026,,
SAP2Z2Q2,-19.68095866,29.31390255,1346.631,10/02/2026,,
SAP2Z2Q3,-19.68094231,29.31378806,1346.249,10/02/2026,,
SAP2Z2Q4,-19.680742,29.31385184,1346.01,10/02/2026,,
SAP2Z2Q5,-19.68085064,29.31388447,1346.573,10/02/2026,,
SAP2Z3CR2,-19.68128654,29.31410886,1347.319,10/02/2026,,
SAP2Z3CR4,-19.68126003,29.31391668,1346.751,10/02/2026,,
SAP2Z3Q1,-19.68103777,29.31411415,1347.086,10/02/2026,,
SAP2Z3Q2,-19.6812571,29.31406682,1347.119,10/02/2026,,
SAP2Z3Q3,-19.68123115,29.31396324,1346.881,10/02/2026,,
SAP2Z3Q4,-19.6810294,29.31397734,1346.913,10/02/2026,,
SAP2Z3Q5,-19.68112235,29.31401499,1347.083,10/02/2026,,
SAP2Z4CR3,-19.68125492,29.31372239,1346.033,10/02/2026,,
SAP2Z4CR4,-19.6809775,29.31374797,1345.935,10/02/2026,,
SAP2Z4Q1,-19.68102409,29.31390328,1346.565,10/02/2026,,
SAP2Z4Q2,-19.6812352,29.31388432,1346.691,10/02/2026,,
SAP2Z4Q3,-19.68122771,29.31376508,1346.219,10/02/2026,,
SAP2Z4Q4,-19.68101228,29.31378225,1346.186,10/02/2026,,
SAP2Z4Q5,-19.68110387,29.31383633,1346.532,10/02/2026,,
SAP2ZCENTER,-19.68098923,29.31394217,1346.476,10/02/2026,,
SAP3Z1CR1,-19.68152407,29.31365541,1346.94,10/02/2026,,
SAP3Z1CR4,-19.68179211,29.3136075,1348.105,10/02/2026,,
SAP3Z1Q1,-19.68156244,29.31368321,1346.875,10/02/2026,,
SAP3Z1Q2,-19.68155083,29.31378501,1346.815,10/02/2026,,
SAP3Z1Q3,-19.68176211,29.31376043,1347.739,10/02/2026,,
SAP3Z1Q4,-19.68176152,29.31363876,1348.018,10/02/2026,,
SAP3Z1Q5,-19.68165219,29.31375355,1347.356,10/02/2026,,
SAP3Z2CR3,-19.68206288,29.31355507,1349.458,10/02/2026,,
SAP3Z2Q1,-19.68181949,29.31364352,1348.166,10/02/2026,,
SAP3Z2Q2,-19.68182936,29.31375253,1348.094,10/02/2026,,
SAP3Z2Q3,-19.6820383,29.31374127,1348.761,10/02/2026,,
SAP3Z2Q4,-19.6820413,29.31359973,1349.192,10/02/2026,,
SAP3Z2Q5,-19.6819407,29.3136688,1348.703,10/02/2026,,
SAP3Z3CR1,-19.68153861,29.31384101,1346.56,10/02/2026,,
SAP3Z3CR2,-19.68154516,29.31404653,1347.128,10/02/2026,,
SAP3Z3Q1,-19.68156883,29.31387321,1346.734,10/02/2026,,
SAP3Z3Q2,-19.68157653,29.31400394,1346.15,10/02/2026,,
SAP3Z3Q3,-19.68177475,29.3139771,1347.543,10/02/2026,,
SAP3Z3Q4,-19.68176614,29.31381919,1347.731,10/02/2026,,
SAP3Z3Q5,-19.68169019,29.31387947,1346.227,10/02/2026,,
SAP3Z4CR2,-19.68181796,29.31399527,1347.478,10/02/2026,,
SAP3Z4CR3,-19.68208806,29.31393947,1348.11,10/02/2026,,
SAP3Z4CR4,-19.68208701,29.31375316,1348.872,10/02/2026,,
SAP3Z4Q1,-19.68182807,29.31381711,1347.828,10/02/2026,,
SAP3Z4Q2,-19.6818601,29.31396056,1347.804,10/02/2026,,
SAP3Z4Q3,-19.68205754,29.31390403,1348.062,10/02/2026,,
SAP3Z4Q4,-19.68206191,29.31379583,1348.595,10/02/2026,,
SAP3Z4Q5,-19.68195829,29.31384913,1348.158,10/02/2026,,
SAP3ZCENTER,-19.68180634,29.31378833,1347.868,10/02/2026,,
SAP4Z1CR1,-19.68151742,29.31300611,1348.79,10/02/2026,,
SAP4Z1CR2,-19.68153824,29.31317416,1347.759,10/02/2026,,
SAP4Z1CR3,-19.68179113,29.31301613,1350.198,10/02/2026,,
SAP4Z1Q1,-19.68154414,29.31304174,1348.611,10/02/2026,,
SAP4Z1Q2,-19.68156512,29.31312612,1348.04,10/02/2026,,
SAP4Z1Q3,-19.68181127,29.31317016,1349.92,10/02/2026,,
SAP4Z1Q4,-19.68176592,29.31306042,1349.52,10/02/2026,,
SAP4Z1Q5,-19.68166147,29.31307494,1349.111,10/02/2026,,
SAP4Z2CR4,-19.6820504,29.31301736,1350.586,10/02/2026,,
SAP4Z2Q1,-19.68183065,29.31304946,1350.074,10/02/2026,,
SAP4Z2Q2,-19.68186906,29.31316717,1349.961,10/02/2026,,
SAP4Z2Q3,-19.68201358,29.31317246,1350.547,10/02/2026,,
SAP4Z2Q4,-19.68202082,29.31306193,1350.323,10/02/2026,,
SAP4Z2Q5,-19.68194321,29.31311675,1350.105,10/02/2026,,
SAP4Z3CR2,-19.6815504,29.31337843,1347.06,10/02/2026,,
SAP4Z3CR3,-19.68182762,29.31337745,1349.099,10/02/2026,,
SAP4Z3Q1,-19.68157441,29.31320476,1347.824,10/02/2026,,
SAP4Z3Q2,-19.68159051,29.31334973,1347.43,10/02/2026,,
SAP4Z3Q3,-19.68179922,29.31333731,1349.221,10/02/2026,,
SAP4Z3Q4,-19.68182345,29.31324485,1349.545,10/02/2026,,
SAP4Z3Q5,-19.68165744,29.31327197,1348.688,10/02/2026,,
SAP4Z4CR3,-19.68207905,29.31335789,1350.464,10/02/2026,,
SAP4Z4CR4,-19.68206503,29.31319619,1350.541,10/02/2026,,
SAP4Z4Q1,-19.68189408,29.31323355,1350.144,10/02/2026,,
SAP4Z4Q2,-19.68185691,29.31332918,1349.321,10/02/2026,,
SAP4Z4Q3,-19.68203965,29.31333059,1349.929,10/02/2026,,
SAP4Z4Q4,-19.68202855,29.31323345,1350.323,10/02/2026,,
SAP4Z4Q5,-19.68196162,29.31329474,1350.364,10/02/2026,,
SAP4ZCENTER,-19.68183702,29.31320503,1350.119,10/02/2026,,
SAP5Z1CR1,-19.68206141,29.31432857,1349.119,10/02/2026,,
SAP5Z1CR2,-19.68207109,29.31452135,1349.326,10/02/2026,,
SAP5Z1CR4,-19.68232974,29.31430268,1349.108,10/02/2026,,
SAP5Z1Q1,-19.68209387,29.31435296,1349.129,10/02/2026,,
SAP5Z1Q2,-19.68210242,29.31448788,1349.387,10/02/2026,,
SAP5Z1Q3,-19.68231595,29.31448606,1349.726,10/02/2026,,
SAP5Z1Q4,-19.68230333,29.31434735,1349.289,10/02/2026,,
SAP5Z1Q5,-19.68220364,29.31441797,1349.269,10/02/2026,,
SAP5Z2CR4,-19.68260071,29.31426003,1349.11,10/02/2026,,
SAP5Z2Q1,-19.68237612,29.31431968,1348.873,10/02/2026,,
SAP5Z2Q2,-19.68237698,29.31447374,1349.595,10/02/2026,,
SAP5Z2Q3,-19.68259957,29.31447686,1349.752,10/02/2026,,
SAP5Z2Q4,-19.68257056,29.31429683,1349.061,10/02/2026,,
SAP5Z2Q5,-19.6824844,29.31437382,1349.16,10/02/2026,,
SAP5Z3CR2,-19.6820913,29.31474729,1351.991,10/02/2026,,
SAP5Z3Q1,-19.68210307,29.31455322,1349.531,10/02/2026,,
SAP5Z3Q2,-19.68211559,29.3147136,1351.292,10/02/2026,,
SAP5Z3Q3,-19.68232555,29.31467832,1350.398,10/02/2026,,
SAP5Z3Q4,-19.6823173,29.31454041,1349.806,10/02/2026,,
SAP5Z3Q5,-19.68217837,29.31460747,1349.883,10/02/2026,,
SAP5Z4CR2,-19.68236717,29.31471264,1350.892,10/02/2026,,
SAP5Z4CR3,-19.68265514,29.31471182,1350.612,10/02/2026,,
SAP5Z4CR4,-19.68262385,29.31451828,1350.009,10/02/2026,,
SAP5Z4Q1,-19.68237476,29.31455061,1349.819,10/02/2026,,
SAP5Z4Q2,-19.68239358,29.31467439,1350.359,10/02/2026,,
SAP5Z4Q3,-19.68262333,29.31467819,1350.423,10/02/2026,,
SAP5Z4Q4,-19.68259563,29.31455437,1349.902,10/02/2026,,
SAP5Z4Q5,-19.68250557,29.31461042,1350.079,10/02/2026,,
SAP5ZCENTER,-19.68234291,29.31450814,1349.801,10/02/2026,,
SBP1Z1CR1,-19.7127241,29.32336496,1348.812,28/01/2026,,
SBP1Z1Q1,-19.71273782,29.32333166,1348.503,28/01/2026,,
SBP1Z1Q2,-19.71284294,29.32325766,1348.867,28/01/2026,,
SBP1Z1Q3,-19.71271778,29.32304891,1348.649,28/01/2026,,
SBP1Z1Q4,-19.71261641,29.32311058,1348.977,28/01/2026,,
SBP1Z1Q5,-19.712742,29.32317188,1349.063,28/01/2026,,
SBP1Z2CR1,-19.71258321,29.32311823,1349.084,28/01/2026,,
SBP1Z2CR3,-19.71245864,29.32285563,1349.49,28/01/2026,,
SBP1Z2CR4,-19.71259959,29.32274104,1347.937,28/01/2026,,
SBP1Z2Q1,-19.71258095,29.32308103,1349.011,28/01/2026,,
SBP1Z2Q2,-19.71268175,29.32300524,1348.68,28/01/2026,,
SBP1Z2Q3,-19.71249685,29.32285835,1349.248,28/01/2026,,
SBP1Z2Q4,-19.71259593,29.32277184,1348.791,28/01/2026,,
SBP1Z2Q5,-19.7125656,29.32287923,1349.041,28/01/2026,,
SBP1Z3CR1,-19.71286903,29.32326013,1347.495,28/01/2026,,
SBP1Z3CR2,-19.71302647,29.32314528,1347.996,28/01/2026,,
SBP1Z3CR3,-19.7128836,29.32289178,1348.061,28/01/2026,,
SBP1Z3Q1,-19.71288443,29.32322091,1348.514,28/01/2026,,
SBP1Z3Q2,-19.71298764,29.32313976,1348.258,28/01/2026,,
SBP1Z3Q3,-19.71287136,29.32293223,1348.276,28/01/2026,,
SBP1Z3Q4,-19.7127682,29.32302036,1348.811,28/01/2026,,
SBP1Z3Q5,-19.71286086,29.32308712,1348.493,28/01/2026,,
SBP1Z4CR3,-19.71274504,29.32262346,1348.564,28/01/2026,,
SBP1Z4Q1,-19.71272758,29.32295134,1348.527,28/01/2026,,
SBP1Z4Q2,-19.71283547,29.32289068,1346.873,28/01/2026,,
SBP1Z4Q3,-19.71274391,29.32267385,1348.274,28/01/2026,,
SBP1Z4Q4,-19.71264172,29.32275125,1348.589,28/01/2026,,
SBP1Z4Q5,-19.71273359,29.32280998,1348.623,28/01/2026,,
SBP1ZCENTER,-19.71272932,29.32300311,1348.604,28/01/2026,,
SBP2Z1CR1,-19.71221768,29.32258268,1349.444,28/01/2026,,
SBP2Z1Q1,-19.712215,29.32254257,1349.454,28/01/2026,,
SBP2Z1Q2,-19.7123153,29.32246449,1349.383,28/01/2026,,
SBP2Z1Q3,-19.71218727,29.32227049,1349.506,28/01/2026,,
SBP2Z1Q4,-19.71209417,29.3223619,1349.685,28/01/2026,,
SBP2Z1Q5,-19.71220777,29.32241065,1349.52,28/01/2026,,
SBP2Z2CR1,-19.71205607,29.32235135,1349.557,28/01/2026,,
SBP2Z2CR3,-19.71203761,29.32202474,1350.928,28/01/2026,,
SBP2Z2CR4,-19.71187722,29.32212233,1349.818,28/01/2026,,
SBP2Z2Q1,-19.71206674,29.32228968,1352.11,28/01/2026,,
SBP2Z2Q2,-19.7121553,29.32219994,1351.862,28/01/2026,,
SBP2Z2Q3,-19.7120246,29.32206897,1350.538,28/01/2026,,
SBP2Z2Q4,-19.71194011,29.32212867,1350.688,16/06/2025,,
SBP2Z2Q5,-19.71202856,29.32216454,1350.363,16/06/2025,,
SBP2Z3CR1,-19.712355,29.32246633,1350.108,16/06/2025,,
SBP2Z3CR2,-19.71250412,29.32234541,1348.297,16/06/2025,,
SBP2Z3CR3,-19.71234795,29.32211874,1348.73,16/06/2025,,
SBP2Z3Q1,-19.71236414,29.32242117,1349.122,16/06/2025,,
SBP2Z3Q2,-19.71247144,29.3223625,1348.962,16/06/2025,,
SBP2Z3Q3,-19.71234378,29.32216975,1349.21,29/01/2026,,
SBP2Z3Q4,-19.71223668,29.3222488,1349.498,29/01/2026,,
SBP2Z3Q5,-19.71237888,29.32230546,1349.163,29/01/2026,,
SBP2Z4CR3,-19.71218721,29.32188968,1349.609,29/01/2026,,
SBP2Z4Q1,-19.71219866,29.32217969,1350.642,29/01/2026,,
SBP2Z4Q2,-19.71230368,29.32211782,1350.048,29/01/2026,,
SBP2Z4Q3,-19.71217555,29.32196336,1349.648,29/01/2026,,
SBP2Z4Q4,-19.71207892,29.32202305,1350.742,29/01/2026,,
SBP2Z4Q5,-19.71217121,29.32205721,1349.97,29/01/2026,,
SBP2ZCENTER,-19.71218925,29.32222239,1349.58,29/01/2026,,
SBP3Z1CR1,-19.71318992,29.32201009,1346.842,29/01/2026,,
SBP3Z1CR2,-19.71304412,29.32175641,1346.867,29/01/2026,,
SBP3Z1CR4,-19.71303782,29.32210828,1347.874,29/01/2026,,
SBP3Z1Q1,-19.71315032,29.32200575,1347.03,29/01/2026,,
SBP3Z1Q2,-19.71302589,29.32180052,1347.307,29/01/2026,,
SBP3Z1Q3,-19.71293109,29.32187374,1347.767,29/01/2026,,
SBP3Z1Q4,-19.71303888,29.32205374,1347.539,29/01/2026,,
SBP3Z1Q5,-19.71304399,29.32192672,1347.103,29/01/2026,,
SBP3Z2CR3,-19.71272572,29.32195994,1348.251,29/01/2026,,
SBP3Z2CR4,-19.71285221,29.32219646,1348.612,29/01/2026,,
SBP3Z2Q1,-19.71298229,29.32208122,1347.809,29/01/2026,,
SBP3Z2Q2,-19.71288649,29.32190712,1347.899,29/01/2026,,
SBP3Z2Q3,-19.71276759,29.32196505,1348.2,29/01/2026,,
SBP3Z2Q4,-19.71287973,29.32215326,1348.263,29/01/2026,,
SBP3Z2Q5,-19.71287228,29.32203838,1348.086,29/01/2026,,
SBP3Z3CR2,-19.71289218,29.32150976,1347.938,29/01/2026,,
SBP3Z3CR3,-19.7127348,29.32161355,1348.141,29/01/2026,,
SBP3Z3Q1,-19.71299238,29.32175411,1347.3,29/01/2026,,
SBP3Z3Q2,-19.71287785,29.32155935,1348.089,29/01/2026,,
SBP3Z3Q3,-19.71277114,29.32162368,1347.863,29/01/2026,,
SBP3Z3Q4,-19.71289934,29.32183036,1347.555,29/01/2026,,
SBP3Z3Q5,-19.71289303,29.32169168,1347.889,29/01/2026,,
SBP3Z4CR3,-19.71258792,29.32170093,1348.16,29/01/2026,,
SBP3Z4Q1,-19.71284151,29.32186982,1347.578,29/01/2026,,
SBP3Z4Q2,-19.71272473,29.32165836,1348.019,29/01/2026,,
SBP3Z4Q3,-19.71263274,29.32170087,1348.086,29/01/2026,,
SBP3Z4Q4,-19.71275105,29.32192325,1347.901,29/01/2026,,
SBP3Z4Q5,-19.71273896,29.32179154,1347.836,29/01/2026,,
SBP3ZCENTER,-19.71288108,29.32185647,1347.243,29/01/2026,,
SBP4Z1CR1,-19.71281151,29.32115298,1347.183,29/01/2026,,
SBP4Z1CR2,-19.71275978,29.32085933,1347.612,29/01/2026,,
SBP4Z1CR4,-19.71266336,29.32122864,1350.225,29/01/2026,,
SBP4Z1Q1,-19.71277181,29.32114659,1348.162,29/01/2026,,
SBP4Z1Q2,-19.71273889,29.32088868,1348.496,29/01/2026,,
SBP4Z1Q3,-19.71262895,29.32096092,1348.719,29/01/2026,,
SBP4Z1Q4,-19.71266615,29.32118404,1348.252,29/01/2026,,
SBP4Z1Q5,-19.7127237,29.32103662,1348.398,29/01/2026,,
SBP4Z2CR3,-19.71243368,29.32101026,1347.932,29/01/2026,,
SBP4Z2CR4,-19.7124705,29.32131176,1348.918,29/01/2026,,
SBP4Z2Q1,-19.71260252,29.32119584,1348.013,29/01/2026,,
SBP4Z2Q2,-19.7125718,29.32099588,1348.842,29/01/2026,,
SBP4Z2Q3,-19.71247419,29.32103099,1349.172,29/01/2026,,
SBP4Z2Q4,-19.71248569,29.32126197,1348.494,29/01/2026,,
SBP4Z2Q5,-19.71255043,29.32112614,1348.995,29/01/2026,,
SBP4Z3CR2,-19.71273181,29.32061718,1347.858,29/01/2026,,
SBP4Z3CR3,-19.71253493,29.32063405,1348.348,29/01/2026,,
SBP4Z3Q1,-19.71271336,29.3208308,1348.987,29/01/2026,,
SBP4Z3Q2,-19.71272193,29.32065589,1348.966,29/01/2026,,
SBP4Z3Q3,-19.71257479,29.32065592,1349.267,29/01/2026,,
SBP4Z3Q4,-19.71262606,29.32090443,1349.164,29/01/2026,,
SBP4Z3Q5,-19.71264968,29.3207564,1348.86,29/01/2026,,
SBP4Z4CR3,-19.71238015,29.3207396,1350.18,29/01/2026,,
SBP4Z4Q1,-19.71254418,29.32092786,1349.389,29/01/2026,,
SBP4Z4Q2,-19.71252304,29.3206751,1349.331,29/01/2026,,
SBP4Z4Q3,-19.71242205,29.32074386,1349.514,29/01/2026,,
SBP4Z4Q4,-19.7124749,29.32098735,1349.567,29/01/2026,,
SBP4Z4Q5,-19.71249861,29.32085231,1349.34,29/01/2026,,
SBP4ZCENTER,-19.71259,29.32094084,1347.79,29/01/2026,,
SBP5Z1CR1,-19.71315803,29.32086426,1346.339,29/01/2026,,
SBP5Z1CR2,-19.71333745,29.32080467,1346.761,29/01/2026,,
SBP5Z1CR4,-19.71308745,29.32058408,1347.459,29/01/2026,,
SBP5Z1Q1,-19.71317273,29.32081815,1347.438,29/01/2026,,
SBP5Z1Q2,-19.7132894,29.32078739,1347.579,29/01/2026,,
SBP5Z1Q3,-19.71324331,29.32053223,1347.614,29/01/2026,,
SBP5Z1Q4,-19.71312778,29.32059841,1347.833,29/01/2026,,
SBP5Z1Q5,-19.71323219,29.32069549,1347.365,29/01/2026,,
SBP5Z2CR3,-19.71317923,29.32020922,1346.551,29/01/2026,,
SBP5Z2CR4,-19.71301167,29.32030162,1347.049,29/01/2026,,
SBP5Z2Q1,-19.71310786,29.32054434,1347.589,29/01/2026,,
SBP5Z2Q2,-19.71321312,29.32047585,1347.467,29/01/2026,,
SBP5Z2Q3,-19.71317559,29.32025193,1347.11,29/01/2026,,
SBP5Z2Q4,-19.71305483,29.32030877,1348.187,29/01/2026,,
SBP5Z2Q5,-19.71313622,29.32038026,1347.805,29/01/2026,,
SBP5Z3CR2,-19.71350733,29.32071914,1346.582,29/01/2026,,
SBP5Z3CR3,-19.71341789,29.32042009,1347.082,29/01/2026,,
SBP5Z3Q1,-19.71334233,29.3207407,1347.039,29/01/2026,,
SBP5Z3Q2,-19.71345607,29.32068347,1346.751,29/01/2026,,
SBP5Z3Q3,-19.71339961,29.32047045,1347.132,29/01/2026,,
SBP5Z3Q4,-19.71329644,29.32051576,1347.025,29/01/2026,,
SBP5Z3Q5,-19.7133828,29.32059111,1346.613,29/01/2026,,
SBP5Z4CR3,-19.71334536,29.32012944,1346.407,29/01/2026,,
SBP5Z4Q1,-19.7132709,29.32044955,1347.227,29/01/2026,,
SBP5Z4Q2,-19.71337576,29.32041105,1346.744,29/01/2026,,
SBP5Z4Q3,-19.71333859,29.32016396,1346.851,29/01/2026,,
SBP5Z4Q4,-19.71322507,29.32023127,1346.961,29/01/2026,,
SBP5Z4Q5,-19.71331423,29.32029304,1347.062,29/01/2026,,
SBP5ZCENTER,-19.71325218,29.32050523,1347.733,29/01/2026,,
SCP1Z1CR1,-19.66210065,29.33219575,1323.332,09/03/2026,,
SCP1Z1CR2,-19.66220027,29.33194203,1323.177,09/03/2026,,
SCP1Z1CR4,-19.66203357,29.33188113,1323.964,09/03/2026,,
SCP1Z1Q1,-19.66210741,29.33216864,1325.76,09/03/2026,,
SCP1Z1Q2,-19.66216253,29.33196224,1322.972,09/03/2026,,
SCP1Z1Q3,-19.66206467,29.33192162,1325.142,09/03/2026,,
SCP1Z1Q4,-19.66197036,29.33211389,1323.872,09/03/2026,,
SCP1Z1Q5,-19.66205146,29.33203721,1323.826,09/03/2026,,
SCP1Z2CR3,-19.66187612,29.33179826,1326.348,09/03/2026,,
SCP1Z2CR4,-19.66175965,29.33207461,1324.035,09/03/2026,,
SCP1Z2Q1,-19.66190699,29.33210672,1324.102,09/03/2026,,
SCP1Z2Q2,-19.66200617,29.33190162,1324.602,09/03/2026,,
SCP1Z2Q3,-19.66190284,29.33184168,1323.425,09/03/2026,,
SCP1Z2Q4,-19.66181353,29.33204528,1325.264,09/03/2026,,
SCP1Z2Q5,-19.66189515,29.33196945,1323.088,09/03/2026,,
SCP1Z3CR1,-19.66203768,29.33248629,1322.824,09/03/2026,,
SCP1Z3CR2,-19.66186344,29.33241848,1322.112,09/03/2026,,
SCP1Z3Q1,-19.66202274,29.33245353,1321.419,09/03/2026,,
SCP1Z3Q2,-19.6620607,29.33222255,1324.612,09/03/2026,,
SCP1Z3Q3,-19.66197083,29.33220351,1326.071,09/03/2026,,
SCP1Z3Q4,-19.66191352,29.33240173,1323.11,09/03/2026,,
SCP1Z3Q5,-19.66200957,29.33230959,1328.201,09/03/2026,,
SCP1Z4CR2,-19.66170717,29.3323485,1324.515,09/03/2026,,
SCP1Z4Q1,-19.6618354,29.33237533,1323.558,09/03/2026,,
SCP1Z4Q2,-19.66190275,29.3321612,1325.401,09/03/2026,,
SCP1Z4Q3,-19.6617782,29.33211871,1323.867,09/03/2026,,
SCP1Z4Q4,-19.66174535,29.33232745,1324.444,09/03/2026,,
SCP1Z4Q5,-19.66181618,29.33223014,1323.591,09/03/2026,,
SCP1ZCENTER,-19.66193777,29.3321509,1323.618,09/03/2026,,
SCP2Z1CR1,-19.66220625,29.33281633,1329.324,09/03/2026,,
SCP2Z1CR2,-19.66239122,29.33283507,1322.308,09/03/2026,,
SCP2Z1Q1,-19.66223553,29.33279259,1329.187,09/03/2026,,
SCP2Z1Q2,-19.66234948,29.33281416,1325.756,09/03/2026,,
SCP2Z1Q3,-19.66239096,29.33259869,1326.348,09/03/2026,,
SCP2Z1Q4,-19.66227614,29.33258378,1326.538,09/03/2026,,
SCP2Z1Q5,-19.66230549,29.33267725,1327.199,09/03/2026,,
SCP2Z2CR1,-19.66224167,29.33254635,1328.03,09/03/2026,,
SCP2Z2CR4,-19.66228601,29.33228892,1321.945,09/03/2026,,
SCP2Z2Q1,-19.6622862,29.33253718,1323.849,09/03/2026,,
SCP2Z2Q2,-19.66239211,29.33254259,1322.874,09/03/2026,,
SCP2Z2Q3,-19.66244472,29.33231474,1324.185,09/03/2026,,
SCP2Z2Q4,-19.66231534,29.33231332,1322.823,11/03/2026,,
SCP2Z2Q5,-19.66236199,29.33241683,1324.023,09/03/2026,,
SCP2Z3CR2,-19.66260194,29.33257955,1325.5,09/03/2026,,
SCP2Z3CR3,-19.66256068,29.3328584,1324.817,09/03/2026,,
SCP2Z3Q1,-19.66238927,29.33280939,1325.551,09/03/2026,,
SCP2Z3Q2,-19.66258009,29.33262362,1327.441,09/03/2026,,
SCP2Z3Q3,-19.66253619,29.33281618,1325.209,09/03/2026,,
SCP2Z3Q4,-19.66244691,29.33259907,1326.853,09/03/2026,,
SCP2Z3Q5,-19.66248214,29.33272558,1326.351,09/03/2026,,
SCP2Z4CR3,-19.66263725,29.33230759,1324.219,09/03/2026,,
SCP2Z4CR4,-19.66247652,29.33226962,1321.899,09/03/2026,,
SCP2Z4Q1,-19.6624483,29.33254899,1325.32,09/03/2026,,
SCP2Z4Q2,-19.66257402,29.33254448,1325.17,09/03/2026,,
SCP2Z4Q3,-19.66259619,29.33233501,1323.946,09/03/2026,,
SCP2Z4Q4,-19.66250745,29.33233248,1325.961,09/03/2026,,
SCP2Z4Q5,-19.6625074,29.33246932,1325.543,09/03/2026,,
SCP2ZCENTER,-19.66241442,29.33257445,1323.969,09/03/2026,,
SCP3Z1CR1,-19.66215945,29.33131942,1323.572,09/03/2026,,
SCP3Z1CR4,-19.66209774,29.33158902,1323.206,11/03/2026,,
SCP3Z1Q1,-19.6621242,29.33134751,1323.592,11/03/2026,,
SCP3Z1Q2,-19.66200381,29.33131843,1323.302,11/03/2026,,
SCP3Z1Q3,-19.66196829,29.33153882,1321.637,11/03/2026,,
SCP3Z1Q4,-19.66207849,29.3315572,1322.572,11/03/2026,,
SCP3Z1Q5,-19.66202051,29.33140314,1324.308,11/03/2026,,
SCP3Z2CR3,-19.66173957,29.33151733,1324.643,11/03/2026,,
SCP3Z2CR4,-19.66192972,29.33156019,1321.288,11/03/2026,,
SCP3Z2Q1,-19.66194488,29.33130117,1323.07,11/03/2026,,
SCP3Z2Q2,-19.66182718,29.3312866,1322.806,11/03/2026,,
SCP3Z2Q3,-19.66177077,29.33149351,1324.238,11/03/2026,,
SCP3Z2Q4,-19.66189117,29.3315151,1325.686,11/03/2026,,
SCP3Z2Q5,-19.66186326,29.33137654,1323.489,11/03/2026,,
SCP3Z3CR1,-19.66222233,29.33104362,1324.153,11/03/2026,,
SCP3Z3CR2,-19.66204329,29.3310026,1323.332,11/03/2026,,
SCP3Z3Q1,-19.66219124,29.33106954,1323.812,11/03/2026,,
SCP3Z3Q2,-19.66206543,29.33103951,1323.261,11/03/2026,,
SCP3Z3Q3,-19.66201941,29.33125008,1323.246,11/03/2026,,
SCP3Z3Q4,-19.66213906,29.3312854,1323.319,11/03/2026,,
SCP3Z3Q5,-19.66210278,29.331156,1323.652,11/03/2026,,
SCP3Z4CR2,-19.66185332,29.33095763,1323.115,11/03/2026,,
SCP3Z4CR3,-19.66180481,29.33123994,1322.78,11/03/2026,,
SCP3Z4Q1,-19.66200394,29.33103339,1323.429,11/03/2026,,
SCP3Z4Q2,-19.6618871,29.33099329,1324.504,11/03/2026,,
SCP3Z4Q3,-19.66183924,29.33121657,1322.72,11/03/2026,,
SCP3Z4Q4,-19.66195921,29.33124316,1323.098,11/03/2026,,
SCP3Z4Q5,-19.6619321,29.33110985,1323.241,11/03/2026,,
SCP3ZCENTER,-19.66198388,29.33127394,1323.234,11/03/2026,,
SCP4Z1CR1,-19.66225434,29.33055741,1322.834,11/03/2026,,
SCP4Z1CR3,-19.66204999,29.33078873,1323.107,11/03/2026,,
SCP4Z1CR4,-19.66223484,29.33083856,1323.513,11/03/2026,,
SCP4Z1Q1,-19.66223394,29.33058525,1322.188,11/03/2026,,
SCP4Z1Q2,-19.66210945,29.33049994,1323.531,11/03/2026,,
SCP4Z1Q3,-19.66208404,29.33076372,1323.369,11/03/2026,,
SCP4Z1Q4,-19.66221098,29.33079956,1323.273,11/03/2026,,
SCP4Z1Q5,-19.66216076,29.33063914,1323.36,11/03/2026,,
SCP4Z2CR3,-19.66189211,29.33073058,1322.425,11/03/2026,,
SCP4Z2Q1,-19.66204117,29.33050898,1323.337,11/03/2026,,
SCP4Z2Q2,-19.66194191,29.33048253,1323.461,11/03/2026,,
SCP4Z2Q3,-19.66192438,29.33070348,1323.36,11/03/2026,,
SCP4Z2Q4,-19.66203334,29.33073676,1323.166,11/03/2026,,
SCP4Z2Q5,-19.66200481,29.33057701,1323.649,11/03/2026,,
SCP4Z3CR1,-19.66231861,29.33029707,1325.651,11/03/2026,,
SCP4Z3CR2,-19.6621415,29.33023155,1325.133,11/03/2026,,
SCP4Z3Q1,-19.6622817,29.33032399,1325.371,11/03/2026,,
SCP4Z3Q2,-19.66217124,29.33025661,1321.177,11/03/2026,,
SCP4Z3Q3,-19.66211136,29.33044267,1323.947,11/03/2026,,
SCP4Z3Q4,-19.66222421,29.33052893,1326.434,11/03/2026,,
SCP4Z3Q5,-19.6622007,29.3303948,1324.833,11/03/2026,,
SCP4Z4CR2,-19.66197046,29.33016786,1322.956,11/03/2026,,
SCP4Z4CR3,-19.66191366,29.33044289,1323.036,11/03/2026,,
SCP4Z4Q1,-19.66209388,29.33023667,1320.862,11/03/2026,,
SCP4Z4Q2,-19.66199366,29.33020652,1320.98,11/03/2026,,
SCP4Z4Q3,-19.66195144,29.33040049,1321.596,11/03/2026,,
SCP4Z4Q4,-19.66204877,29.33043745,1323.434,11/03/2026,,
SCP4Z4Q5,-19.6620106,29.33033852,1322.798,11/03/2026,,
SCP4ZCENTER,-19.66207898,29.33046317,1323.223,11/03/2026,,
SCP5Z1CR1,-19.66285674,29.33093755,1333.015,11/03/2026,,
SCP5Z1CR4,-19.66269306,29.33114373,1328.242,11/03/2026,,
SCP5Z1Q1,-19.66282593,29.33093841,1326.695,11/03/2026,,
SCP5Z1Q2,-19.66275783,29.33088096,1331.338,11/03/2026,,
SCP5Z1Q3,-19.66259106,29.33103488,1326.651,11/03/2026,,
SCP5Z1Q4,-19.66268523,29.33109633,1327.938,11/03/2026,,
SCP5Z1Q5,-19.662696,29.33094552,1326.013,11/03/2026,,
SCP5Z2CR3,-19.66238699,29.33094409,1325.9,11/03/2026,,
SCP5Z2CR4,-19.66254769,29.33104466,1326.445,11/03/2026,,
SCP5Z2Q1,-19.66272657,29.3308331,1324.32,11/03/2026,,
SCP5Z2Q2,-19.66258124,29.33077748,1325.704,11/03/2026,,
SCP5Z2Q3,-19.66243536,29.33094886,1325.97,11/03/2026,,
SCP5Z2Q4,-19.6625258,29.33100435,1326.195,11/03/2026,,
SCP5Z2Q5,-19.66260344,29.33087771,1327.524,11/03/2026,,
SCP5Z3CR1,-19.66294911,29.3306641,1328.404,11/03/2026,,
SCP5Z3Q1,-19.66291311,29.33069221,1327.5,11/03/2026,,
SCP5Z3Q2,-19.66279246,29.3305715,1326.087,11/03/2026,,
SCP5Z3Q3,-19.66278456,29.33079744,1324.756,11/03/2026,,
SCP5Z3Q4,-19.66284443,29.33088195,1327.967,11/03/2026,,
SCP5Z3Q5,-19.66284568,29.33071673,1326.225,11/03/2026,,
SCP5Z4CR1,-19.6627805,29.33053879,1326.058,11/03/2026,,
SCP5Z4CR2,-19.66261697,29.33044361,1324.1,11/03/2026,,
SCP5Z4CR3,-19.66256143,29.33072753,1323.858,11/03/2026,,
SCP5Z4Q1,-19.66274341,29.33055742,1326.267,11/03/2026,,
SCP5Z4Q2,-19.66262499,29.33050081,1329.612,11/03/2026,,
SCP5Z4Q3,-19.66260327,29.33070889,1327.211,11/03/2026,,
SCP5Z4Q4,-19.66274758,29.33079459,1326.791,11/03/2026,,
SCP5Z4Q5,-19.66269152,29.33059833,1327.048,11/03/2026,,
SCP5ZCENTER,-19.66273941,29.33080546,1325.723,11/03/2026,,
SDP1Z1CR1,-19.63962891,29.22059521,1346.557,25/02/2026,,
SDP1Z1CR2,-19.63966554,29.22041516,1345.927,25/02/2026,,
SDP1Z1CR4,-19.63936553,29.22056863,1344.797,25/02/2026,,
SDP1Z1Q1,-19.63961116,29.22056203,1346.123,25/02/2026,,
SDP1Z1Q2,-19.63963242,29.22044608,1345.617,25/02/2026,,
SDP1Z1Q3,-19.63942458,29.22038757,1348.08,25/02/2026,,
SDP1Z1Q4,-19.63938311,29.22053993,1344.233,25/02/2026,,
SDP1Z1Q5,-19.63949598,29.22047041,1343.436,25/02/2026,,
SDP1Z2CR3,-19.63911299,29.22031028,1345.102,25/02/2026,,
SDP1Z2CR4,-19.63907759,29.22050492,1344.634,25/02/2026,,
SDP1Z2Q1,-19.63932723,29.22053249,1344.62,25/02/2026,,
SDP1Z2Q2,-19.6393578,29.22038338,1347.407,25/02/2026,,
SDP1Z2Q3,-19.63910907,29.22047118,1344.828,25/02/2026,,
SDP1Z2Q4,-19.6391449,29.22035056,1345.067,25/02/2026,,
SDP1Z2Q5,-19.63924544,29.2204157,1344.882,25/02/2026,,
SDP1Z3CR2,-19.63970094,29.22023448,1342.271,25/02/2026,,
SDP1Z3Q1,-19.63963126,29.22038162,1345.697,25/02/2026,,
SDP1Z3Q2,-19.63967167,29.22025869,1343.368,25/02/2026,,
SDP1Z3Q3,-19.63946898,29.22024087,1342.589,25/02/2026,,
SDP1Z3Q4,-19.63942183,29.22033466,1346.802,25/02/2026,,
SDP1Z3Q5,-19.63955363,29.2202843,1346.349,25/02/2026,,
SDP1Z4CR2,-19.63944508,29.2202078,1342.422,25/02/2026,,
SDP1Z4CR3,-19.63912698,29.22011471,1344.84,25/02/2026,,
SDP1Z4Q1,-19.63936608,29.22032528,1346.965,25/02/2026,,
SDP1Z4Q2,-19.6393877,29.22022202,1345.014,25/02/2026,,
SDP1Z4Q3,-19.63916056,29.22015493,1344.955,25/02/2026,,
SDP1Z4Q4,-19.63915486,29.22028647,1344.986,25/02/2026,,
SDP1Z4Q5,-19.63925815,29.22025147,1344.98,25/02/2026,,
SDP1ZCENTER,-19.63939616,29.22036158,1347.643,25/02/2026,,
SDP2Z1CR1,-19.63973375,29.22133666,1345.727,25/02/2026,,
SDP2Z1CR2,-19.63972681,29.22113309,1345.376,25/02/2026,,
SDP2Z1CR4,-19.6394696,29.22140644,1343.677,25/02/2026,,
SDP2Z1Q1,-19.6397097,29.22131714,1345.546,25/02/2026,,
SDP2Z1Q2,-19.63969927,29.22117537,1344.619,25/02/2026,,
SDP2Z1Q3,-19.63949247,29.22122814,1345.587,25/02/2026,,
SDP2Z1Q4,-19.63949484,29.22138081,1344.289,25/02/2026,,
SDP2Z1Q5,-19.6396015,29.22127035,1344.967,25/02/2026,,
SDP2Z2CR3,-19.63918102,29.22126248,1343.176,25/02/2026,,
SDP2Z2CR4,-19.63918555,29.22148531,1346.009,25/02/2026,,
SDP2Z2Q1,-19.63944952,29.22139537,1344.834,25/02/2026,,
SDP2Z2Q2,-19.63942798,29.22123397,1345.025,25/02/2026,,
SDP2Z2Q3,-19.63920791,29.2212877,1345.439,25/02/2026,,
SDP2Z2Q4,-19.63921141,29.22144251,1345.426,25/02/2026,,
SDP2Z2Q5,-19.6393384,29.22135669,1344.15,25/02/2026,,
SDP2Z3CR2,-19.63969917,29.22095537,1344.528,25/02/2026,,
SDP2Z3CR3,-19.639425,29.22095148,1344.905,25/02/2026,,
SDP2Z3Q1,-19.63969606,29.22110678,1344.846,25/02/2026,,
SDP2Z3Q2,-19.63967996,29.22099539,1343.806,25/02/2026,,
SDP2Z3Q3,-19.63945731,29.22099534,1345.408,25/02/2026,,
SDP2Z3Q4,-19.63949067,29.22115092,1345.017,25/02/2026,,
SDP2Z3Q5,-19.63956859,29.2210363,1344.626,25/02/2026,,
SDP2Z4CR3,-19.63912513,29.22104915,1344.874,25/02/2026,,
SDP2Z4Q1,-19.63942832,29.221173,1345.355,25/02/2026,,
SDP2Z4Q2,-19.63940523,29.22099659,1345.216,25/02/2026,,
SDP2Z4Q3,-19.63920379,29.22107845,1345.379,25/02/2026,,
SDP2Z4Q4,-19.63922743,29.22123488,1345.552,25/02/2026,,
SDP2Z4Q5,-19.63931778,29.22114026,1344.98,25/02/2026,,
SDP2ZCENTER,-19.63945686,29.22120926,1343.296,25/02/2026,,
SDP3Z1CR1,-19.6397759,29.22213504,1350.655,25/02/2026,,
SDP3Z1CR4,-19.63949804,29.22218166,1351.153,25/02/2026,,
SDP3Z1Q1,-19.63975275,29.22209263,1349.766,25/02/2026,,
SDP3Z1Q2,-19.63975393,29.22196633,1348.622,25/02/2026,,
SDP3Z1Q3,-19.63953427,29.22203647,1345.124,25/02/2026,,
SDP3Z1Q4,-19.63953037,29.22214094,1351.96,25/02/2026,,
SDP3Z1Q5,-19.63964837,29.2220535,1349.75,25/02/2026,,
SDP3Z2CR3,-19.63919736,29.22204363,1344.785,25/02/2026,,
SDP3Z2CR4,-19.63921555,29.22223473,1349.185,25/02/2026,,
SDP3Z2Q1,-19.63947117,29.22215992,1354.107,25/02/2026,,
SDP3Z2Q2,-19.63947466,29.22204081,1345.426,25/02/2026,,
SDP3Z2Q3,-19.63922897,29.22209262,1350.35,25/02/2026,,
SDP3Z2Q4,-19.63923771,29.2222024,1349.625,25/02/2026,,
SDP3Z2Q5,-19.63935167,29.22209844,1352.94,25/02/2026,,
SDP3Z3CR1,-19.63980822,29.2219274,1349.445,25/02/2026,,
SDP3Z3CR2,-19.63978007,29.22174956,1344.24,25/02/2026,,
SDP3Z3CR3,-19.63951062,29.22180747,1345.796,25/02/2026,,
SDP3Z3Q1,-19.63975528,29.22190447,1349.142,25/02/2026,,
SDP3Z3Q2,-19.63974847,29.22179345,1345.822,25/02/2026,,
SDP3Z3Q3,-19.63954452,29.22183759,1346.031,25/02/2026,,
SDP3Z3Q4,-19.63953811,29.22196652,1345.819,25/02/2026,,
SDP3Z3Q5,-19.63962861,29.22187547,1348.575,25/02/2026,,
SDP3Z4CR3,-19.6392273,29.22186943,1344.949,25/02/2026,,
SDP3Z4Q1,-19.63947205,29.22197261,1346.101,25/02/2026,,
SDP3Z4Q2,-19.63947886,29.2218448,1345.817,25/02/2026,,
SDP3Z4Q3,-19.63925105,29.22190806,1344.711,25/02/2026,,
SDP3Z4Q4,-19.63923555,29.22201549,1350.301,25/02/2026,,
SDP3Z4Q5,-19.63934747,29.22197174,1350.759,25/02/2026,,
SDP3ZCENTER,-19.63950356,29.22199792,1345.805,25/02/2026,,
SDP4Z1CR1,-19.63993195,29.22290313,1350.004,25/02/2026,,
SDP4Z1CR4,-19.63965878,29.22297715,1349.715,25/02/2026,,
SDP4Z1Q1,-19.63990148,29.22286929,1349.856,25/02/2026,,
SDP4Z1Q2,-19.63990272,29.22275375,1352.334,25/02/2026,,
SDP4Z1Q3,-19.63965538,29.22279957,1350.165,25/02/2026,,
SDP4Z1Q4,-19.63969504,29.2229343,1350.236,25/02/2026,,
SDP4Z1Q5,-19.63979274,29.22287408,1350.035,25/02/2026,,
SDP4Z2CR3,-19.63934188,29.22284952,1348.228,25/02/2026,,
SDP4Z2CR4,-19.63935826,29.22306737,1348.691,25/02/2026,,
SDP4Z2Q1,-19.63962038,29.22295225,1350.108,25/02/2026,,
SDP4Z2Q2,-19.63961198,29.22282194,1351.394,25/02/2026,,
SDP4Z2Q3,-19.63935779,29.22287807,1347.971,25/02/2026,,
SDP4Z2Q4,-19.63938211,29.22301386,1348.517,25/02/2026,,
SDP4Z2Q5,-19.63949024,29.22289801,1348.382,25/02/2026,,
SDP4Z3CR1,-19.6399122,29.22272533,1349.491,25/02/2026,,
SDP4Z3CR2,-19.63987073,29.22252707,1353.352,25/02/2026,,
SDP4Z3CR3,-19.6395797,29.22258955,1349.122,25/02/2026,,
SDP4Z3Q1,-19.63986764,29.22271032,1349.838,25/02/2026,,
SDP4Z3Q2,-19.63984212,29.222577,1350.451,25/02/2026,,
SDP4Z3Q3,-19.63962277,29.22262449,1349.342,25/02/2026,,
SDP4Z3Q4,-19.63966584,29.22274518,1353.337,25/02/2026,,
SDP4Z3Q5,-19.63974821,29.2226263,1349.72,25/02/2026,,
SDP4Z4CR3,-19.63929987,29.2226417,1348.646,25/02/2026,,
SDP4Z4Q1,-19.6395938,29.22275241,1352.28,25/02/2026,,
SDP4Z4Q2,-19.63955149,29.22262626,1348.908,25/02/2026,,
SDP4Z4Q3,-19.63934373,29.22266728,1348.829,25/02/2026,,
SDP4Z4Q4,-19.63937502,29.22281902,1348.551,25/02/2026,,
SDP4Z4Q5,-19.6394515,29.22273731,1348.876,25/02/2026,,
SDP4ZCENTER,-19.63964401,29.22277574,1352.728,25/02/2026,,
SDP5Z1CR1,-19.63984761,29.2242043,1349.183,25/02/2026,,
SDP5Z1CR4,-19.63957889,29.22428261,1348.022,25/02/2026,,
SDP5Z1Q1,-19.63981155,29.22420333,1350.209,25/02/2026,,
SDP5Z1Q2,-19.63981234,29.22401281,1351.012,25/02/2026,,
SDP5Z1Q3,-19.63959888,29.22412467,1351.996,25/02/2026,,
SDP5Z1Q4,-19.63963348,29.22423242,1350.02,25/02/2026,,
SDP5Z1Q5,-19.63968556,29.22414239,1352.099,25/02/2026,,
SDP5Z2CR4,-19.63930415,29.2243813,1349.02,25/02/2026,,
SDP5Z2Q1,-19.63953876,29.22425956,1347.993,25/02/2026,,
SDP5Z2Q2,-19.63954663,29.22413289,1348.707,25/02/2026,,
SDP5Z2Q3,-19.63930208,29.22420807,1349.269,25/02/2026,,
SDP5Z2Q4,-19.63933042,29.22433884,1348.573,25/02/2026,,
SDP5Z2Q5,-19.63941342,29.22424048,1349.139,25/02/2026,,
SDP5Z3CR1,-19.63983015,29.22398672,1349.808,25/02/2026,,
SDP5Z3CR2,-19.63980453,29.22379719,1356.363,25/02/2026,,
SDP5Z3CR3,-19.63954501,29.22390987,1350.771,25/02/2026,,
SDP5Z3Q1,-19.63979951,29.22396288,1351.237,25/02/2026,,
SDP5Z3Q2,-19.63978268,29.22383219,1354.39,25/02/2026,,
SDP5Z3Q3,-19.63955026,29.22393138,1349.797,25/02/2026,,
SDP5Z3Q4,-19.63959027,29.2240745,1352.195,25/02/2026,,
SDP5Z3Q5,-19.63967719,29.22399854,1351.525,25/02/2026,,
SDP5Z4CR3,-19.63922018,29.22397415,1351.412,25/02/2026,,
SDP5Z4CR4,-19.63925747,29.22418728,1349.568,25/02/2026,,
SDP5Z4Q1,-19.63953384,29.22405783,1353.294,25/02/2026,,
SDP5Z4Q2,-19.63949668,29.22394837,1349.719,25/02/2026,,
SDP5Z4Q3,-19.63926802,29.22400695,1348.42,25/02/2026,,
SDP5Z4Q4,-19.63929934,29.22413709,1348.117,25/02/2026,,
SDP5Z4Q5,-19.63941164,29.22402681,1349.78,25/02/2026,,
SDP5ZCENTER,-19.63957405,29.22410226,1348.654,25/02/2026,,
SEP1Z1CR1,-19.62730978,29.26154007,1330.278,12/03/2026,,
SEP1Z1Q1,-19.62729554,29.26149536,1333.012,12/03/2026,,
SEP1Z1Q2,-19.62728064,29.26136479,1332.08,12/03/2026,,
SEP1Z1Q3,-19.62707501,29.26138659,1330.895,12/03/2026,,
SEP1Z1Q4,-19.62707639,29.26150108,1332.116,12/03/2026,,
SEP1Z1Q5,-19.62723809,29.26138675,1328.943,12/03/2026,,
SEP1Z2CR1,-19.62704985,29.26153942,1330.919,12/03/2026,,
SEP1Z2CR4,-19.62678323,29.26152749,1331.64,12/03/2026,,
SEP1Z2Q1,-19.6270032,29.26150176,1331.698,12/03/2026,,
SEP1Z2Q2,-19.62703785,29.26138084,1333.648,12/03/2026,,
SEP1Z2Q3,-19.62683843,29.26137882,1332.719,12/03/2026,,
SEP1Z2Q4,-19.62681759,29.261496,1331.705,12/03/2026,,
SEP1Z2Q5,-19.62694202,29.26140892,1331.971,12/03/2026,,
SEP1Z3CR1,-19.6273254,29.26134755,1333.381,12/03/2026,,
SEP1Z3CR2,-19.62735674,29.26115338,1334.37,12/03/2026,,
SEP1Z3CR3,-19.62708436,29.26108338,1335.275,12/03/2026,,
SEP1Z3Q1,-19.62729472,29.26127942,1330.63,12/03/2026,,
SEP1Z3Q2,-19.62730767,29.26118159,1332.405,12/03/2026,,
SEP1Z3Q3,-19.62710282,29.26110479,1331.345,12/03/2026,,
SEP1Z3Q4,-19.627085,29.26129515,1335.55,12/03/2026,,
SEP1Z3Q5,-19.62719278,29.2611983,1331.531,12/03/2026,,
SEP1Z4CR3,-19.62678987,29.26114724,1332.257,12/03/2026,,
SEP1Z4CR4,-19.62679131,29.26133985,1332.119,12/03/2026,,
SEP1Z4Q1,-19.62702255,29.26130524,1334.425,12/03/2026,,
SEP1Z4Q2,-19.62704674,29.26111314,1333.897,12/03/2026,,
SEP1Z4Q3,-19.62682531,29.26117944,1332.563,12/03/2026,,
SEP1Z4Q4,-19.62682519,29.26130562,1332.674,12/03/2026,,
SEP1Z4Q5,-19.62696949,29.26123722,1337.995,12/03/2026,,
SEP1ZCENTER,-19.62705035,29.26134004,1330.481,12/03/2026,,
SEP2Z1CR1,-19.62761139,29.26063394,1334.387,12/03/2026,,
SEP2Z1CR2,-19.6276913,29.26046479,1335.358,12/03/2026,,
SEP2Z1Q1,-19.62760101,29.26058981,1334.39,12/03/2026,,
SEP2Z1Q2,-19.62765124,29.26048312,1335.344,12/03/2026,,
SEP2Z1Q3,-19.62746066,29.26037536,1339.886,12/03/2026,,
SEP2Z1Q4,-19.62740713,29.26051433,1332.49,12/03/2026,,
SEP2Z1Q5,-19.62754013,29.2604819,1332.831,12/03/2026,,
SEP2Z2CR1,-19.62735832,29.26051411,1336.85,12/03/2026,,
SEP2Z2CR4,-19.62709293,29.26042546,1336.624,12/03/2026,,
SEP2Z2Q1,-19.62733704,29.2604694,1335.892,12/03/2026,,
SEP2Z2Q2,-19.62738852,29.26037005,1336.399,12/03/2026,,
SEP2Z2Q3,-19.62717946,29.26028845,1331.357,12/03/2026,,
SEP2Z2Q4,-19.62712888,29.26039867,1326.634,12/03/2026,,
SEP2Z2Q5,-19.62724174,29.26034859,1334.642,12/03/2026,,
SEP2Z3CR1,-19.62773678,29.26027218,1335.342,12/03/2026,,
SEP2Z3CR3,-19.62747649,29.26016802,1334.318,12/03/2026,,
SEP2Z3Q1,-19.62767128,29.26042475,1334.621,12/03/2026,,
SEP2Z3Q2,-19.62769045,29.26027213,1335.048,12/03/2026,,
SEP2Z3Q3,-19.62750459,29.26020037,1333.714,12/03/2026,,
SEP2Z3Q4,-19.62745618,29.26032293,1333.069,12/03/2026,,
SEP2Z3Q5,-19.62755174,29.26029248,1334.392,12/03/2026,,
SEP2Z4CR3,-19.62721581,29.26005344,1332.379,12/03/2026,,
SEP2Z4CR4,-19.62715785,29.26024169,1331.531,12/03/2026,,
SEP2Z4Q1,-19.6273981,29.2603218,1337.021,12/03/2026,,
SEP2Z4Q2,-19.62744286,29.26018823,1331.328,12/03/2026,,
SEP2Z4Q3,-19.62724213,29.26009852,1332.393,12/03/2026,,
SEP2Z4Q4,-19.62719765,29.26021347,1331.167,12/03/2026,,
SEP2Z4Q5,-19.62730673,29.2601795,1335.314,12/03/2026,,
SEP2ZCENTER,-19.6274325,29.26034475,1338.86,12/03/2026,,
SEP3Z1CR1,-19.62793707,29.2596433,1335.031,12/03/2026,,
SEP3Z1CR4,-19.62769955,29.25973382,1334.18,12/03/2026,,
SEP3Z1Q1,-19.62789344,29.25962016,1334.456,12/03/2026,,
SEP3Z1Q2,-19.62785029,29.25951042,1332.246,12/03/2026,,
SEP3Z1Q3,-19.62764813,29.25957267,1333.408,12/03/2026,,
SEP3Z1Q4,-19.62771774,29.25969652,1333.61,12/03/2026,,
SEP3Z1Q5,-19.62780967,29.25957333,1333.993,12/03/2026,,
SEP3Z2CR1,-19.62735224,29.25963138,1332.096,12/03/2026,,
SEP3Z2CR4,-19.6274395,29.25981052,1333.458,12/03/2026,,
SEP3Z2Q1,-19.62764854,29.25971788,1334.56,12/03/2026,,
SEP3Z2Q2,-19.62759293,29.25960615,1334.156,12/03/2026,,
SEP3Z2Q3,-19.6273896,29.25964886,1334.114,12/03/2026,,
SEP3Z2Q4,-19.62745466,29.25976109,1333.509,12/03/2026,,
SEP3Z2Q5,-19.62751056,29.25968379,1331.71,12/03/2026,,
SEP3Z3CR1,-19.62785912,29.25946615,1332.773,12/03/2026,,
SEP3Z3CR2,-19.627771,29.2592774,1333.747,12/03/2026,,
SEP3Z3CR3,-19.62752131,29.25939065,1333.207,12/03/2026,,
SEP3Z3Q1,-19.62781937,29.25944883,1332.696,12/03/2026,,
SEP3Z3Q2,-19.62775547,29.25931213,1332.921,12/03/2026,,
SEP3Z3Q3,-19.62755821,29.25940627,1334.863,12/03/2026,,
SEP3Z3Q4,-19.62762966,29.2595264,1333.002,12/03/2026,,
SEP3Z3Q5,-19.6277268,29.25945256,1330.719,12/03/2026,,
SEP3Z4CR3,-19.62724758,29.25946581,1333.948,12/03/2026,,
SEP3Z4Q1,-19.62757016,29.25953739,1331.365,12/03/2026,,
SEP3Z4Q2,-19.62750024,29.2594367,1337.33,12/03/2026,,
SEP3Z4Q3,-19.62728986,29.25948423,1334.907,12/03/2026,,
SEP3Z4Q4,-19.62735617,29.25958332,1335.558,12/03/2026,,
SEP3Z4Q5,-19.62742192,29.25950206,1335.518,12/03/2026,,
SEP3ZCENTER,-19.62761003,29.25956788,1334.25,12/03/2026,,
SEP4Z1CR1,-19.62772131,29.25845608,1331.988,12/03/2026,,
SEP4Z1CR2,-19.62771216,29.25825926,1333.726,12/03/2026,,
SEP4Z1CR4,-19.62746684,29.25856769,1333.064,12/03/2026,,
SEP4Z1Q1,-19.62768068,29.25842123,1332.839,12/03/2026,,
SEP4Z1Q2,-19.62769347,29.25831153,1333.412,12/03/2026,,
SEP4Z1Q3,-19.62750949,29.25839625,1333.9,12/03/2026,,
SEP4Z1Q4,-19.62749079,29.25852466,1333.132,12/03/2026,,
SEP4Z1Q5,-19.62759994,29.2584021,1333.716,12/03/2026,,
SEP4Z2CR1,-19.62722919,29.25851725,1332.297,12/03/2026,,
SEP4Z2CR4,-19.62722191,29.25870259,1332.7,12/03/2026,,
SEP4Z2Q1,-19.62742604,29.25855469,1333.118,12/03/2026,,
SEP4Z2Q2,-19.62745773,29.258407,1333.918,12/03/2026,,
SEP4Z2Q3,-19.62725753,29.25855859,1332.285,12/03/2026,,
SEP4Z2Q4,-19.62724781,29.25865852,1332.105,12/03/2026,,
SEP4Z2Q5,-19.62733707,29.2585554,1332.958,12/03/2026,,
SEP4Z3CR2,-19.6276809,29.25807027,1333.386,12/03/2026,,
SEP4Z3CR3,-19.62744055,29.25818531,1333.209,12/03/2026,,
SEP4Z3Q1,-19.62767965,29.25823858,1332.644,12/03/2026,,
SEP4Z3Q2,-19.62766279,29.25810665,1333.34,12/03/2026,,
SEP4Z3Q3,-19.62748422,29.25819628,1333.372,12/03/2026,,
SEP4Z3Q4,-19.62749615,29.2583191,1332.258,12/03/2026,,
SEP4Z3Q5,-19.62754909,29.25821401,1329.434,12/03/2026,,
SEP4Z4CR3,-19.62716784,29.25827078,1332.791,12/03/2026,,
SEP4Z4Q1,-19.62743047,29.25834584,1331.302,12/03/2026,,
SEP4Z4Q2,-19.62740174,29.25822893,1330.745,12/03/2026,,
SEP4Z4Q3,-19.62720038,29.25828641,1332.727,12/03/2026,,
SEP4Z4Q4,-19.62725974,29.25847845,1333.01,12/03/2026,,
SEP4Z4Q5,-19.62731801,29.25835304,1333.297,12/03/2026,,
SEP4ZCENTER,-19.62747876,29.25836601,1332.137,12/03/2026,,
SEP5Z1CR1,-19.62699692,29.26224611,1330.716,12/03/2026,,
SEP5Z1CR4,-19.62672435,29.26230467,1330.836,12/03/2026,,
SEP5Z1Q1,-19.62695706,29.26222228,1330.586,12/03/2026,,
SEP5Z1Q2,-19.62699679,29.26209518,1330.183,12/03/2026,,
SEP5Z1Q3,-19.62676636,29.26212669,1330.656,12/03/2026,,
SEP5Z1Q4,-19.62674436,29.26226708,1330.807,12/03/2026,,
SEP5Z1Q5,-19.62683655,29.26219496,1330.16,12/03/2026,,
SEP5Z2CR3,-19.62644663,29.26213982,1329.985,12/03/2026,,
SEP5Z2CR4,-19.62644834,29.26235391,1330.079,12/03/2026,,
SEP5Z2Q1,-19.62669223,29.26225259,1329.469,12/03/2026,,
SEP5Z2Q2,-19.62671003,29.26214956,1329.705,12/03/2026,,
SEP5Z2Q3,-19.62647588,29.26217592,1330.204,12/03/2026,,
SEP5Z2Q4,-19.62647873,29.26231714,1329.792,12/03/2026,,
SEP5Z2Q5,-19.62660239,29.26219206,1329.347,12/03/2026,,
SEP5Z3CR1,-19.62701946,29.26205719,1330.523,12/03/2026,,
SEP5Z3CR2,-19.62700926,29.26185239,1331.227,12/03/2026,,
SEP5Z3CR3,-19.62674898,29.26192209,1331.768,12/03/2026,,
SEP5Z3Q1,-19.62698593,29.26202601,1330.876,12/03/2026,,
SEP5Z3Q2,-19.62697675,29.26188898,1330.759,12/03/2026,,
SEP5Z3Q3,-19.62678231,29.26195528,1328.694,12/03/2026,,
SEP5Z3Q4,-19.62675958,29.26206203,1329.686,12/03/2026,,
SEP5Z3Q5,-19.62689038,29.26199769,1330.027,12/03/2026,,
SEP5Z4CR3,-19.62646414,29.26196845,1331.493,12/03/2026,,
SEP5Z4Q1,-19.6267026,29.26206944,1330.18,12/03/2026,,
SEP5Z4Q2,-19.6267174,29.26195836,1330.934,12/03/2026,,
SEP5Z4Q3,-19.6265134,29.26199441,1331.358,12/03/2026,,
SEP5Z4Q4,-19.62648361,29.26210768,1330.412,12/03/2026,,
SEP5Z4Q5,-19.62660798,29.26203699,1332.273,31/03/2026,,
SEP5ZCENTER,-19.62673949,29.2621244,1327.361,31/03/2026,,
SFP1Z1CR1,-19.52966483,29.18478546,1269.937133,24/02/2026,,
SFP1Z1CR2,-19.52968072,29.18507295,1280.876673,24/02/2026,,
SFP1Z1Q1,-19.52969502,29.18482732,1288.676532,24/02/2026,,
SFP1Z1Q2,-19.52971658,29.18504509,1288.302877,24/02/2026,,
SFP1Z1Q3,-19.52983149,29.18505108,1286.150058,24/02/2026,,
SFP1Z1Q4,-19.5298162,29.18484908,1285.084312,24/02/2026,,
SFP1Z1Q5,-19.52974812,29.18494984,1284.673268,24/02/2026,,
SFP1Z2CR1,-19.52984894,29.18480724,1288.880759,24/02/2026,,
SFP1Z2CR3,-19.53003063,29.18510335,1294.102421,24/02/2026,,
SFP1Z2CR4,-19.5300217,29.18482583,1283.614084,24/02/2026,,
SFP1Z2Q1,-19.52986983,29.18484363,1285.64384,24/02/2026,,
SFP1Z2Q2,-19.52989496,29.18506098,1292.673855,24/02/2026,,
SFP1Z2Q3,-19.5300082,29.1850574,1295.100227,24/02/2026,,
SFP1Z2Q4,-19.52999126,29.1848603,1293.637218,24/02/2026,,
SFP1Z2Q5,-19.52993847,29.18498008,1292.906914,24/02/2026,,
SFP1Z3CR3,-19.52973269,29.18535994,1295.970687,24/02/2026,,
SFP1Z3CR4,-19.52992255,29.18536704,1296.457289,24/02/2026,,
SFP1Z3Q1,-19.52982125,29.18510394,1298.559303,24/02/2026,,
SFP1Z3Q2,-19.52971719,29.18511111,1296.767477,24/02/2026,,
SFP1Z3Q3,-19.52975638,29.18531685,1281.837162,24/02/2026,,
SFP1Z3Q4,-19.52988484,29.18534,1284.741955,24/02/2026,,
SFP1Z3Q5,-19.52979835,29.18522427,1285.494977,24/02/2026,,
SFP1Z4CR4,-19.53009953,29.18538826,1297.547272,24/02/2026,,
SFP1Z4Q1,-19.52999889,29.18513708,1289.127332,24/02/2026,,
SFP1Z4Q2,-19.52989994,29.1851158,1292.35906,24/02/2026,,
SFP1Z4Q3,-19.52995492,29.18533387,1295.202143,24/02/2026,,
SFP1Z4Q4,-19.53005969,29.18535067,1292.873353,24/02/2026,,
SFP1Z4Q5,-19.53000199,29.18525693,1294.606602,24/02/2026,,
SFP1ZCENTER,-19.52986023,29.1850866,1293.623084,24/02/2026,,
SFP2Z1CR1,-19.53057573,29.18479655,1287.654183,24/02/2026,,
SFP2Z1CR2,-19.5303896,29.18479962,1275.311098,24/02/2026,,
SFP2Z1CR3,-19.53042164,29.18507523,1273.671792,24/02/2026,,
SFP2Z1Q1,-19.53055266,29.18483447,1287.356987,24/02/2026,,
SFP2Z1Q2,-19.5304173,29.18483146,1292.24451,24/02/2026,,
SFP2Z1Q3,-19.53043531,29.18504001,1291.285377,24/02/2026,,
SFP2Z1Q4,-19.53056287,29.1850523,1291.111736,24/02/2026,,
SFP2Z1Q5,-19.53048486,29.18493913,1287.949344,24/02/2026,,
SFP2Z2CR3,-19.53074738,29.18479581,1278.669685,24/02/2026,,
SFP2Z2CR4,-19.53081346,29.18507427,1290.043,24/02/2026,,
SFP2Z2Q1,-19.53072691,29.18483665,1289.185364,24/02/2026,,
SFP2Z2Q2,-19.53060776,29.18482346,1285.552073,24/02/2026,,
SFP2Z2Q3,-19.53062771,29.18504114,1287.60623,24/02/2026,,
SFP2Z2Q4,-19.53078295,29.18504324,1284.846449,24/02/2026,,
SFP2Z2Q5,-19.53068219,29.18493227,1290.770013,24/02/2026,,
SFP2Z3CR3,-19.53044866,29.18536945,1293.445965,24/02/2026,,
SFP2Z3Q1,-19.53056629,29.18511098,1295.906478,24/02/2026,,
SFP2Z3Q2,-19.53044977,29.18512002,1293.178199,24/02/2026,,
SFP2Z3Q3,-19.53047026,29.18533646,1295.182207,24/02/2026,,
SFP2Z3Q4,-19.53059538,29.185334,1295.709505,24/02/2026,,
SFP2Z3Q5,-19.53052042,29.1852133,1293.072306,24/02/2026,,
SFP2Z4CR3,-19.53063164,29.18536688,1297.107708,24/02/2026,,
SFP2Z4CR4,-19.53081005,29.18535936,1295.543492,24/02/2026,,
SFP2Z4Q1,-19.53078593,29.18510827,1298.377619,24/02/2026,,
SFP2Z4Q2,-19.53063204,29.18510593,1297.503519,24/02/2026,,
SFP2Z4Q3,-19.53066151,29.18534291,1295.243438,24/02/2026,,
SFP2Z4Q4,-19.53077533,29.18533273,1297.634443,24/02/2026,,
SFP2Z4Q5,-19.53073002,29.18520392,1291.407168,24/02/2026,,
SFP2ZCENTER,-19.53059642,29.18507088,1292.220057,24/02/2026,,
SFP3Z1CR1,-19.53130153,29.18476993,1291.686997,24/02/2026,,
SFP3Z1CR2,-19.53110651,29.18479054,1292.773825,24/02/2026,,
SFP3Z1CR3,-19.53119626,29.18502488,1293.358636,24/02/2026,,
SFP3Z1Q1,-19.53127211,29.18479876,1294.784134,24/02/2026,,
SFP3Z1Q2,-19.53115185,29.18481278,1298.789296,24/02/2026,,
SFP3Z1Q3,-19.53123491,29.18501516,1295.405082,24/02/2026,,
SFP3Z1Q4,-19.53134978,29.18500611,1294.394147,24/02/2026,,
SFP3Z1Q5,-19.53127463,29.18492844,1297.331587,24/02/2026,,
SFP3Z2CR1,-19.53146919,29.18476052,1295.497686,24/02/2026,,
SFP3Z2CR4,-19.53155677,29.18502469,1297.76779,24/02/2026,,
SFP3Z2Q1,-19.53143636,29.18479064,1294.507018,24/02/2026,,
SFP3Z2Q2,-19.53134081,29.1848054,1301.88219,24/02/2026,,
SFP3Z2Q3,-19.53140022,29.18500667,1302.147278,24/02/2026,,
SFP3Z2Q4,-19.53151821,29.18502534,1298.703775,24/02/2026,,
SFP3Z2Q5,-19.53145145,29.18490714,1297.044073,24/02/2026,,
SFP3Z3CR3,-19.53125971,29.18533418,1301.813401,24/02/2026,,
SFP3Z3CR4,-19.53143554,29.18531768,1296.892139,24/02/2026,,
SFP3Z3Q1,-19.53136419,29.18509596,1302.330173,24/02/2026,,
SFP3Z3Q2,-19.53122877,29.18508573,1302.232836,24/02/2026,,
SFP3Z3Q3,-19.53127898,29.18529499,1297.284173,24/02/2026,,
SFP3Z3Q4,-19.53140015,29.18528403,1297.810534,24/02/2026,,
SFP3Z3Q5,-19.53129995,29.18518887,1296.42356,24/02/2026,,
SFP3Z4CR4,-19.53162047,29.18530116,1302.527052,24/02/2026,,
SFP3Z4Q1,-19.53152716,29.18506092,1297.220613,24/02/2026,,
SFP3Z4Q2,-19.5314109,29.18508457,1295.811766,24/02/2026,,
SFP3Z4Q3,-19.53143944,29.18527201,1293.627082,24/02/2026,,
SFP3Z4Q4,-19.53157644,29.18528886,1294.752173,24/02/2026,,
SFP3Z4Q5,-19.53149626,29.18516548,1293.3425,24/02/2026,,
SFP3ZCENTER,-19.53138102,29.185051,1296.561903,24/02/2026,,
SFP4Z1CR1,-19.53194005,29.18446216,1290.7,24/02/2026,,
SFP4Z1CR2,-19.53176265,29.18446509,1291.49364,24/02/2026,,
SFP4Z1CR3,-19.5318393,29.18473659,1288.089339,24/02/2026,,
SFP4Z1Q1,-19.53190483,29.1844945,1287.2126,24/02/2026,,
SFP4Z1Q2,-19.53179594,29.18448566,1288.834362,24/02/2026,,
SFP4Z1Q3,-19.53186404,29.18471271,1290.797738,24/02/2026,,
SFP4Z1Q4,-19.53198793,29.18473127,1290.769327,24/02/2026,,
SFP4Z1Q5,-19.53186056,29.18459303,1290.438407,24/02/2026,,
SFP4Z2CR1,-19.53211569,29.18449218,1286.663939,24/02/2026,,
SFP4Z2CR3,-19.53219855,29.1847397,1288.241506,24/02/2026,,
SFP4Z2Q1,-19.53207965,29.18452264,1285.171653,24/02/2026,,
SFP4Z2Q2,-19.53196815,29.18451188,1286.103999,24/02/2026,,
SFP4Z2Q3,-19.53203743,29.18471325,1285.501542,24/02/2026,,
SFP4Z2Q4,-19.53216885,29.18472281,1284.217162,24/02/2026,,
SFP4Z2Q5,-19.53201303,29.18457299,1287.594652,24/02/2026,,
SFP4Z3CR3,-19.53186886,29.18501522,1285.977292,24/02/2026,,
SFP4Z3CR4,-19.53206913,29.18502251,1281.943465,24/02/2026,,
SFP4Z3Q1,-19.53199191,29.18479145,1285.185506,24/02/2026,,
SFP4Z3Q2,-19.53185851,29.18476428,1276.386028,24/02/2026,,
SFP4Z3Q3,-19.53189505,29.18497889,1280.768843,24/02/2026,,
SFP4Z3Q4,-19.53203191,29.1849896,1283.498951,24/02/2026,,
SFP4Z3Q5,-19.53194242,29.18486695,1284.076524,24/02/2026,,
SFP4Z4CR4,-19.53224779,29.18503006,1279.53267,24/02/2026,,
SFP4Z4Q1,-19.53217939,29.18478372,1285.601929,24/02/2026,,
SFP4Z4Q2,-19.53205049,29.18478011,1281.474985,24/02/2026,,
SFP4Z4Q3,-19.53209993,29.18498703,1285.112858,24/02/2026,,
SFP4Z4Q4,-19.53221073,29.18499501,1284.983533,24/02/2026,,
SFP4Z4Q5,-19.53211248,29.18486996,1290.943417,24/02/2026,,
SFP4ZCENTER,-19.53202166,29.18475298,1292.898718,24/02/2026,,
SFP5Z1CR1,-19.53239954,29.18427209,1291.143015,24/02/2026,,
SFP5Z1CR2,-19.53222023,29.18426766,1287.928038,24/02/2026,,
SFP5Z1CR3,-19.53234096,29.18452106,1292.491408,24/02/2026,,
SFP5Z1Q1,-19.53237518,29.18430688,1289.693047,24/02/2026,,
SFP5Z1Q2,-19.53225906,29.1842935,1291.776826,24/02/2026,,
SFP5Z1Q3,-19.53235122,29.18447168,1292.532531,24/02/2026,,
SFP5Z1Q4,-19.53249309,29.18449824,1288.528292,24/02/2026,,
SFP5Z1Q5,-19.53239614,29.1843825,1287.585538,24/02/2026,,
SFP5Z2CR1,-19.53259108,29.18428558,1287.343603,24/02/2026,,
SFP5Z2CR4,-19.53270516,29.18453203,1289.707063,24/02/2026,,
SFP5Z2Q1,-19.53255545,29.18431882,1290.356142,24/02/2026,,
SFP5Z2Q2,-19.53243736,29.18430349,1292.039296,24/02/2026,,
SFP5Z2Q3,-19.53255767,29.18447101,1287.465145,24/02/2026,,
SFP5Z2Q4,-19.5326742,29.18451664,1290.267543,24/02/2026,,
SFP5Z2Q5,-19.53253373,29.18437704,1288.854197,24/02/2026,,
SFP5Z3CR3,-19.53246976,29.18478194,1289.985457,24/02/2026,,
SFP5Z3CR4,-19.53265218,29.18479897,1290.487115,24/02/2026,,
SFP5Z3Q1,-19.53251046,29.18456467,1290.897578,24/02/2026,,
SFP5Z3Q2,-19.53239412,29.18454147,1293.602118,24/02/2026,,
SFP5Z3Q3,-19.53248777,29.18473356,1291.218895,24/02/2026,,
SFP5Z3Q4,-19.5326148,29.18475937,1292.120193,24/02/2026,,
SFP5Z3Q5,-19.53248385,29.18463742,1299.037553,24/02/2026,,
SFP5Z4CR4,-19.53283715,29.18480535,1298.362151,24/02/2026,,
SFP5Z4Q1,-19.53269644,29.18456615,1302.316025,24/02/2026,,
SFP5Z4Q2,-19.53256248,29.18455789,1294.562918,24/02/2026,,
SFP5Z4Q3,-19.53267629,29.18476449,1291.262585,24/02/2026,,
SFP5Z4Q4,-19.53280079,29.18476817,1299.280323,24/02/2026,,
SFP5Z4Q5,-19.53266821,29.18467505,1297.959376,24/02/2026,,
SFP5ZCENTER,-19.53253777,29.18453216,1289.337981,24/02/2026,,
